zone,price_id,method,mean_errf,mean_capacity_cost,mean_exceedance_cost,coverage,width,interval_score,tuwr,towr,ard,under_gap,over_gap
zone1,R01,CLARA,1.5835796213273228,1.3673946509687755,0.21618497035854692,0.5876941268923446,0.38332379088065666,0.6554583726834261,0.20869775298934076,0.17267357068169556,0.056565670111283606,0.02873343555250484,0.027832234558778767
zone1,R01,NMIN_10,1.584774276740916,1.3688282460878587,0.21594603065305748,0.5880276972995061,0.38372648613882604,0.6553072108643742,0.20769075951483712,0.17379666266765664,0.05661948824274285,0.028594447311030544,0.028025040931712302
zone1,R01,NMIN_20,1.5846958980262136,1.3687311491076806,0.21596474891853298,0.5879923574138955,0.3836992117061917,0.6553130602045814,0.20773286313305525,0.1735733448705634,0.05659052339152852,0.028597856488751138,0.027992666902777383
zone1,R01,NMIN_30,1.584472405908437,1.3684499948324218,0.21602241107601533,0.587910765947468,0.3836202357861752,0.6552662201530931,0.20794011955214511,0.17320492355773134,0.05654629566686757,0.028614468489515706,0.02793182717735187
zone1,R01,NMIN_50,1.5833776838356024,1.3671249789171656,0.21625270491843693,0.5875804349427162,0.38324804030436166,0.6554473062435134,0.2088858633294159,0.17211047616649214,0.056513600928057926,0.028760991882133453,0.027752609045924477
zone1,R01,NU_0,1.5838643522357894,1.3677226822003221,0.21614167003546725,0.5877640811402042,0.38341593448502365,0.655428109529099,0.20779991046993848,0.1726703243281715,0.0565072705561713,0.02867022685607222,0.027837043700099085
zone1,R01,NU_10,1.583711423387405,1.3675488233137973,0.2161626000736074,0.5877423670547225,0.3833670977191459,0.6554237976764272,0.20808937209217707,0.17289687307570448,0.056544238909340204,0.028704379221185655,0.027839859688154552
zone1,R01,NU_100,1.583431091478258,1.3673069220034761,0.2161241694747817,0.5878210940754528,0.3832991479128759,0.6553949404644611,0.20863815122285112,0.17365002616414513,0.05673181329371716,0.028760349509502743,0.027971463784214418
zone1,R01,NU_30,1.5835501177729565,1.3673711163980327,0.2161790013749238,0.5877464634297314,0.38331718004617826,0.655451230053757,0.20839941561371475,0.17308481432298334,0.05663432451405016,0.02874238108217226,0.0278919434318779
zone1,R01,NU_60,1.5836337958903517,1.3675091622709281,0.21612463361942383,0.5878204450977097,0.38335595697676683,0.6554225343260764,0.20837493001091273,0.17377027512248683,0.056716619968297605,0.028752321186341953,0.027964298781955655
zone1,R01,TOL_0.5,1.6521147885924599,1.4532208273808471,0.19889396121161257,0.6127280773866948,0.4074322674009015,0.6493213568351911,0.09629427998053806,0.24161406404438915,0.05205469466843876,0.013639963965095958,0.03841473070334281
zone1,R01,TOL_1,1.5835796213273228,1.3673946509687755,0.21618497035854692,0.5876941268923446,0.38332379088065666,0.6554583726834261,0.20869775298934076,0.17267357068169556,0.056565670111283606,0.02873343555250484,0.027832234558778767
zone1,R01,TOL_2,1.5506904928466732,1.325111597124357,0.2255788957223161,0.5743000793230177,0.3714465285648087,0.6594022005451277,0.2707720641113235,0.1456560404586421,0.06078013906206394,0.03764758386020835,0.023132555201855597
zone1,R02,CLARA,1.8118252887708322,1.3902529795487197,0.42157230922211225,0.5951539941040279,0.3897446696952477,0.6530672189932943,0.1769934776290983,0.19576435140166532,0.05570394213718835,0.024507480592135634,0.03119646154505272
zone1,R02,NMIN_10,1.8127412597684152,1.391693091191008,0.42104816857740707,0.5955164977301896,0.3901491954374635,0.6528971154944392,0.17547878660590116,0.19733867552697312,0.055843694163414614,0.02439850763219025,0.031445186531224356
zone1,R02,NMIN_20,1.8126661460485711,1.39156148544159,0.42110466060698126,0.5954774556585669,0.3901122275303236,0.6528993475461724,0.17551692803484767,0.197131113696014,0.055808627838121565,0.02440127024449095,0.031407357593630614
zone1,R02,NMIN_30,1.8125787827880244,1.391385015287608,0.4211937675004165,0.5954133768390735,0.3900626572623511,0.6528678995197392,0.17575950181156333,0.19691878441196667,0.05575085265855801,0.024402399144459467,0.03134845351409854
zone1,R02,NMIN_50,1.8117199965561523,1.3900842556514648,0.4216357409046876,0.5951031952662865,0.38969727534208615,0.653056725497743,0.1770516789310931,0.19550502186339838,0.05567157946396193,0.02451514520256315,0.031156434261398778
zone1,R02,NU_0,1.812170206716739,1.3908592954813739,0.4213109112353652,0.5953248341039308,0.38991498315947637,0.6530810932500319,0.17634921365437034,0.19598064627719547,0.05568241935213204,0.024408609526368977,0.03127380982576306
zone1,R02,NU_10,1.812165604127935,1.390787485332495,0.4213781187954403,0.5953077088410835,0.3898948117693418,0.6530885893152617,0.17672892450270958,0.19640115009573433,0.055752677099740085,0.024457957780068703,0.03129471931967138
zone1,R02,NU_100,1.8114356093038555,1.389738063510082,0.4216975457937735,0.5951845682414277,0.38960003035855173,0.6529954700370917,0.1776166464464766,0.1959483493604791,0.05588501995170058,0.02458920039890256,0.03129581955279802
zone1,R02,NU_30,1.8118612766332238,1.3903167029226562,0.4215445737105677,0.5952068712162535,0.3897625695193872,0.6530849057142967,0.17683664060943707,0.19591550645641279,0.055721904824247805,0.024496407243574245,0.031225497580673563
zone1,R02,NU_60,1.8116906977302922,1.3900311886022854,0.42165950912800676,0.5952301787885493,0.3896823688675976,0.6530632158255277,0.1771300025452102,0.1962036198039855,0.05583679923254001,0.024543681077623718,0.03129311815491629
zone1,R02,TOL_0.5,1.8608213310260016,1.4690826029883193,0.39173872803768234,0.6182089946193805,0.41188782234682053,0.6500758482083828,0.08305042053070623,0.2663653374116591,0.05403238469142033,0.011857038051697735,0.0421753466397226
zone1,R02,TOL_1,1.8118252887708322,1.3902529795487197,0.42157230922211225,0.5951539941040279,0.3897446696952477,0.6530672189932943,0.1769934776290983,0.19576435140166532,0.05570394213718835,0.024507480592135634,0.03119646154505272
zone1,R02,TOL_2,1.786151190690241,1.3438052188659473,0.4423459718242936,0.580320457259098,0.37669754590795207,0.6578436997667787,0.2456256678840279,0.15989640996716364,0.05938700670735451,0.03390041851918145,0.025486588188173058
zone1,R10,CLARA,3.2273406260720074,1.600011914743628,1.6273287113283792,0.6803112839453059,0.44866571890730056,0.6600563321166728,0.0579092406718946,0.5778615458057047,0.10405336038213878,0.005641139257326271,0.09841222112481252
zone1,R10,NMIN_10,3.2276289187493097,1.6003145850893492,1.6273143336599607,0.6802570766861447,0.4487507386673346,0.6597479442943663,0.05692484189165439,0.57801867430342,0.1038550176674386,0.005571020599502657,0.09828399706793593
zone1,R10,NMIN_20,3.2276572434337956,1.6004557815436793,1.6272014618901165,0.6802738405200144,0.4487904005927083,0.6597585986271618,0.05691542030369565,0.578125166046382,0.1038724167848529,0.005570156051662391,0.09830226073319051
zone1,R10,NMIN_30,3.2275121899868195,1.6008087612555364,1.626703428731283,0.6803793982180512,0.44888955219716253,0.6597912367236821,0.056893774822713836,0.5782335592879707,0.1039711419620082,0.005567215931410361,0.09840392603059785
zone1,R10,NMIN_50,3.2272434909168637,1.5998329510209626,1.627410539895901,0.680300553410496,0.4486154481986867,0.6600980036187578,0.05808257744383137,0.5778604035882037,0.10406180944874074,0.005651066280334261,0.09841074316840648
zone1,R10,NU_0,3.228512207076677,1.5994914509934024,1.6290207560832748,0.6800351081319772,0.4485195212246529,0.659724759847347,0.0575144073827417,0.5769164433361,0.1037277944891414,0.005612456140948106,0.0981153383481933
zone1,R10,NU_10,3.2280742905895523,1.5994564734592003,1.6286178171303523,0.6801291738398256,0.4485096960745961,0.6597294959295272,0.057457151415646376,0.5773625392407253,0.10386330353034416,0.005628961630186073,0.09823434190015808
zone1,R10,NU_100,3.224767951779146,1.6024140771382818,1.6223538746408646,0.6810257843074359,0.44934048362489987,0.6602381788215519,0.05843610765593972,0.5809342462070615,0.10487751297447542,0.005680520260563388,0.09919699271391202
zone1,R10,NU_30,3.2265494572228297,1.6003804943932345,1.6261689628295952,0.6803906234445803,0.4487692525167405,0.6597348927545673,0.05774020448566284,0.5783710175484791,0.10413719646039608,0.005638573317428592,0.09849862314296748
zone1,R10,NU_60,3.226336258895169,1.601689476290001,1.624646782605168,0.6807001617570768,0.4491369440607761,0.6599849499850537,0.05803757918336098,0.57919413062188,0.10446937503195788,0.005643554611615171,0.09882582042034271
zone1,R10,TOL_0.5,3.2338622459337305,1.6287772165504193,1.6050850293833112,0.6858880030152719,0.45674585986426436,0.6613077690385548,0.041126035806902536,0.6008613879558259,0.10608748003919655,0.0038114959920945157,0.10227598404710203
zone1,R10,TOL_1,3.2273406260720074,1.600011914743628,1.6273287113283792,0.6803112839453059,0.44866571890730056,0.6600563321166728,0.0579092406718946,0.5778615458057047,0.10405336038213878,0.005641139257326271,0.09841222112481252
zone1,R10,TOL_2,3.2251198383338995,1.587240706839512,1.6378791314943875,0.6779816695282588,0.4450783009567062,0.6632385078707986,0.07298944685884755,0.57248503281701,0.1049930167431747,0.007324642585856829,0.09766837415731787
zone1,R20,CLARA,4.816696236333972,1.6412371570753232,3.1754590792586486,0.6894260146860159,0.4602458431577767,0.6625331532455476,0.04393892039103042,0.6228445371514368,0.10973092166494751,0.0038115564294686675,0.10591936523547886
zone1,R20,NMIN_10,4.818156948607216,1.6406844604191269,3.1774724881880885,0.6892615505135077,0.4600905912880586,0.6624407519990885,0.04357681601159668,0.6226818724838084,0.10949350831334848,0.0037793575623299757,0.1057141507510185
zone1,R20,NMIN_20,4.818018147970267,1.6408497555983377,3.1771683923719287,0.6892772956619352,0.46013702251817407,0.662433211068426,0.04350489667906223,0.6227870222320762,0.10951116165894666,0.003779380577348779,0.10573178108159788
zone1,R20,NMIN_30,4.817235472917362,1.6412014737360798,3.176033999181283,0.6893902954039407,0.4602358197478769,0.6624472505923296,0.04347240013182037,0.6230782148748973,0.10961784614259688,0.003776487403079026,0.10584135873951786
zone1,R20,NMIN_50,4.816678240828687,1.6410765367323137,3.1756017040963735,0.6894212322834926,0.46020072508389764,0.6625682229518849,0.04392644308385557,0.6228617874533171,0.10974151619623958,0.00381939362947699,0.10592212256676259
zone1,R20,NU_0,4.819484139447145,1.6401641144088266,3.179320025038318,0.6891634507875447,0.4599444266784238,0.6624980496518582,0.04379822701703634,0.6222021784369312,0.10942853732523729,0.0037940514462783516,0.10563448587895893
zone1,R20,NU_10,4.818645289473391,1.6399953305223371,3.1786499589510546,0.689139230121171,0.45989701547435363,0.662581808601624,0.04436530951864761,0.6216762092735284,0.1095142467300894,0.0038489808323001165,0.10566526589778928
zone1,R20,NU_100,4.809124818814106,1.6444071048100712,3.164717714004035,0.6903571818841178,0.4611362779147284,0.6628387332867647,0.04324392736494413,0.6263957144346303,0.11060893960226355,0.003764829442021303,0.10684411016024223
zone1,R20,NU_30,4.816322151638001,1.6414776662918076,3.1748444853461932,0.6894772891861168,0.46031340192645215,0.6627162588628974,0.04436102650546622,0.6243899165238269,0.10977778250569725,0.0038076451348204718,0.10597013737087678
zone1,R20,NU_60,4.8122081153643235,1.6426208398737332,3.1695872754905907,0.6898470833323694,0.4606345181011503,0.66287401211232,0.04419368160841886,0.6250710104154596,0.11022050922775435,0.0038372137621153824,0.10638329546563896
zone1,R20,TOL_0.5,4.807775304565131,1.659734708552575,3.1480405960125557,0.692785686682946,0.46544178458397106,0.6635393955797791,0.033999828361382475,0.6382291351540672,0.11125908392404987,0.002850718306666244,0.10840836561738362
zone1,R20,TOL_1,4.816696236333972,1.6412371570753232,3.1754590792586486,0.6894260146860159,0.4602458431577767,0.6625331532455476,0.04393892039103042,0.6228445371514368,0.10973092166494751,0.0038115564294686675,0.10591936523547886
zone1,R20,TOL_2,4.817764527139218,1.63439490446813,3.183369622671089,0.6883720925036193,0.4583238620883404,0.6633422546099267,0.050791464861291914,0.6185232119188182,0.10987984040873136,0.0044290411192982135,0.10545079928943316
zone1,Rref,CLARA,2.5021558980069663,1.5455634089467747,0.9565924890601913,0.6639235874611898,0.4333711948070609,0.6567050768676601,0.0807859161935759,0.5032183989876813,0.0943190378920191,0.009156788718511836,0.08516224917350726
zone1,Rref,NMIN_10,2.5025422361166365,1.5459038820830546,0.9566383540335816,0.6638839547240603,0.43346683332848784,0.6564390015134723,0.079943904412772,0.5030992670966475,0.09414961219357566,0.009089297324601429,0.08506031486897424
zone1,Rref,NMIN_20,2.502601140207612,1.5460353005089769,0.9565658396986353,0.6639013522851378,0.4335037486166682,0.6564219899882903,0.07981257273335518,0.503193847378825,0.0941529666338768,0.00908103930088658,0.08507192733299024
zone1,Rref,NMIN_30,2.5025761644455944,1.5462676455634417,0.956308518882153,0.6639825008299114,0.4335690140814055,0.6564202547009262,0.07972657111643956,0.503580144863539,0.09421977868185165,0.009074292477232768,0.08514548620461887
zone1,Rref,NMIN_50,2.5021639538279286,1.5455870720949274,0.9565768817330013,0.6639278773920213,0.4333778417587892,0.6566761653792382,0.08072889645518481,0.5032326526326093,0.09431430346577954,0.009152141799178998,0.08516216166660055
zone1,Rref,NU_0,2.5025543164831046,1.5456009479546131,0.956953368528491,0.6638584818063141,0.433381739472184,0.6565145830205639,0.08077732832210208,0.5025574394969545,0.09424778129138076,0.00916197914160188,0.08508580214977887
zone1,Rref,NU_10,2.5023874122084946,1.5457114670241865,0.9566759451843078,0.6639344589791466,0.43341278415464846,0.6565815843607397,0.08088980179735814,0.50328240084805,0.09435514853525469,0.00917115383823355,0.08518399469702113
zone1,Rref,NU_100,2.501099463987551,1.5463553240352617,0.9547441399522896,0.6644184729063012,0.43359364286562463,0.6566492190086995,0.08042456427707735,0.5059726326882268,0.09474298020270126,0.009096983440393312,0.08564599676230795
zone1,Rref,NU_30,2.5021052162938258,1.5457815798300436,0.956323636463782,0.6640133398090942,0.43343247876303526,0.6567421098162556,0.0811730254007109,0.5036573750825069,0.09446041710973936,0.00917679170274933,0.08528362540699003
zone1,Rref,NU_60,2.501515583629804,1.545943324500841,0.9555722591289635,0.6642335162648175,0.4334779126593266,0.6566813183319365,0.08039014752459404,0.5040420332801703,0.09451009088623033,0.009093805329992375,0.08541628555623797
zone1,Rref,TOL_0.5,2.5192636304362064,1.5862180141154056,0.9330456163208012,0.6730115241191225,0.44479102771959755,0.6572293945730016,0.04797034072744709,0.5380597842373431,0.09553570136373896,0.005109465145353905,0.09042623621838505
zone1,Rref,TOL_1,2.5021558980069663,1.5455634089467747,0.9565924890601913,0.6639235874611898,0.4333711948070609,0.6567050768676601,0.0807859161935759,0.5032183989876813,0.0943190378920191,0.009156788718511836,0.08516224917350726
zone1,Rref,TOL_2,2.495178486041173,1.5257383279762875,0.9694401580648859,0.65916789355662,0.42780235183782284,0.6604220686170784,0.10526009383743622,0.49281534995616305,0.0960674620060589,0.01249442037042567,0.08357304163563324
zone10,R01,CLARA,1.8863399868152642,1.6533260837710246,0.2330139030442396,0.592061143854156,0.4635810500059268,0.7473400692179972,0.17920511687343188,0.1807216933118634,0.05263155442500325,0.024166221739286505,0.028465332685716743
zone10,R01,NMIN_10,1.886724654713922,1.653875802482592,0.2328488522313302,0.592204909883742,0.4637354653743446,0.7473865342225605,0.17907882180449378,0.18211775682383613,0.05276107341387688,0.024153793687880624,0.02860727972599626
zone10,R01,NMIN_20,1.886680496110068,1.6538063523801625,0.23287414372990567,0.592188091925205,0.463715956918606,0.747381682339958,0.17906202559051668,0.18200842921412771,0.05273810832489953,0.024151527454666647,0.028586580870232883
zone10,R01,NMIN_30,1.8865788155045464,1.6536522577862323,0.23292655771831433,0.5921368076948023,0.4636726719203109,0.7473728987250624,0.17944303497510133,0.18178561068336282,0.05274251033325674,0.024179067225983925,0.02856344310727282
zone10,R01,NMIN_50,1.8863584281824406,1.653347323708997,0.23301110447344364,0.5920740328610647,0.46358701628063814,0.7473085857275799,0.17921839492821645,0.18078067504659595,0.05263058961050796,0.024159281398957514,0.028471308211550445
zone10,R01,NU_0,1.8867857091360254,1.6536827637283547,0.23310294540767088,0.5920794627233223,0.4636812410051768,0.747005993248807,0.17804739910805814,0.18066137948010072,0.052465213174663766,0.024065699216029753,0.028399513958634017
zone10,R01,NU_10,1.886722890414547,1.6537396039701626,0.2329832864443845,0.5921762260861085,0.4636972073652352,0.7471749962158587,0.17826917406742387,0.18100334394439113,0.052550027499330416,0.024065675812828327,0.02848435168650209
zone10,R01,NU_100,1.8870905515881333,1.6542564365020174,0.2328341150861161,0.5923680455407608,0.4638423850427225,0.747313016879541,0.17892039893834277,0.1824376395946085,0.052826304070524764,0.024112285976900644,0.028714018093624127
zone10,R01,NU_30,1.8869545576638842,1.6540682199413195,0.2328863377225649,0.5922769697725414,0.46378951522230183,0.7471351851078747,0.17853027318966824,0.1814771264273049,0.05266495190929845,0.0240729516386711,0.02859200027062735
zone10,R01,NU_60,1.8871509565267426,1.6543479423608538,0.23280301416588892,0.5923486710649142,0.4638680889356541,0.747321526522551,0.17883727388158005,0.1818328805303897,0.05275174511678975,0.02408287697498075,0.028668868141808995
zone10,R01,TOL_0.5,1.946617439781331,1.7295435367132161,0.2170739030681148,0.6146569100999235,0.4849904468998008,0.7388870005618876,0.081553805376055,0.24931615405010846,0.049596759900792646,0.011007168399251538,0.03858959150154111
zone10,R01,TOL_1,1.8863399868152642,1.6533260837710246,0.2330139030442396,0.592061143854156,0.4635810500059268,0.7473400692179972,0.17920511687343188,0.1807216933118634,0.05263155442500325,0.024166221739286505,0.028465332685716743
zone10,R01,TOL_2,1.8590483776411977,1.6183373498261413,0.24071102781505616,0.580832162811965,0.4537527539539934,0.7508851623058863,0.2207500045542389,0.14258356308021275,0.053500855593981655,0.030308502971294286,0.023192352622687373
zone10,R02,CLARA,2.130967631244372,1.6742709802315574,0.45669665101281454,0.598403947512758,0.46946444788809893,0.7449558326846213,0.15584343714381232,0.2013525843891492,0.05221046039233942,0.020710423162555947,0.03150003722978347
zone10,R02,NMIN_10,2.1309592999870155,1.6745143091072325,0.456444990879783,0.5984179722565239,0.4695327986958729,0.7449871143423792,0.15634303570460437,0.20188724600415392,0.0523358172304683,0.020768365119321144,0.03156745211114716
zone10,R02,NMIN_20,2.130930972799588,1.6744166429702012,0.4565143298293869,0.5983716068809068,0.469505364387718,0.7449912833499494,0.15638906178361522,0.2015950033694025,0.05231156470638536,0.020780255518319118,0.03153130918806624
zone10,R02,NMIN_30,2.1308581210630733,1.6742184446122226,0.45663967645085063,0.5983372618948921,0.4694496906916566,0.7449788820027118,0.15649604809049117,0.20165739596398105,0.0523274460609676,0.020802520509895762,0.031524925551071836
zone10,R02,NMIN_50,2.1309761228621285,1.674282506051483,0.4566936168106457,0.5983937412765439,0.4694676854779657,0.7448712866789536,0.15584285684832586,0.2011801440342285,0.05220667631667891,0.020713955399255458,0.03149272091742345
zone10,R02,NU_0,2.131266817384998,1.6745286812534668,0.456738136131531,0.5984483447901565,0.4695368358156016,0.7448354440145027,0.15435307870591056,0.20177892345232745,0.05204977439479747,0.02059920314214541,0.03145057125265207
zone10,R02,NU_10,2.1309670020637266,1.674172947650606,0.45679405441312027,0.5984095005643403,0.4694369106462587,0.7448310666170534,0.1546995343143674,0.2012729346585548,0.052107667101406276,0.02064883236804224,0.031458834733364034
zone10,R02,NU_100,2.131211198588989,1.6748333720398774,0.45637782654911163,0.59849432965217,0.4696224231151552,0.7448278919178051,0.15602248888419168,0.20212874674948597,0.05233904594410575,0.020739605379045036,0.031599440565060706
zone10,R02,NU_30,2.1308949790451415,1.6742580901822344,0.45663688886290715,0.5984376599811467,0.46946082708772724,0.744953588589803,0.1556739268262572,0.2016528945381779,0.052242475345423076,0.020708516556371286,0.03153395878905178
zone10,R02,NU_60,2.131049957921229,1.6746898174177287,0.4563601405035002,0.5985109579685483,0.4695820987830909,0.7448939570329777,0.15569115908634817,0.2016597414948806,0.05228326442470765,0.020699367628191138,0.031583896796516506
zone10,R02,TOL_0.5,2.171527737280711,1.7427492252555623,0.42877851202514833,0.618933583784798,0.4886999099734936,0.7377865648869718,0.06865897697565272,0.26978264299854726,0.050480129194936565,0.009284992797437261,0.041195136397499305
zone10,R02,TOL_1,2.130967631244372,1.6742709802315574,0.45669665101281454,0.598403947512758,0.46946444788809893,0.7449558326846213,0.15584343714381232,0.2013525843891492,0.05221046039233942,0.020710423162555947,0.03150003722978347
zone10,R02,TOL_2,2.107854850479025,1.6332601790975998,0.474594671381425,0.5855825473089817,0.4579445599291221,0.7499163684404587,0.2033221687796153,0.1585927232704315,0.05311426283496156,0.02769810219518099,0.025416160639780562
zone10,R10,CLARA,3.669094786357613,1.8765671416850418,1.7925276446725718,0.673139631642241,0.5262892123413249,0.7439791615234844,0.05354331698380586,0.5795097751203377,0.09606440081221032,0.005000791909973596,0.09106360890223672
zone10,R10,NMIN_10,3.669831726993275,1.8759617444574748,1.7938699825358004,0.6729762769020711,0.526119156940323,0.7445274521325652,0.053636109154993845,0.5792871928862976,0.09590218708890509,0.0050034407851899595,0.09089874630371514
zone10,R10,NMIN_20,3.6697371701233226,1.8760745481128558,1.7936626220104666,0.672994009144217,0.5261508433603738,0.7440074326338395,0.05363366839149699,0.5791586191470569,0.09592528488518023,0.005003981729732193,0.09092130315544807
zone10,R10,NMIN_30,3.6695476785962846,1.876167721573493,1.793379957022792,0.6730341512156672,0.5261770156807775,0.7440150966654776,0.05340717670821706,0.579341985497213,0.09594619143779828,0.0049942826128362774,0.090951908824962
zone10,R10,NMIN_50,3.6690847499004415,1.8765621218682986,1.7925226280321434,0.6731423192348139,0.5262878022804419,0.7439806154468205,0.05349365663373418,0.5795097751203377,0.0960608694353713,0.004997597797534598,0.0910632716378367
zone10,R10,NU_0,3.670804842647517,1.8750226871299083,1.7957821555176088,0.6726354421753699,0.5258553767921301,0.7438623023862402,0.053479822518071526,0.5781998315055537,0.09553733016212906,0.0049951582431578346,0.09054217191897122
zone10,R10,NU_10,3.6699032499491504,1.875995339753956,1.7939079101951942,0.6729842562110573,0.5261285938213569,0.7439124771764691,0.0533226418802041,0.5798275358410568,0.09584477157611532,0.0049755501237904835,0.09086922145232484
zone10,R10,NU_100,3.665322552327924,1.8806370744120007,1.7846854779159234,0.6744918058161552,0.5274324518713696,0.7440361749845636,0.052358559509749714,0.5856625901411602,0.0970769520233272,0.004821641396503231,0.09225531062682396
zone10,R10,NU_30,3.6683239179327853,1.8770253245062256,1.79129859342656,0.6734028051192746,0.5264179153809833,0.743822857613033,0.05325679499651384,0.580544953088038,0.09626203298897315,0.004969023869810069,0.09129300911916308
zone10,R10,NU_60,3.6670387580900634,1.8785943848322189,1.7884443732578446,0.6738830583095361,0.5268586626635656,0.7438755353191665,0.05299717958273685,0.5829915628986145,0.09667755874901227,0.004934203181533291,0.09174335556747898
zone10,R10,TOL_0.5,3.6694898740564104,1.895555040397236,1.7739348336591743,0.6787182395071863,0.5316228917548625,0.7423150577867192,0.03370189046177297,0.6070821522432518,0.09763167971945651,0.0028953660901570146,0.09473631362929948
zone10,R10,TOL_1,3.669094786357613,1.8765671416850418,1.7925276446725718,0.673139631642241,0.5262892123413249,0.7439791615234844,0.05354331698380586,0.5795097751203377,0.09606440081221032,0.005000791909973596,0.09106360890223672
zone10,R10,TOL_2,3.667805327254712,1.8654454263067108,1.8023599009480016,0.6708578570264515,0.5231651349878611,0.7487532647596317,0.06689382448584692,0.5724776087189362,0.0964866748561672,0.006379084655196459,0.09010759020097074
zone10,R20,CLARA,5.42223622355091,1.9095551913419713,3.512681032208939,0.6823738196684007,0.535555518424732,0.7440546551303296,0.03509117885038595,0.6260718847156757,0.10117524786888994,0.0028637990528127136,0.09831144881607724
zone10,R20,NMIN_10,5.425033705337854,1.9086520661747701,3.5163816391630847,0.6821050469339127,0.5353018315800125,0.744542909516436,0.03530687381957564,0.6253402611322199,0.10094883170840363,0.0028714478794813233,0.09807738382892231
zone10,R20,NMIN_20,5.424702084433233,1.9087722014422135,3.5159298829910193,0.682127654620676,0.535335577441654,0.7440200277373153,0.035257011608096245,0.6252343125261108,0.10097300437551715,0.002870591528015598,0.09810241284750154
zone10,R20,NMIN_30,5.424245234556416,1.9088636856420031,3.5153815489144127,0.6821559714477402,0.5353612752505837,0.7440356896575038,0.03514067620138676,0.6254384385903373,0.10099159881465437,0.0028659573915925354,0.09812564142306184
zone10,R20,NMIN_50,5.422187667143482,1.9095497453190935,3.5126379218243886,0.682377064924989,0.5355539886430247,0.743965266668743,0.035004460901293936,0.6260718847156757,0.10117215257731836,0.002860525911007295,0.09831162666631106
zone10,R20,NU_0,5.425701838044239,1.9079030424543462,3.5177987955898917,0.681947260286012,0.5350914316585452,0.7439011345102327,0.03524814018287262,0.6254523592760027,0.1007728983254592,0.002878001356205103,0.09789489696925409
zone10,R20,NU_10,5.422785141938726,1.9091748937111281,3.5136102482275975,0.6823600952728668,0.535448693247529,0.7438335979523398,0.03511685296529397,0.6264607160911497,0.1011637671720665,0.002865985356836998,0.09829778181522951
zone10,R20,NU_100,5.411768901768108,1.9134033751406432,3.498365526627464,0.683422150638317,0.536636468929977,0.743904453154515,0.0343371250160457,0.6308714630374005,0.10209008594326312,0.0027780009963814427,0.09931208494688168
zone10,R20,NU_30,5.419191552897503,1.9106134770127574,3.508578075884746,0.682677906263336,0.5358527896805708,0.7439052166156993,0.0351142303430892,0.6274192337112091,0.10150442715244265,0.0028707562229241665,0.09863367092951848
zone10,R20,NU_60,5.416108889202943,1.912017526248865,3.5040913629540777,0.6829542655115663,0.5362471855334101,0.7438430158402916,0.03475010870999359,0.628055459066824,0.10170294154722823,0.0028333811407315244,0.09886956040649669
zone10,R20,TOL_0.5,5.414821266337784,1.920132683818538,3.4946885825192453,0.684890612662462,0.5385267241765765,0.7435860917202346,0.028257360652294134,0.6398047354686016,0.10244636823298178,0.002192191690487518,0.10025417654249426
zone10,R20,TOL_1,5.42223622355091,1.9095551913419713,3.512681032208939,0.6823738196684007,0.535555518424732,0.7440546551303296,0.03509117885038595,0.6260718847156757,0.10117524786888994,0.0028637990528127136,0.09831144881607724
zone10,R20,TOL_2,5.426124123377507,1.9040770196052978,3.5220471037722096,0.6811489163232198,0.5340167061391496,0.7458527592459196,0.04264707054288811,0.6226334386486801,0.1013086640234898,0.003563477952597714,0.09774518607089208
zone10,Rref,CLARA,2.8776519105490395,1.8343605457136707,1.0432913648353692,0.6595152436087023,0.5144334269561083,0.744076761975368,0.06879167144184867,0.5173596500726031,0.08693401006976112,0.007285566792682029,0.07964844327707908
zone10,Rref,NMIN_10,2.8777490517173105,1.8339607536695062,1.0437882980478044,0.659415082481824,0.5143211258201071,0.7446289470780625,0.068991152605132,0.5168815511165752,0.08689000710171867,0.0073254288596124794,0.07956457824210618
zone10,Rref,NMIN_20,2.8777537054510858,1.8340559501054376,1.0436977553456486,0.6594410349813034,0.5143478663919979,0.7441042967442338,0.06898581036420283,0.5168460041382413,0.08690844683544297,0.00732135292782984,0.07958709390761312
zone10,Rref,NMIN_30,2.8776620508770216,1.8341419228832687,1.0435201279937527,0.6595009971492243,0.514372016048692,0.7441058603693204,0.0688663645012874,0.5170953850978289,0.08696082705972923,0.007316361130485648,0.07964446592924358
zone10,Rref,NMIN_50,2.877644932148058,1.8343576509809143,1.0432872811671436,0.659516859669856,0.5144326138289296,0.7440761717676743,0.06877678766170267,0.5173596500726031,0.08693234463727605,0.007283875041610885,0.07964846959566517
zone10,Rref,NU_0,2.8782661730962276,1.8337806891107844,1.0444854839854432,0.6593672215395093,0.5142705458878818,0.7442979418770753,0.06819911908016403,0.5162482104792455,0.08662913424431079,0.007202985932622331,0.07942614831168845
zone10,Rref,NU_10,2.8781175561380006,1.834434962786051,1.0436825933519496,0.6595982894811472,0.5144543306281253,0.7443225883993789,0.06840335287976848,0.5179006923102331,0.08682240643685789,0.007184492376911906,0.07963791405994598
zone10,Rref,NU_100,2.876572876403844,1.8364752805291633,1.0400975958746808,0.6604923385948406,0.5150274535896736,0.7443318996643291,0.0694423188839816,0.5222822194840453,0.08800794546336585,0.007337782163977148,0.0806701632993887
zone10,Rref,NU_30,2.8778327205868393,1.8355136504185452,1.0423190701682943,0.6599724489876491,0.5147573327720844,0.7441348615067718,0.06847674501796693,0.5200833083170534,0.08718045788879192,0.007175292289805937,0.08000516559898599
zone10,Rref,NU_60,2.877130824375057,1.8361662248433805,1.0409645995316763,0.6602846303804477,0.5149406401947909,0.7441275449113813,0.0687500012357818,0.5216008236316975,0.08760164461354436,0.007228088536854785,0.08037355607668958
zone10,Rref,TOL_0.5,2.8875835432419863,1.8631653328705489,1.0244182103714377,0.6681878810973773,0.522524659303546,0.7401481435191253,0.03834006224328485,0.5560798140284059,0.08861489564488549,0.00366515880733542,0.08494973683755006
zone10,Rref,TOL_1,2.8776519105490395,1.8343605457136707,1.0432913648353692,0.6595152436087023,0.5144334269561083,0.744076761975368,0.06879167144184867,0.5173596500726031,0.08693401006976112,0.007285566792682029,0.07964844327707908
zone10,Rref,TOL_2,2.8695648072402125,1.8133294535739533,1.0562353536662592,0.6546835903229393,0.5085258168045023,0.7503429338183717,0.09566182291943275,0.503798018605467,0.08840553171247745,0.010512417143909318,0.07789311456856814
zone2,R01,CLARA,1.5501384299677086,1.344738267338597,0.20540016262911157,0.5753098347946285,0.37750082262771956,0.6494664240565216,0.2700101664824328,0.16004262392395557,0.06559474941477657,0.03981816503895448,0.02577658437582209
zone2,R01,NMIN_10,1.5508076692805275,1.3456273058428956,0.20518036343763213,0.5756402037141416,0.3777505525446573,0.6495582711289978,0.2688384313525779,0.16199892365692647,0.06570267030861406,0.03971697312899621,0.02598569717961784
zone2,R01,NMIN_20,1.5508160292956128,1.3456541851183752,0.20516184417723748,0.5756734210988935,0.3777581029029381,0.6494823287522254,0.26902137159380857,0.16196285923539966,0.06563632793307539,0.03966161269851213,0.025974715234563264
zone2,R01,NMIN_30,1.5506623274095435,1.3453993923426426,0.2052629350669007,0.5755647949378452,0.37768653189851886,0.6494650089450708,0.2693937441132967,0.16151704746905607,0.0656150177927008,0.03970689020683141,0.025908127585869387
zone2,R01,NMIN_50,1.549880552289019,1.3444470271361286,0.20543352515289057,0.5752751987519233,0.3774190135820823,0.6493598379738679,0.2703942564380384,0.15960015643203754,0.0655427264258985,0.03980614470048852,0.02573658172540998
zone2,R01,NU_0,1.5504542922460238,1.3451176254744657,0.20533666677155826,0.5752554415885017,0.3776073839018399,0.6495202716165926,0.270128426763078,0.16027186659733494,0.06564890682035432,0.039873867515231,0.02577503930512333
zone2,R01,NU_10,1.5504382419658094,1.345097209672476,0.2053410322933334,0.5752082071256119,0.37760164912600014,0.6496216477982731,0.27009116968252156,0.15987547446786307,0.06563914674647885,0.0398963818587767,0.02574276488770214
zone2,R01,NU_100,1.5503026145158068,1.3449257923867275,0.20537682212907923,0.5754262699390569,0.3775534982030371,0.6495481447933201,0.2705089241693871,0.16071282968467332,0.06576023039724792,0.039867524115505704,0.025892706281742207
zone2,R01,NU_30,1.5502183113885457,1.3448800542182793,0.20533825717026627,0.5753007749336022,0.3775406504029112,0.6495555514935503,0.2700469070250253,0.15971760860409576,0.06560638137773475,0.039834821263447395,0.025771560114287356
zone2,R01,NU_60,1.550170685897885,1.3447971204136697,0.20537356548421537,0.5753790704611369,0.37751735439038037,0.6496917735524642,0.27065941665310067,0.16033843298676362,0.06574494861640602,0.03987119097510374,0.025873757641302272
zone2,R01,TOL_0.5,1.6252734060933147,1.4377885369849828,0.18748486910833187,0.6044508180694264,0.40363853882052453,0.6433180133995774,0.14708907406751953,0.2394986600811677,0.05944664293166987,0.021806340543313023,0.03764030238835684
zone2,R01,TOL_1,1.5501384299677086,1.344738267338597,0.20540016262911157,0.5753098347946285,0.37750082262771956,0.6494664240565216,0.2700101664824328,0.16004262392395557,0.06559474941477657,0.03981816503895448,0.02577658437582209
zone2,R01,TOL_2,1.511259439517314,1.2941560163651602,0.21710342315215359,0.555793672176406,0.36329232516327103,0.6540523582284553,0.3468964264293979,0.11479134910277929,0.07169971428845477,0.052883920670039296,0.018815793618415465
zone2,R02,CLARA,1.7671051893340488,1.3659727603586593,0.4011324289753895,0.5838996338624762,0.3834655678580741,0.6468564600778509,0.23527293756119322,0.18128820393007072,0.06316549598254627,0.03416817629226776,0.028997319690278515
zone2,R02,NMIN_10,1.7677818863012462,1.3672549281186739,0.40052695818257267,0.5843133734706341,0.3838257273412242,0.6470433603946723,0.2343593464750741,0.18377228640381948,0.06336409598611077,0.03407766172694938,0.029286434259161397
zone2,R02,NMIN_20,1.7677757464222985,1.367265605019278,0.4005101414030204,0.5843642749206351,0.38382872647060745,0.646967808300705,0.23448123475725607,0.18368351081152917,0.0632742756572791,0.034001245767350044,0.029273029889929053
zone2,R02,NMIN_30,1.7677252910676553,1.3670712359798172,0.400654055087838,0.5842958511547223,0.38377412842581515,0.6469495238892264,0.23448131985762855,0.18319517931782303,0.06323646834121581,0.03401640760875035,0.029220060732465466
zone2,R02,NMIN_50,1.7671427333197973,1.3660406574985613,0.4011020758212359,0.5839651196127243,0.3834846400883836,0.6467835863845555,0.23516543080590704,0.18129509928973087,0.0631034962779236,0.0341033654544762,0.029000130823447396
zone2,R02,NU_0,1.7675464306734694,1.3666314146075258,0.40091501606594354,0.583902187929083,0.3836505830965197,0.6469034349926558,0.23452097899122507,0.18124629260465044,0.06315029770327295,0.03415789045850339,0.02899240724476955
zone2,R02,NU_10,1.7674440934161955,1.3664527919325677,0.4009913014836275,0.5838751790522337,0.38360040818782365,0.6469487293889797,0.23468750321699472,0.18147562635056702,0.06317282474252657,0.03417907348683676,0.028993751255689808
zone2,R02,NU_100,1.7670703955893619,1.3657708953260357,0.401299500263326,0.5838551673708954,0.3834088641972248,0.647017619220212,0.23582962330834026,0.1821211152947595,0.06336571961166067,0.034314944512792975,0.029050775098867693
zone2,R02,NU_30,1.76728692976536,1.3662054632014673,0.4010814665638926,0.5838455612395999,0.383530933825155,0.647095028504333,0.23572434754367624,0.1819187731155659,0.06335069887446212,0.034295452608416446,0.02905524626604568
zone2,R02,NU_60,1.7670074104574913,1.3658793054115923,0.4011281050458989,0.5839179618813062,0.38343931646844853,0.6470289460520431,0.23571188427577103,0.18180450802240797,0.06328752127907154,0.034225675299839685,0.029061845979231858
zone2,R02,TOL_0.5,1.8229165694046983,1.4543852582023753,0.3685313112023229,0.6102028076496178,0.40830053916248865,0.6432278238225373,0.1289103030665281,0.2622240340702238,0.0598824369271221,0.019093621407723256,0.04078881551939884
zone2,R02,TOL_1,1.7671051893340488,1.3659727603586593,0.4011324289753895,0.5838996338624762,0.3834655678580741,0.6468564600778509,0.23527293756119322,0.18128820393007072,0.06316549598254627,0.03416817629226776,0.028997319690278515
zone2,R02,TOL_2,1.7370483720538477,1.3124803669753486,0.4245680050784993,0.5636971499950095,0.36843961466051484,0.6521232670031764,0.3162362982084176,0.13468050921516891,0.06929875338157601,0.04763244252242919,0.021666310859146828
zone2,R10,CLARA,3.107710457030825,1.5794310648766563,1.5282793921541689,0.6701723861778233,0.44342576575638787,0.6524792935307797,0.07688974013607061,0.5573599442056334,0.10029477001209015,0.009142282187189179,0.09115248782490099
zone2,R10,NMIN_10,3.107991090517071,1.5796629237635593,1.5283281667535118,0.6701245709947232,0.4434908946572033,0.6525977767180375,0.0771215586258347,0.5573284818949084,0.10025974878276028,0.009146380517556488,0.0911133682652038
zone2,R10,NMIN_20,3.107952299720222,1.5796650258149705,1.5282872739052515,0.6701466109851627,0.44349148512108283,0.6525872972602954,0.07693508505809384,0.5573313813346855,0.10024876675930867,0.009130855534423832,0.09111791122488484
zone2,R10,NMIN_30,3.1079710352587258,1.579742915256731,1.5282281200019945,0.6701675849118446,0.4435133641777572,0.6524644560900479,0.07677682510424076,0.5572065894040998,0.10023122100317816,0.009110897308443614,0.09112032369473454
zone2,R10,NMIN_50,3.1074421343824024,1.5795272842336345,1.5279148501487674,0.6702661511084118,0.44345279366565143,0.6528339936402292,0.07688688029341882,0.5573686010691162,0.10038151664003614,0.009139475344770292,0.09124204129526585
zone2,R10,NU_0,3.107974890523509,1.5774536978222062,1.5305211927013032,0.6698108948143527,0.44287032557255357,0.6521361506387603,0.07653835194521093,0.5561842716423732,0.09976560861165894,0.009051341177535739,0.09071426743412321
zone2,R10,NU_10,3.1080013227245935,1.5784117586804536,1.52958956404414,0.6698696896989473,0.4431394437911623,0.6524754410487553,0.07725115406984714,0.5567807898639502,0.10020006243925049,0.009246678157314996,0.0909533842819355
zone2,R10,NU_100,3.1055965641851797,1.581932740249337,1.5236638239358427,0.6706640292618511,0.44412848355770274,0.6524585180846202,0.07785946517171569,0.5603126633275911,0.10133092076357605,0.009430362827575992,0.09190055793600008
zone2,R10,NU_30,3.107150392088498,1.579839667442329,1.527310724646169,0.6701385226498227,0.4435405417579813,0.6525422697930306,0.07726351118889775,0.5574880586849621,0.10055459291204634,0.009297921709214481,0.09125667120283185
zone2,R10,NU_60,3.1062851733449293,1.5807981392897976,1.5254870340551319,0.6703025206756433,0.44380977542300054,0.652278405223098,0.07774971801020006,0.5582611916202442,0.10088552761968202,0.009391881599729113,0.0914936460199529
zone2,R10,TOL_0.5,3.1127584147319354,1.6196554697613579,1.493102944970578,0.6795545047923565,0.45472475589253997,0.6544082378094471,0.04659913144060437,0.5942982670046799,0.10123382361878366,0.004745508404258548,0.09648831521452512
zone2,R10,TOL_1,3.107710457030825,1.5794310648766563,1.5282793921541689,0.6701723861778233,0.44342576575638787,0.6524792935307797,0.07688974013607061,0.5573599442056334,0.10029477001209015,0.009142282187189179,0.09115248782490099
zone2,R10,TOL_2,3.103040023793117,1.5628151497596974,1.5402248740334192,0.6665541614773249,0.43875837386960165,0.6579219634891837,0.09775345697356397,0.54896847147522,0.10225164581269017,0.012034359334075545,0.09021728647861461
zone2,R20,CLARA,4.601107719725959,1.626271336867137,2.974836382858822,0.6817664422741797,0.4565831455289948,0.6569470375282834,0.0503723174811608,0.6120078938293658,0.1040024134843594,0.0050409473011643995,0.09896146618319501
zone2,R20,NMIN_10,4.601416143032628,1.6261555037028652,2.975260639329763,0.6816507480724328,0.4565506081233005,0.657023513119136,0.05051941369284555,0.6114785252671234,0.10395563904926973,0.005074620318928483,0.09888101873034125
zone2,R20,NMIN_20,4.601308089211305,1.6261754587893709,2.975132630421935,0.6816829820709416,0.4565562134846784,0.65701516523509,0.05046295258178091,0.6115709537953007,0.10395642267639832,0.005060300761790542,0.09889612191460777
zone2,R20,NMIN_30,4.60136880399117,1.6262647582863365,2.975104045704834,0.6817038791896268,0.4565812976130396,0.6569001827156024,0.05048518534737027,0.6115118412918035,0.10394231070971792,0.005041490201142491,0.09890082050857543
zone2,R20,NMIN_50,4.6004749639275975,1.6263633602392835,2.9741116036883137,0.6818532121091585,0.4566089947908338,0.6573146950682388,0.050374601056383084,0.6120113756022846,0.10409384850334205,0.005044202713110501,0.09904964579023157
zone2,R20,NU_0,4.602444747859757,1.6261597014274247,2.9762850464323325,0.6816620822948328,0.4565517872594127,0.6568529208459761,0.05036337403405973,0.6115194040049403,0.10387095569096595,0.005026761471390521,0.09884419421957544
zone2,R20,NU_10,4.601865137603864,1.626417062776004,2.97544807482786,0.681720288644424,0.4566240797730585,0.6569197047022584,0.050295295664865035,0.6115763396566678,0.10392578887888704,0.005023929578423255,0.09890185930046377
zone2,R20,NU_100,4.596067716266359,1.6292408540795473,2.9668268621868115,0.6825422875482231,0.4574172795774247,0.6570646035257822,0.04998786438088393,0.615015097483549,0.10478344747706057,0.005029243794540705,0.09975420368251987
zone2,R20,NU_30,4.5997169451598685,1.626481929416837,2.973235015743032,0.6818159231495511,0.4566423007395847,0.6567993334223103,0.051010384224073904,0.6117302057291826,0.10419831314548006,0.005112013751968327,0.09908629939351174
zone2,R20,NU_60,4.59751328471955,1.6284351469554572,2.9690781377640927,0.6823461568929259,0.4571909573515566,0.6569064142579045,0.050689751011271635,0.6136892072194324,0.10459721055318622,0.005037493859795633,0.09955971669339057
zone2,R20,TOL_0.5,4.585163690275344,1.6501256401618785,2.9350380501134654,0.6863386598301133,0.4632837925218997,0.6570021150005052,0.04005432427641268,0.6322389378457717,0.10588481350708794,0.0036091840104334537,0.10227562949665447
zone2,R20,TOL_1,4.601107719725959,1.626271336867137,2.974836382858822,0.6817664422741797,0.4565831455289948,0.6569470375282834,0.0503723174811608,0.6120078938293658,0.1040024134843594,0.0050409473011643995,0.09896146618319501
zone2,R20,TOL_2,4.604442012426588,1.6164758103681103,2.9879662020584785,0.6799060578263396,0.4538315931416277,0.6596064519528914,0.06138580923770739,0.6066332209137967,0.10463712258215993,0.006337192940974692,0.09829992964118525
zone2,Rref,CLARA,2.4234533136278733,1.5264279255607816,0.8970253880670914,0.6530399984561076,0.42853724347664773,0.6505828206816798,0.11048081948577043,0.49263101911716833,0.09438480319524559,0.014977114794413016,0.07940768840083255
zone2,Rref,NMIN_10,2.4235378823677904,1.5270234161797134,0.8965144661880771,0.653205266221285,0.42870451612241517,0.6508310004226213,0.11038799901530637,0.4929250061468236,0.09457444041539051,0.01499369139801428,0.07958074901737623
zone2,Rref,NMIN_20,2.423503759302804,1.5270606250652403,0.8964431342375637,0.6532353423127972,0.4287149680565519,0.6508131559428664,0.1102910390599286,0.4929758692820872,0.09452038653664672,0.014950363853895386,0.07957002268275135
zone2,Rref,NMIN_30,2.4236055499379012,1.5271055887090101,0.8964999612288913,0.6532406495635019,0.42872759829356594,0.6506883204355772,0.11015388182171659,0.4927820814120516,0.09447818814040196,0.014926560931266025,0.07955162720913594
zone2,Rref,NMIN_50,2.4233722212711095,1.5263221338794866,0.8970500873916231,0.6530716699766257,0.4285075267122391,0.6508968320072889,0.11046199267193904,0.4926361942077324,0.0943535577507865,0.014944660436460276,0.07940889731432621
zone2,Rref,NU_0,2.4241180232124835,1.5257921614312855,0.8983258617811981,0.6527991969435053,0.428358658047014,0.6503746246755968,0.10931954334735257,0.49079669103519147,0.09364607730763866,0.014727586265448497,0.07891849104219016
zone2,Rref,NU_10,2.4239195173432937,1.525426883239569,0.8984926341037244,0.6525798765690622,0.4282560518133858,0.6503790633756352,0.11037184339284228,0.4903538053442551,0.09384313121524167,0.014945827451600719,0.07889730376364094
zone2,Rref,NU_100,2.4220455094969076,1.528803836586908,0.8932416729099995,0.6543506638801707,0.4292046342143238,0.6503996748402942,0.10956414452207652,0.49629143001927295,0.09526490173116853,0.014746330951230206,0.08051857077993833
zone2,Rref,NU_30,2.423374370161576,1.5263014324568838,0.8970729377046923,0.6530691935187354,0.42850171170589,0.6505194657217775,0.1105234471851144,0.4926124466510437,0.09435494351417739,0.01495790102835,0.0793970424858274
zone2,Rref,NU_60,2.4232038889291827,1.5269456046262868,0.8962582843028957,0.6533116431509807,0.42868265894448626,0.6503010722146978,0.11032965783132909,0.49312954103534606,0.09454535633547724,0.014922022632715642,0.0796233337027616
zone2,Rref,TOL_0.5,2.4474542657463063,1.5792316566349962,0.8682226091113104,0.6664698308163508,0.4433697522053598,0.650679406104759,0.059546275823300354,0.5359968816458583,0.09309222420807084,0.007356711390524918,0.08573551281754592
zone2,Rref,TOL_1,2.4234533136278733,1.5264279255607816,0.8970253880670914,0.6530399984561076,0.42853724347664773,0.6505828206816798,0.11048081948577043,0.49263101911716833,0.09438480319524559,0.014977114794413016,0.07940768840083255
zone2,Rref,TOL_2,2.4157549020090654,1.5060190667439919,0.9097358352650733,0.6474077320727113,0.4228044179663136,0.6551795905065868,0.13804898751147235,0.47929533713943345,0.09709100143755307,0.01929779485839135,0.07779320657916172
zone3,R01,CLARA,1.7023966808817377,1.4826285775995642,0.21976810328217314,0.5836374552045684,0.41579358499370056,0.6907412051801245,0.1928431300532745,0.12826843427730236,0.048622390366997024,0.027259083310734688,0.021363307056262337
zone3,R01,NMIN_10,1.7028511999848421,1.4832375653094374,0.21961363467540454,0.583806278237961,0.415964648957148,0.690778564037457,0.1924587144750877,0.1288730115244604,0.04869627005028249,0.027213482991785633,0.021482787058496856
zone3,R01,NMIN_20,1.7028013312462398,1.4831854950771306,0.2196158361691094,0.5837910098900742,0.41595002248739893,0.6907731027094147,0.1926338517063979,0.12879507746941646,0.04869467460289874,0.027219564504612083,0.021475110098286652
zone3,R01,NMIN_30,1.7026864283862642,1.483025202681606,0.21966122570465837,0.5837211052706285,0.41590499653359986,0.6907773350310668,0.19300948157720993,0.12859171819002796,0.04871111054308823,0.027262298866153705,0.021448811676934524
zone3,R01,NMIN_50,1.7023270852143075,1.4825515176271822,0.21977556758712546,0.5836082542782427,0.4157719389340427,0.6907324485098206,0.19287722744495892,0.12820248410150042,0.04862662907604083,0.027275599037210597,0.021351030038830227
zone3,R01,NU_0,1.7032576246602675,1.4837035382408046,0.21955408641946308,0.5840271872571636,0.416095540230004,0.6907319035332915,0.19185575555164516,0.1303494850844241,0.0486940511302597,0.02709659819827829,0.0215974529319814
zone3,R01,NU_10,1.7028610431902458,1.4831966093903566,0.2196644337998893,0.5838981917658241,0.4159531444854961,0.690609369312657,0.19206498686346335,0.1296789493916644,0.04866810454782573,0.027153395395952164,0.021514709151873573
zone3,R01,NU_100,1.7017698743342449,1.4819194232536257,0.2198504510806192,0.5834540370869657,0.415594384334729,0.6907713264950546,0.19359972840897308,0.12748252106274482,0.048577474696827376,0.027338504871296507,0.021238969825530866
zone3,R01,NU_30,1.702424097799877,1.4826915934191394,0.21973250438073758,0.5837173573880837,0.4158112860666149,0.6907372642219811,0.1930239811821228,0.12916632835290282,0.0487269188752334,0.02728075990182225,0.021446158973411154
zone3,R01,NU_60,1.7020337500282958,1.4822240535404316,0.21980969648786444,0.5835683002292369,0.41567995464001156,0.6907446185200493,0.193407532600088,0.1281990457658525,0.04862401683348214,0.02730960217148616,0.021314414661995976
zone3,R01,TOL_0.5,1.7791504475485116,1.5779666965876717,0.20118375096083987,0.6116131617665134,0.44257395549597794,0.6848857594857882,0.08086375893264197,0.20793738105247406,0.04510194680324339,0.011260603994330463,0.033841342808912926
zone3,R01,TOL_1,1.7023966808817377,1.4826285775995642,0.21976810328217314,0.5836374552045684,0.41579358499370056,0.6907412051801245,0.1928431300532745,0.12826843427730236,0.048622390366997024,0.027259083310734688,0.021363307056262337
zone3,R01,TOL_2,1.6632115169686685,1.432210956392268,0.2310005605764008,0.5677751039545078,0.40163133184558353,0.6941055841675442,0.26610105828025954,0.08825735504382333,0.05253316466902538,0.03735444026502039,0.015178724404004992
zone3,R02,CLARA,1.9360587806449312,1.5079057840643662,0.4281529965805651,0.5917070462454406,0.4228939238883078,0.6881350157836217,0.1597065845267564,0.1525385810174384,0.04732777109152429,0.022483528733826114,0.024844242357698176
zone3,R02,NMIN_10,1.9364473871926335,1.5088425858263192,0.42760480136631424,0.5920229322568783,0.4231570704506542,0.6883199857192531,0.159613102881287,0.15442551200044227,0.047544982491627925,0.022434603940166515,0.02511037855146141
zone3,R02,NMIN_20,1.9364026878906744,1.5087739625042484,0.42762872538642605,0.5919963068535423,0.4231377942365893,0.6883159709579016,0.15975798709569827,0.15419534154649497,0.04753471564118554,0.022442135157571486,0.025092580483614048
zone3,R02,NMIN_30,1.936351519204137,1.5086467389763956,0.4277047802277412,0.5919382941164686,0.4231020572905632,0.6883085644239272,0.1599266746542812,0.15404304742078337,0.04754766640575519,0.022476696525066828,0.025070969880688358
zone3,R02,NMIN_50,1.9360514747933717,1.507901637440335,0.42814983735303663,0.5916995883991489,0.42289275910627655,0.6881306043364169,0.15974782632654813,0.15254667759404106,0.047339777777722206,0.02249321718741332,0.02484656059030889
zone3,R02,NU_0,1.936436252145271,1.508497858585556,0.427938393559715,0.5919276662807724,0.42306023695605777,0.6881755956619529,0.15931557612576144,0.15350838729755012,0.04744071299046049,0.022423663334745016,0.025017049655715475
zone3,R02,NU_10,1.936293620682251,1.5083191446372488,0.42797447604500216,0.5918688828059788,0.42301003640878043,0.6881473083479819,0.15940451129415636,0.1533842405682718,0.04742886080693383,0.02245316899942801,0.024975691807505824
zone3,R02,NU_100,1.9356716103165361,1.5071691246920231,0.42850248562451326,0.5914710968828488,0.42268699709832375,0.6881852405866373,0.16070980052098324,0.1515755211013338,0.04728377084533585,0.02258450035826332,0.02469927048707254
zone3,R02,NU_30,1.9358759477093221,1.507624795453008,0.42825115225631427,0.5916442478768424,0.4228149945030948,0.688116910587041,0.15974347623915647,0.15192690980275483,0.04728148284430701,0.0224977832361672,0.024783699608139812
zone3,R02,NU_60,1.93581513688192,1.5075064926037753,0.4283086442781448,0.5915872228985984,0.4227817633656699,0.6881099132299305,0.16030618300289837,0.15195064839655542,0.04730524925212343,0.02253923529689644,0.024766013955226988
zone3,R02,TOL_0.5,1.9906691525786087,1.596015005892944,0.39465414668566423,0.6175506099351344,0.4476437053008297,0.6850739731324847,0.06848629729445742,0.23800667304489728,0.04740824666806912,0.009462936265426752,0.03794531040264237
zone3,R02,TOL_1,1.9360587806449312,1.5079057840643662,0.4281529965805651,0.5917070462454406,0.4228939238883078,0.6881350157836217,0.1597065845267564,0.1525385810174384,0.04732777109152429,0.022483528733826114,0.024844242357698176
zone3,R02,TOL_2,1.9067688354796788,1.4572640032079593,0.4495048322717197,0.5758188436646623,0.4086687045466205,0.692770542379613,0.2295841003407196,0.10993260318201847,0.05084885446906132,0.032413904051841844,0.018434950417219483
zone3,R10,CLARA,3.3762346255371773,1.7278228458103322,1.6484117797268454,0.6749514906437131,0.4846683794349274,0.6956195480131537,0.05071318785522891,0.572040881553119,0.09571104277489753,0.004775729469878359,0.09093531330501917
zone3,R10,NMIN_10,3.376806730082008,1.7279240446153852,1.648882685466623,0.6748594480205253,0.48469680606556026,0.6956398982373951,0.05071842969865531,0.572230474248967,0.0955849840872273,0.004751657910889039,0.09083332617633826
zone3,R10,NMIN_20,3.376742625672044,1.7278645141361242,1.6488781115359201,0.6748510948770694,0.4846800840208241,0.6956311503430846,0.05076749659753637,0.5720677737873466,0.09560102565225383,0.0047643605255505315,0.0908366651267033
zone3,R10,NMIN_30,3.3767709459151534,1.7278307480662496,1.648940197848904,0.6748402427576498,0.4846705991697357,0.6956188432534441,0.05069901168361813,0.5719558274939324,0.09558536146186515,0.004763443349904472,0.09082191811196068
zone3,R10,NMIN_50,3.3761903922580627,1.727772507536733,1.64841788472133,0.6749482742376033,0.4846542394704333,0.6956122675930243,0.05071318785522891,0.5721578063587822,0.09571896855415783,0.004781401533425185,0.09093756702073265
zone3,R10,NU_0,3.3769086230514405,1.7270717517965652,1.6498368712548752,0.6746835802946475,0.4844573979703861,0.695598035978228,0.050689778106240674,0.5702318272133563,0.09538935076762604,0.0047520075631022965,0.09063734320452374
zone3,R10,NU_10,3.37659481133783,1.7274606771327543,1.649134134205076,0.6748531492528121,0.48456664666032695,0.6956034449616678,0.050669937672512495,0.5709296833887347,0.09555345256196346,0.004744215969730236,0.09080923659223322
zone3,R10,NU_100,3.3736905478060155,1.7293918681053237,1.6442986797006915,0.6755268285138339,0.48510911603464424,0.6953781175617457,0.050639760447036365,0.5729868148960289,0.0962943920847007,0.004772076419775613,0.09152231566492508
zone3,R10,NU_30,3.375895366297942,1.7282319199767124,1.64766344632123,0.6751195044284165,0.4847832879086298,0.6954660042610467,0.05029490309895692,0.5715903611224991,0.09578358788152565,0.004723775051773958,0.09105981282975169
zone3,R10,NU_60,3.375395334042988,1.7287671528972783,1.6466281811457097,0.6753220386180379,0.4849336342346315,0.6954626502552553,0.05051274819835472,0.5725675342122744,0.09600566002290319,0.004728946045201841,0.09127671397770135
zone3,R10,TOL_0.5,3.3806855851092696,1.748928758637429,1.6317568264718412,0.679319560768723,0.49059700663355016,0.6948489118103233,0.03677241099415546,0.5932185688934895,0.0971563100643047,0.0032590002744743492,0.09389730978983034
zone3,R10,TOL_1,3.3762346255371773,1.7278228458103322,1.6484117797268454,0.6749514906437131,0.4846683794349274,0.6956195480131537,0.05071318785522891,0.572040881553119,0.09571104277489753,0.004775729469878359,0.09093531330501917
zone3,R10,TOL_2,3.3734672742198577,1.7131512063780212,1.6603160678418365,0.6719946509410061,0.48054713240337943,0.6999369742928941,0.07059434110296628,0.5643491072831797,0.0967280436992705,0.006807971930839252,0.08992007176843125
zone3,R20,CLARA,4.995651414519413,1.7662858432301893,3.229365571289224,0.6835048806086,0.49547259219331424,0.6966664375669772,0.0344005324645122,0.6182755416899731,0.10080406828236874,0.0029617855165540684,0.09784228276581468
zone3,R20,NMIN_10,4.996652427089286,1.7661626815637956,3.23048974552549,0.6833469455951618,0.4954379962196082,0.6965841329857039,0.03423668112578073,0.6179346942792647,0.1006111767327806,0.002943083319701458,0.09766809341307912
zone3,R20,NMIN_20,4.996517377497758,1.7661495761914352,3.2303678013063233,0.683350576254729,0.4954343149352373,0.6965717477883365,0.034317329749455464,0.6178778985803649,0.10063183455410304,0.0029519051748456908,0.09767992937925736
zone3,R20,NMIN_30,4.996457069183665,1.7661742414220565,3.230282827761609,0.6833612976184874,0.4954412433708051,0.6965754521282334,0.03424478224280018,0.6178923205306518,0.10064658054909534,0.0029533908554269617,0.09769318969366837
zone3,R20,NMIN_50,4.995634535001868,1.7662544439507137,3.229380091051155,0.6835059807736529,0.49546377217098964,0.6966703530291654,0.034326244071397526,0.6183144214875661,0.10080309819794182,0.002960799519855472,0.09784229867808636
zone3,R20,NU_0,4.998813462042468,1.7646541862120404,3.234159275830427,0.6830909924793078,0.4950142615702388,0.6965295498204117,0.03434535106257388,0.6168968052572213,0.10044225340156186,0.0029921984008172493,0.09745005500074459
zone3,R20,NU_10,4.997747469774287,1.765346586586149,3.232400883188139,0.6832398725813567,0.4952087560573479,0.6965294417451514,0.03428862892431822,0.6167397846737623,0.10054913171568566,0.0029667204468149556,0.0975824112688707
zone3,R20,NU_100,4.990909270274233,1.7692299452449105,3.221679325029322,0.6841125052813295,0.4962995871412697,0.697049767919692,0.035027856354387356,0.6209876103647454,0.1015241547762207,0.003008408589321664,0.09851574618689905
zone3,R20,NU_30,4.995183688354743,1.766976086240872,3.2282076021138706,0.6836405395210555,0.4956664806794611,0.6967386013708856,0.034248700607575185,0.6189979556427576,0.1009351228727007,0.0029565834097837946,0.09797853946291689
zone3,R20,NU_60,4.99311477809288,1.7683753764024668,3.224739401690414,0.6838686357656762,0.496059539713617,0.6969014015024296,0.034571958374565434,0.6197554702539817,0.10123000227146801,0.0029814356224354232,0.09824856664903259
zone3,R20,TOL_0.5,4.987648216188425,1.7825126260642656,3.2051355901241596,0.6864121636214012,0.500030677259066,0.6967379022190388,0.026446130019418798,0.628846881889781,0.10251351946015082,0.0022971293810505706,0.10021639007910024
zone3,R20,TOL_1,4.995651414519413,1.7662858432301893,3.229365571289224,0.6835048806086,0.49547259219331424,0.6966664375669772,0.0344005324645122,0.6182755416899731,0.10080406828236874,0.0029617855165540684,0.09784228276581468
zone3,R20,TOL_2,4.998846866217644,1.759530140525284,3.2393167256923596,0.6822965486853644,0.4935749228941836,0.699088949934845,0.043432224067803955,0.6143497621815432,0.10118505879536552,0.003772390510996676,0.09741266828436884
zone3,Rref,CLARA,2.638834752326757,1.6759060896459623,0.9629286626807951,0.659116855466523,0.4700850209617898,0.6927319829679112,0.07294735514039571,0.4904655829467894,0.08576514294156382,0.007839451934657833,0.07792569100690598
zone3,Rref,NMIN_10,2.639300575030379,1.6760978407782687,0.9632027342521103,0.6590579220810538,0.470138883639404,0.6927696561227508,0.07279713323176447,0.4906280636090774,0.08570857197384403,0.007836819864051454,0.07787175210979257
zone3,Rref,NMIN_20,2.639259699271912,1.6760186450710122,0.9632410542009,0.6590484372518687,0.4701166376542196,0.6927634653429215,0.07286793004696226,0.49046863108508737,0.08572597423132423,0.007850039638470448,0.07787593459285379
zone3,Rref,NMIN_30,2.639257712446201,1.6760629581465325,0.9631947542996683,0.6590463652107552,0.4701290851473433,0.6927622562768551,0.07281396256672133,0.49044147878548694,0.08572323503882208,0.007851081312806821,0.07787215372601526
zone3,Rref,NMIN_50,2.638798086974301,1.6758686535801421,0.9629294333941589,0.6591185160686844,0.470074505212964,0.692723008645813,0.07294735514039571,0.4906135582958371,0.0857692590531305,0.007840304518435407,0.0779289545346951
zone3,Rref,NU_0,2.6393853022300955,1.6762206480455213,0.9631646541845745,0.6591692362025909,0.4701733800627896,0.6927402778897475,0.07258604957432903,0.49120353383872517,0.08573963421476945,0.007799060474607131,0.07794057374016233
zone3,Rref,NU_10,2.6391771911513655,1.6763033468185116,0.9628738443328537,0.6592992433321351,0.47019661005520264,0.6927905051300517,0.07287302326098476,0.4913993319515764,0.0859280845950033,0.007826815695991519,0.07810126889901178
zone3,Rref,NU_100,2.638279506650642,1.6765222441425176,0.9617572625081244,0.6595687850626692,0.47025809806756375,0.6927139814588156,0.07251990969074835,0.4932903591082964,0.08616454398972852,0.0078071838854245935,0.07835736010430393
zone3,Rref,NU_30,2.638763189471591,1.6765120193293168,0.9622511701422738,0.6593806638162917,0.47025522592902436,0.6927435835872668,0.07281235641667051,0.49147536922789875,0.08598905173508346,0.00781403370586654,0.07817501802921692
zone3,Rref,NU_60,2.638466806630501,1.6760597281375307,0.9624070784929706,0.6593015817034518,0.47012817784144384,0.6927093038324654,0.07289026360802331,0.491819463180776,0.08594065135213708,0.00783220624253377,0.0781084451096033
zone3,Rref,TOL_0.5,2.655941365844819,1.7123476292257227,0.9435937366190966,0.6678707384840377,0.48032140848419447,0.6916710422750421,0.04336919404099459,0.5268022304966742,0.08738708213464538,0.004234940918281167,0.08315214121636422
zone3,Rref,TOL_1,2.638834752326757,1.6759060896459623,0.9629286626807951,0.659116855466523,0.4700850209617898,0.6927319829679112,0.07294735514039571,0.4904655829467894,0.08576514294156382,0.007839451934657833,0.07792569100690598
zone3,Rref,TOL_2,2.629483529343629,1.6526139927885706,0.9768695365550581,0.6535588430999891,0.4635422971254439,0.6975765271002822,0.10341201284704374,0.4777218466630194,0.0874731463581445,0.011562302970996545,0.07591084338714796
zone4,R01,CLARA,1.697619977609149,1.471784658787341,0.2258353188218077,0.5968930984615255,0.41192240482452813,0.6953749961655272,0.15645768499093693,0.20060697841246447,0.053152123651007174,0.021739158465732326,0.031412965185274845
zone4,R01,NMIN_10,1.6984210433606886,1.47275329626546,0.22566774709522855,0.5971166560695486,0.412194494003775,0.6953847346675446,0.15599686303172652,0.2017362970209486,0.05321171358833969,0.021660717852424124,0.03155099573591557
zone4,R01,NMIN_20,1.6984261512909407,1.4727546947918437,0.22567145649909706,0.5970979036450539,0.4121948868482648,0.6953705119426241,0.15598319752722564,0.20185777866060792,0.05320795256578339,0.021665503046705028,0.031542449519078364
zone4,R01,NMIN_30,1.6978665291222879,1.4720908864746016,0.22577564264768626,0.5969606215240394,0.41200842383780356,0.6953987201563726,0.15611951355899492,0.20103482019995833,0.053178375335031,0.021722715446454474,0.03145565988857653
zone4,R01,NMIN_50,1.6975419795154159,1.4716689164271042,0.22587306308831165,0.5968480635096605,0.41188989292558514,0.6953809501676814,0.15639755847648074,0.20032933102412046,0.05312945642833616,0.021749892493500327,0.03137956393483583
zone4,R01,NU_0,1.6976250735004168,1.4717415308696222,0.2258835426307943,0.5967323277516681,0.41191029024089926,0.6953500289472317,0.1562285124516111,0.19912607178391226,0.05291302489070606,0.021700779429159392,0.031212245461546672
zone4,R01,NU_10,1.6977079141316982,1.4718764093502297,0.22583150478146868,0.5968973923759457,0.411948177454553,0.6953092921976746,0.15614978602368726,0.20014305586115674,0.0531016529535284,0.021710771178968448,0.03139088177455995
zone4,R01,NU_100,1.6983356013941198,1.4726832841102004,0.22565231728391924,0.5972891218285653,0.41217482766802793,0.694743060501376,0.15549205047270714,0.2023411947457408,0.05333330378484124,0.021623075974081866,0.03171022781075938
zone4,R01,NU_30,1.6978100119204236,1.4720334876976984,0.2257765242227253,0.597012817109869,0.4119923005858644,0.6953518062446701,0.15631555886177753,0.20120362544200762,0.053238028964313344,0.021719750696765048,0.03151827826754829
zone4,R01,NU_60,1.6981353631809952,1.4724339253466037,0.22570143783439173,0.5971722291247687,0.412104783071512,0.6950481192213696,0.15596003070818185,0.20198038843166252,0.05334305130836335,0.021690143725120833,0.03165290758324252
zone4,R01,TOL_0.5,1.7521454892402435,1.5421075087700256,0.21003798047021777,0.6165673374622481,0.43167601437022607,0.6878769778735827,0.07828762603755063,0.26112435730983174,0.050563476662854795,0.010547394929321888,0.0400160817335329
zone4,R01,TOL_1,1.697619977609149,1.471784658787341,0.2258353188218077,0.5968930984615255,0.41192240482452813,0.6953749961655272,0.15645768499093693,0.20060697841246447,0.053152123651007174,0.021739158465732326,0.031412965185274845
zone4,R01,TOL_2,1.66608693566396,1.4301468290334263,0.23594010663053383,0.5832518840832396,0.4002263852307318,0.7006361638738373,0.20269323778228862,0.15882617671087595,0.05518373034497357,0.029544428688019552,0.025639301656954015
zone4,R02,CLARA,1.9328757131370136,1.4906432279684922,0.4422324851685215,0.6021326728832763,0.41721975571810993,0.6933428230878868,0.1387286125999628,0.21928800803176277,0.052925506092835986,0.01899769495853833,0.03392781113429766
zone4,R02,NMIN_10,1.9332706000922901,1.4914664879095092,0.44180411218278076,0.6024111596880394,0.41745100851053046,0.6934471379556846,0.1385705136285025,0.22126601892777173,0.05308477964978725,0.018942789324380382,0.03414199032540687
zone4,R02,NMIN_20,1.9332418703277303,1.4913692834305174,0.4418725868972126,0.6023648916150314,0.4174237038816001,0.6934391086142395,0.13866352487853462,0.22117892021628902,0.05306748091726775,0.018955158576773965,0.034112322340493786
zone4,R02,NMIN_30,1.9329812160570554,1.490977341730767,0.44200387432628857,0.6022573558586859,0.4173136078985241,0.6934028993524629,0.13867990031228014,0.22033350655333328,0.053007542472522845,0.01898005641691174,0.03402748605561111
zone4,R02,NMIN_50,1.9328794874255741,1.4906462814003185,0.4422332060252555,0.6021299500534567,0.4172206134236791,0.6933496190029569,0.13873102075875043,0.21935537994916887,0.05293237331326415,0.0190027247821357,0.033929648531128453
zone4,R02,NU_0,1.932957862185894,1.4907341806468115,0.44222368153908254,0.6021109299244979,0.41724530422325573,0.6934237676695689,0.1388524463020906,0.218800115343166,0.05283439684108889,0.018963866213478144,0.03387053062761075
zone4,R02,NU_10,1.9330558796818393,1.490921353073233,0.4421345266086066,0.6022439196278899,0.41729788074753144,0.693405521456067,0.13873121980049868,0.21960872307641455,0.05296158024267588,0.018958497758649405,0.03400308248402648
zone4,R02,NU_100,1.932893881833154,1.490770180187261,0.44212370164589304,0.6023684079324014,0.4172554164537191,0.6927386427259636,0.1382132365770746,0.21999103038619267,0.05312024168954279,0.01896917900565949,0.0341510626838833
zone4,R02,NU_30,1.9329063278415197,1.490778614088973,0.4421277137525468,0.6022348975092628,0.41725778552723364,0.6933271973804498,0.1384927421845615,0.2192843307416374,0.05297684998120003,0.018969214121688203,0.034007635859511824
zone4,R02,NU_60,1.9328820336184385,1.4907416426317683,0.44214039098667013,0.6022930722862937,0.41724740028644586,0.6930730624935287,0.13860208779309705,0.2198804472571935,0.053134483117761276,0.019018946821660946,0.03411553629610033
zone4,R02,TOL_0.5,1.96982804675999,1.5564676066891474,0.4133604400708425,0.6215841759019346,0.43570974974076593,0.6875185922567495,0.06625701380486247,0.28504786439055085,0.05216408918616775,0.008847357378966414,0.04331673180720133
zone4,R02,TOL_1,1.9328757131370136,1.4906432279684922,0.4422324851685215,0.6021326728832763,0.41721975571810993,0.6933428230878868,0.1387286125999628,0.21928800803176277,0.052925506092835986,0.01899769495853833,0.03392781113429766
zone4,R02,TOL_2,1.9109190472201987,1.4483940974036684,0.46252494981653025,0.5890230227165427,0.4053520224133841,0.699286644894974,0.1831537829056943,0.17709242120395147,0.05437943820803931,0.02627075158048926,0.028108686627550058
zone4,R10,CLARA,3.425292932050838,1.679515205330308,1.7457777267205303,0.6802308115480064,0.4702736819433391,0.6946587350105236,0.05320003221313873,0.597039440835604,0.10360983231587784,0.005389913505197996,0.09821991881067985
zone4,R10,NMIN_10,3.4256736996349963,1.679412640569769,1.7462610590652272,0.68022830621004,0.47024487161734496,0.6947049640480532,0.05306453877963329,0.5973350300407965,0.10364479986675894,0.0054110187371967395,0.0982337811295622
zone4,R10,NMIN_20,3.4257417174404705,1.6793891134759749,1.7463526039644954,0.680227062194134,0.47023826288313314,0.6947016140212446,0.05307846587130837,0.5973426032620733,0.10363672818106195,0.005409416904293881,0.09822731127676806
zone4,R10,NMIN_30,3.425516879737001,1.679565604508078,1.745951275228923,0.6802762780796806,0.4702878390157463,0.694705216110456,0.053184299055742505,0.5972660205542023,0.10368095596930256,0.005405964614715559,0.098274991354587
zone4,R10,NMIN_50,3.4252522797242073,1.6794647171957895,1.745787562528418,0.6802254160544945,0.470259499883081,0.694696874264711,0.053250456174320275,0.5970400110845747,0.10361684186843138,0.005396286606324742,0.09822055526210664
zone4,R10,NU_0,3.4267917326994413,1.678405907913366,1.7483858247860755,0.6798148618468403,0.4699620815453216,0.6945913506532041,0.052887579409428946,0.5953792390929846,0.10314616897405672,0.005370375625599276,0.09777579334845744
zone4,R10,NU_10,3.4261847564967938,1.6790617802488632,1.7471229762479306,0.6800155973812761,0.47014631534742757,0.6945828017685568,0.05293632737244923,0.5968737799844354,0.10333761000634058,0.0053609463680251625,0.09797666363831542
zone4,R10,NU_100,3.4234551253292467,1.6812149141431443,1.742240211186102,0.680811263226436,0.47075112823907966,0.6940983613500614,0.051518438207832515,0.5984972706746101,0.10388438520955161,0.005231045574943719,0.09865333963460789
zone4,R10,NU_30,3.425069168659965,1.6798254143543223,1.7452437543056427,0.6803434448699737,0.47036081930963525,0.6945324107002093,0.05292392981808524,0.598036588479251,0.10363216836770059,0.0053439152030410044,0.09828825316465957
zone4,R10,NU_60,3.424683409253324,1.6803106162057255,1.7443727930475987,0.6805147087290992,0.4704971119645237,0.6942373267096291,0.052016164360209935,0.5976862527987309,0.10365202562008019,0.005264453815379713,0.09838757180470048
zone4,R10,TOL_0.5,3.42265447461145,1.700114939755167,1.7225395348562833,0.6861904529034342,0.4760601241975129,0.6922654156441342,0.03470544400031714,0.6216765427620871,0.10483496057338847,0.0030022228274637327,0.10183273774592473
zone4,R10,TOL_1,3.425292932050838,1.679515205330308,1.7457777267205303,0.6802308115480064,0.4702736819433391,0.6946587350105236,0.05320003221313873,0.597039440835604,0.10360983231587784,0.005389913505197996,0.09821991881067985
zone4,R10,TOL_2,3.42437965284012,1.6713531869220173,1.7530264659181025,0.6785956110514793,0.4679809801432574,0.6970845234983234,0.06341539153569771,0.5921114811010939,0.10405983995384838,0.006459731982469694,0.09760010797137869
zone4,R20,CLARA,5.128718722795487,1.7140786326042927,3.4146400901911944,0.6890272720553328,0.4799825098292898,0.6941719468474331,0.03650298523097889,0.6421847719145172,0.10802223677819425,0.0031415599270193167,0.10488067685117494
zone4,R20,NMIN_10,5.129808607738854,1.7139230157569998,3.4158855919818536,0.688930188633588,0.4799387972317356,0.6941267955715857,0.03637555254748679,0.6417543575620209,0.1079306964222399,0.003150042183761806,0.1047806542384781
zone4,R20,NMIN_20,5.129924653698862,1.7139004390665493,3.416024214632313,0.6889290583416594,0.4799324554647551,0.6941249456849016,0.036399796343615114,0.6417200309525869,0.10792944610877162,0.003151141461205637,0.10477830464756596
zone4,R20,NMIN_30,5.129437099875428,1.714084757488,3.415352342387428,0.6889884635827547,0.4799842303022413,0.6941391776689354,0.036395222314931926,0.6421528882442243,0.10799283959910176,0.0031514196291724046,0.10484141996992935
zone4,R20,NMIN_50,5.128685665895659,1.7140711351930742,3.4146145307025857,0.6890294291953112,0.4799804038149026,0.6941676083856273,0.03650871055844546,0.6421667827544368,0.10802542414126137,0.0031420068784103845,0.104883417262851
zone4,R20,NU_0,5.131811092218867,1.712785856077783,3.419025236141084,0.6886998816789838,0.47961937035555113,0.6940253994785265,0.03692270551693446,0.6407464938644991,0.10772997565338438,0.0031575367445387534,0.10457243890884561
zone4,R20,NU_10,5.1305750881849885,1.713518905361174,3.417056182823815,0.688928763873696,0.4798252830756048,0.6940314430904456,0.03626673174890864,0.6422362435181441,0.10788956474913362,0.003118959636157927,0.1047706051129757
zone4,R20,NU_100,5.123591928254851,1.7165503343874478,3.4070415938674032,0.6895838803067933,0.480676808082985,0.694014600749372,0.03617983721203859,0.6463557632507675,0.10849461093611602,0.003084932241948152,0.10540967869416787
zone4,R20,NU_30,5.128212486749462,1.7147413502450695,3.4134711365043917,0.6891355991109911,0.4801686664699574,0.6940843618024091,0.0362407714909919,0.6432951658114986,0.10809671882288281,0.003116968422258442,0.10497975040062436
zone4,R20,NU_60,5.126130475031069,1.71557621399787,3.4105542610331985,0.6893568950949476,0.48040317876006994,0.6939382758612404,0.03615031486825608,0.645106088641243,0.10828193136324785,0.003097577326173536,0.10518435403707432
zone4,R20,TOL_0.5,5.116137083880122,1.7272981495707496,3.3888389343093723,0.6920878969794497,0.4836958572917777,0.693925989765671,0.029041054370767337,0.6562581799030713,0.10965840597973063,0.0024096894393458696,0.10724871654038476
zone4,R20,TOL_1,5.128718722795487,1.7140786326042927,3.4146400901911944,0.6890272720553328,0.4799825098292898,0.6941719468474331,0.03650298523097889,0.6421847719145172,0.10802223677819425,0.0031415599270193167,0.10488067685117494
zone4,R20,TOL_2,5.130676041657222,1.7091204208635276,3.421555620793695,0.6882202538448812,0.4785897537223333,0.6964123087067933,0.04220725332630534,0.6399533352473054,0.10827329334328262,0.003677883201950066,0.10459541014133256
zone4,Rref,CLARA,2.6544559090301787,1.6339611266689753,1.0204947823612038,0.6653582275688751,0.4574775924317287,0.6939726630655906,0.07340225242935561,0.5328887644525981,0.0940378886377113,0.008067565198639465,0.08597032343907184
zone4,Rref,NMIN_10,2.654617839920048,1.6340816144758983,1.0205362254441501,0.6654201955974494,0.4575114373213139,0.6940707013496131,0.073517451155685,0.5330432391173262,0.0941872631430837,0.008111130399144248,0.08607613274393945
zone4,Rref,NMIN_20,2.654621073930304,1.6339945202184105,1.0206265537118935,0.6654167891377991,0.4574869726422443,0.6940644371610926,0.07351458983505661,0.53319075677856,0.09418329210259561,0.008114094128696472,0.08606919797389916
zone4,Rref,NMIN_30,2.654601817891431,1.6339276159716098,1.0206742019198212,0.6653817646844257,0.45746817931449124,0.6940516840907278,0.07350064619573406,0.5331812670717584,0.0941453001811036,0.008113013799158571,0.08603228638194503
zone4,Rref,NMIN_50,2.6543904755643415,1.6338651015878232,1.020525373976518,0.6653430878554939,0.4574506190943264,0.6940075550083595,0.07343434650206233,0.5329343883862097,0.09404264593146168,0.008077693285777463,0.08596495264568421
zone4,Rref,NU_0,2.6550267325062853,1.633361952689364,1.0216647798169214,0.6649738663755931,0.4573092851340851,0.6940604997194919,0.07321765404928028,0.5303692847365569,0.09358497854442366,0.008035143783736522,0.08554983476068714
zone4,Rref,NU_10,2.654726159144053,1.6333812132099885,1.0213449459340644,0.6649705975805015,0.45731469539268754,0.6940597282272742,0.07332082085429735,0.5300509928848268,0.09359579505899066,0.00804385116052621,0.08555194389846446
zone4,Rref,NU_100,2.6532286532840597,1.6344990779629232,1.0187295753211365,0.6656662582360121,0.45762870234575903,0.6933707730490886,0.07338542134725855,0.5339983256746114,0.09423623038460426,0.008012389041840196,0.08622384134276406
zone4,Rref,NU_30,2.654396879043437,1.6340539730215398,1.0203429060218971,0.6653662989576885,0.4575036728678424,0.6939979750919137,0.07348040497016663,0.5321160566763148,0.09395244160091763,0.008023726365956102,0.08592871523496154
zone4,Rref,NU_60,2.653708785364012,1.6343085177607548,1.0194002676032574,0.6654780118786042,0.4575751741990825,0.6936781307289293,0.07354271182854479,0.5329970861153491,0.0941335824004269,0.00805440479874676,0.08607917760168013
zone4,Rref,TOL_0.5,2.6611748598857083,1.663429924249602,0.9977449356361066,0.6741303765139671,0.4657553445611183,0.6897322482003686,0.04010034192141311,0.5635361512828827,0.09478130108862155,0.004012216278158561,0.090769084810463
zone4,Rref,TOL_1,2.6544559090301787,1.6339611266689753,1.0204947823612038,0.6653582275688751,0.4574775924317287,0.6939726630655906,0.07340225242935561,0.5328887644525981,0.0940378886377113,0.008067565198639465,0.08597032343907184
zone4,Rref,TOL_2,2.64973768867022,1.6184791829334078,1.0312585057368122,0.6611411128748145,0.4531287318318502,0.6977782479617186,0.09222079923507624,0.5196306412661525,0.09499971334930128,0.010695535625619992,0.08430417772368128
zone5,R01,CLARA,1.7604863645701527,1.5387359592300591,0.22175040534009363,0.5996813464522741,0.4310797421336565,0.6990901465123174,0.1294836869768269,0.20504224110615063,0.05017052564165395,0.0182156817688101,0.03195484387284385
zone5,R01,NMIN_10,1.7609844387844946,1.5394423892255549,0.22154204955893958,0.6000024581490361,0.43127817752564973,0.6991195323606134,0.12927725624046038,0.20706368489140398,0.050358925273831956,0.018144071839234294,0.03221485343459766
zone5,R01,NMIN_20,1.760982341517161,1.5394260455300288,0.22155629598713214,0.5999900273546287,0.43127358659994014,0.6991121584844773,0.12940725292918154,0.2071357081571661,0.05037018865581958,0.01815576500585433,0.032214423649965254
zone5,R01,NMIN_30,1.7609185894222106,1.5393238743707496,0.22159471505146114,0.5999483097660954,0.4312448868360977,0.6991074592960225,0.12937570199343798,0.2066666260835491,0.05031931748442646,0.01815185031015623,0.032167467174270235
zone5,R01,NMIN_50,1.7604688425271726,1.5387102997289184,0.22175854279825427,0.599671583373501,0.4310725344086169,0.6990881364890051,0.12959764592826645,0.20502045658694196,0.05017007415435465,0.018218589833865036,0.03195148432048961
zone5,R01,NU_0,1.7600558299740394,1.5381340852892578,0.2219217446847815,0.5993361598376317,0.43091067641994835,0.6991230258497835,0.13007535339755089,0.20325347068788827,0.04992336713253338,0.018274560584845487,0.0316488065476879
zone5,R01,NU_10,1.7604539791715823,1.5386727636475521,0.2217812155240303,0.5996692955439923,0.43106199056553657,0.6990954726938113,0.12980119256587322,0.20499438790483743,0.05017153917024909,0.018223653671984155,0.03194788549826493
zone5,R01,NU_100,1.7612994151463353,1.539739867525955,0.22155954762038024,0.6001537591038171,0.43136173884598683,0.6987976468367819,0.1295196117136995,0.20865039326497978,0.050580527761798964,0.01817503125410291,0.03240549650769606
zone5,R01,NU_30,1.7607175073011965,1.5390410088950535,0.22167649840614306,0.5998615460379467,0.431165430241801,0.6990537422979825,0.12941798960699774,0.20637616957684254,0.05031692197644697,0.018198694710828304,0.032118227265618665
zone5,R01,NU_60,1.7609204274761554,1.5393100195295961,0.22161040794655926,0.6000045496202188,0.4312409950267849,0.6989495311119848,0.1296874794978704,0.20730269792125539,0.05047492567778528,0.01820300305772414,0.03227192262006114
zone5,R01,TOL_0.5,1.811012840715599,1.6018837315843573,0.20912910913124177,0.6175986032414486,0.4488178804354257,0.6954606567505079,0.06285015932606992,0.2629942095983617,0.04902261533364799,0.008899115262544114,0.04012350007110388
zone5,R01,TOL_1,1.7604863645701527,1.5387359592300591,0.22175040534009363,0.5996813464522741,0.4310797421336565,0.6990901465123174,0.1294836869768269,0.20504224110615063,0.05017052564165395,0.0182156817688101,0.03195484387284385
zone5,R01,TOL_2,1.733407464088172,1.5043423947112722,0.22906506937689977,0.589194817687623,0.42141862850478373,0.7006815465461623,0.16738594909422258,0.16857108526941336,0.05055402471416287,0.023562814729299535,0.02699120998486334
zone5,R02,CLARA,1.990275489933305,1.5539760008909247,0.4362994890423804,0.6041876611280862,0.4353606527125513,0.6973609828953237,0.11335345704565547,0.2212335613524379,0.04990500628012725,0.01585077853960775,0.0340542277405195
zone5,R02,NMIN_10,1.9907185677503019,1.5549764134280553,0.4357421543222467,0.60456450061599,0.4356416674701723,0.697450900499958,0.11371729671487418,0.2241881066063051,0.05024371404332868,0.015832555109209782,0.034411158934118904
zone5,R02,NMIN_20,1.990734205575754,1.5549552738090775,0.4357789317666766,0.604564379673364,0.4356357293749538,0.6974438912561929,0.11369609590660239,0.22426893562121294,0.05024736202453836,0.015833211786305125,0.034414150238233236
zone5,R02,NMIN_30,1.9907040536516347,1.5548711004311364,0.4358329532204984,0.604543172037518,0.43561208516766703,0.6974260538443986,0.1133221928596641,0.2237381432705358,0.05015760270999159,0.015797874027423303,0.034359728682568286
zone5,R02,NMIN_50,1.9902587733816635,1.5539561371120991,0.4363026362695643,0.604183302971455,0.43535507299939813,0.6973721037310343,0.11336042059149301,0.22123812334420354,0.04990660723238379,0.01585252404610852,0.03405408318627527
zone5,R02,NU_0,1.9902353703036957,1.5539977505877944,0.43623761971590125,0.604060353996935,0.4353667621779643,0.6975664717475337,0.11351497429182018,0.2204625931431086,0.0497598612055743,0.01584531270375639,0.03391454850181791
zone5,R02,NU_10,1.9901707996787377,1.5538006067194186,0.43637019295931895,0.604071685574691,0.4353113846868474,0.6975694722571836,0.11357152416576313,0.2208240575092874,0.04981941650561556,0.015865884633819497,0.03395353187179607
zone5,R02,NU_100,1.990397184707203,1.5541815797174963,0.4362156049897071,0.6044151104701804,0.43541839957394785,0.6972525245634025,0.11410047993109579,0.22350176924166967,0.050247825675542014,0.015901381589105264,0.03434644408643674
zone5,R02,NU_30,1.9904206535706437,1.5542400772734848,0.43618057629715873,0.6043294139999748,0.4354348314716975,0.6973338889628213,0.11353289129560652,0.22250033046800327,0.05008713093068411,0.015862727642085586,0.03422440328859852
zone5,R02,NU_60,1.9904716951164725,1.5542610035688789,0.4362106915475938,0.604381232843356,0.43544070964456094,0.6972637836344443,0.11388556225775286,0.2229655046538554,0.05017835215060196,0.015885345090253106,0.03429300706034886
zone5,R02,TOL_0.5,2.0282583924202338,1.6155789214963785,0.41267947092385554,0.6223218299733988,0.4526648438938585,0.6955836289812657,0.05269563604286983,0.28613360476223254,0.05066036517669376,0.007403758704410461,0.0432566064722833
zone5,R02,TOL_1,1.990275489933305,1.5539760008909247,0.4362994890423804,0.6041876611280862,0.4353606527125513,0.6973609828953237,0.11335345704565547,0.2212335613524379,0.04990500628012725,0.01585077853960775,0.0340542277405195
zone5,R02,TOL_2,1.971214034666824,1.5206202398216149,0.45059379484520934,0.5938978705801851,0.4259910569065654,0.7003364063967239,0.1516529441854118,0.1858110089949519,0.05055248626467257,0.021239013134380598,0.029313473130291968
zone5,R10,CLARA,3.4762728898670967,1.7502687541857542,1.7260041356813423,0.6802756531247528,0.49049906655941355,0.7049704821545872,0.046093861818380266,0.6000487130959158,0.1024897214328212,0.004383102606970656,0.09810661882585056
zone5,R10,NMIN_10,3.4763007871219966,1.7501357998862432,1.7261649872357538,0.6801982829952758,0.49046171984606773,0.7049956263463238,0.04593168535583829,0.599289740142355,0.10242156551521872,0.004392450455242855,0.09802911505997586
zone5,R10,NMIN_20,3.4763058321923306,1.7501719201206336,1.7261339120716972,0.6801993705166662,0.4904718659793234,0.7049981636310618,0.04595363553022856,0.5992613207570748,0.10242492262044024,0.0043926666431332,0.09803225597730704
zone5,R10,NMIN_30,3.476138106023316,1.7503925856972198,1.725745520326096,0.6802813866448125,0.4905338506918477,0.7050028756575826,0.045941449325012866,0.5999229792881141,0.10250274738699548,0.004387350847981144,0.09811539653901434
zone5,R10,NMIN_50,3.4762590414032615,1.7502630945481397,1.725995946855122,0.6802697049924664,0.49049747677356675,0.7049811785097393,0.046018623150114145,0.5998764362492057,0.10249397704919824,0.004387761486238637,0.09810621556295962
zone5,R10,NU_0,3.477176535199824,1.7497507056324135,1.7274258295674103,0.6800016309976269,0.4903535473028573,0.705157109995651,0.04609249344499535,0.5994541220172791,0.1022320190582628,0.004385932797897103,0.0978460862603657
zone5,R10,NU_10,3.476892100573013,1.7498757814171635,1.7270163191558492,0.6801234431633099,0.49038868095025895,0.7051002941997822,0.04599898713975785,0.6003269153272708,0.10229681198295783,0.0043594312671806825,0.09793738071577714
zone5,R10,NU_100,3.4750922893587775,1.7525512952971716,1.7225409940616059,0.6809289227248041,0.49114022979295774,0.704561264570823,0.04529397529323458,0.6030133507786833,0.10298713757243397,0.004315152128427444,0.09867198544400652
zone5,R10,NU_30,3.476130063308396,1.7504446550838517,1.7256854082245443,0.6803516352622055,0.4905484769240477,0.7051144434047733,0.04618036040129791,0.6007648082785734,0.10255002835965772,0.004373981654244712,0.098176046705413
zone5,R10,NU_60,3.4751158210753483,1.7515037659333663,1.7236120551419818,0.6807367928635142,0.4908459799716642,0.7048446594940045,0.046204650950423136,0.6020523092808697,0.10288345271588253,0.004352676060397207,0.09853077665548532
zone5,R10,TOL_0.5,3.477953623594234,1.7698387423930881,1.7081148812011457,0.6852743885657065,0.49599625425810284,0.7055398274317433,0.03284466800599803,0.6221645594034019,0.10439317794087331,0.0029033036048133334,0.10148987433605998
zone5,R10,TOL_1,3.4762728898670967,1.7502687541857542,1.7260041356813423,0.6802756531247528,0.49049906655941355,0.7049704821545872,0.046093861818380266,0.6000487130959158,0.1024897214328212,0.004383102606970656,0.09810661882585056
zone5,R10,TOL_2,3.4740223238665986,1.743613803248632,1.7304085206179671,0.6789306569313921,0.4886296983186489,0.7067955168937782,0.056133656575479786,0.5956813495142995,0.10295647875475113,0.00527245017227696,0.09768402858247416
zone5,R20,CLARA,5.172631756747221,1.785701397626178,3.3869303591210436,0.6884173901098934,0.5004520562898697,0.7068466780090941,0.03142929596337906,0.6410290608112651,0.10731364188482875,0.0027342570642191243,0.10457938482060962
zone5,R20,NMIN_10,5.1732901324822755,1.7854666523409535,3.3878234801413223,0.6883441017919054,0.5003861166030089,0.7068683384721545,0.03122075026759445,0.6405229994807787,0.10721901297642467,0.0027230382168434613,0.10449597475958121
zone5,R20,NMIN_20,5.173223960492818,1.78552178092065,3.3877021795721682,0.688351643247484,0.5004016021591035,0.7068674557645886,0.031210343673457867,0.6405775756525529,0.10722633742531917,0.002722227598174213,0.10450410982714496
zone5,R20,NMIN_30,5.172927803902787,1.7856841481956662,3.387243655707121,0.6883930196385653,0.5004472109442203,0.7068635162069257,0.03121803746646783,0.6410326182238845,0.1072716487189469,0.002722062164659289,0.1045495865542876
zone5,R20,NMIN_50,5.172710276737564,1.785696618309406,3.387013658428158,0.6884162525719302,0.5004507137851585,0.7068729959899279,0.03149869996423786,0.6410256424634319,0.10732197304586863,0.0027398366889548956,0.10458213635691374
zone5,R20,NU_0,5.174630520405166,1.784609385043383,3.3900211353617826,0.688181851158189,0.5001453111823431,0.7067595709148038,0.031783086815149145,0.6404087471436865,0.1071333136174539,0.0027660936416727946,0.10436721997578109
zone5,R20,NU_10,5.173582231729627,1.784983163422296,3.3885990683073315,0.688281888461497,0.5002503051090039,0.7067123694552426,0.03164205947518432,0.6407579204507055,0.1072425492323096,0.0027655745925304403,0.10447697463977916
zone5,R20,NU_100,5.168364583551315,1.788034535829444,3.380330047721871,0.6889789329186526,0.5011074321896636,0.706939409341568,0.03194244971424979,0.6434955113212463,0.10791023502689083,0.002750100041134341,0.10516013498575649
zone5,R20,NU_30,5.17233499019299,1.7857563919006103,3.3865785982923797,0.6883956000676842,0.5004675041197664,0.7068323724624156,0.031714459433958384,0.641411451433219,0.10736110982423998,0.002767460711908072,0.1045936491123319
zone5,R20,NU_60,5.170341271663363,1.787206644461142,3.383134627202221,0.688713632224988,0.5008748784345225,0.7069566393102823,0.03174957975766472,0.6427928099844135,0.10765287050835437,0.0027545808333431813,0.10489828967501119
zone5,R20,TOL_0.5,5.158440493300317,1.7984984908270891,3.3599420024732276,0.6911817222767406,0.5040467453912493,0.7076690073569459,0.028855358213326392,0.6557551281670748,0.10921457977906951,0.0023305550801037958,0.10688402469896571
zone5,R20,TOL_1,5.172631756747221,1.785701397626178,3.3869303591210436,0.6884173901098934,0.5004520562898697,0.7068466780090941,0.03142929596337906,0.6410290608112651,0.10731364188482875,0.0027342570642191243,0.10457938482060962
zone5,R20,TOL_2,5.172999371108468,1.7807787525666001,3.392220618541868,0.6872566458148303,0.49906929082369617,0.708247925050066,0.03934734117603624,0.637949365123413,0.10754245459922938,0.0034157429681508852,0.10412671163107852
zone5,Rref,CLARA,2.710535499257302,1.703786233993166,1.0067492652641363,0.6656440719384126,0.4774421788648663,0.7022418454353485,0.058281725734611746,0.5327369923117186,0.09191754383839866,0.006350283964864412,0.08556725987353424
zone5,Rref,NMIN_10,2.710425844313444,1.7041742842046241,1.00625156010882,0.6657151586977765,0.4775511817332534,0.7023063839923833,0.058310771198379054,0.5329825788402817,0.09203244871290445,0.006371667729091167,0.08566078098381327
zone5,Rref,NMIN_20,2.7104623438148634,1.704182940871804,1.006279402943059,0.6657097660214838,0.47755361338133767,0.7023130721662545,0.05830106234962008,0.5329060381444318,0.09202764735947302,0.006372508678994046,0.08565513868047897
zone5,Rref,NMIN_30,2.710368382481742,1.7042691772606664,1.0060992052210758,0.6657788917837275,0.47757783708607426,0.7022938586142533,0.05810710393720538,0.5331807453751921,0.0920505659686382,0.006346537388856213,0.08570402857978199
zone5,Rref,NMIN_50,2.7105033006027885,1.7037375793263625,1.0067657212764258,0.6656289125515918,0.4774285118236294,0.7022620315115061,0.05817371149277308,0.5324462739629449,0.09191694094064683,0.006356038496752722,0.0855609024438941
zone5,Rref,NU_0,2.7110033014806865,1.703378919815334,1.0076243816653527,0.6654485736782161,0.4773277647699697,0.7023652569932523,0.057974009716472354,0.531643920621693,0.09174447845159292,0.006359145541823929,0.08538533290976899
zone5,Rref,NU_10,2.7107159286066684,1.704244451367808,1.0064714772388608,0.6657452847707248,0.4775708916105523,0.7023284254228088,0.05790834996556275,0.5325254081252541,0.0919056808039472,0.0062979909760288305,0.08560768982791837
zone5,Rref,NU_100,2.709768563647407,1.7039108937992389,1.005857669848168,0.6658332413974055,0.47747719566432506,0.7022195695587974,0.05929828547063078,0.5335712741555172,0.09228867650297798,0.006456547530283837,0.08583212897269414
zone5,Rref,NU_30,2.7105586048993655,1.7043600414755045,1.0061985634238608,0.6658145142904642,0.4776033607419277,0.7023241470421613,0.0582846567001129,0.53319322656285,0.0920644170899443,0.006343754206708039,0.08572066288323625
zone5,Rref,NU_60,2.7101324166189293,1.7041217130822621,1.0060107035366668,0.6658128715585353,0.47753641456405066,0.7021173986047605,0.05839065293184287,0.5329355073013842,0.09210424564607687,0.006367772764913992,0.08573647288116289
zone5,Rref,TOL_0.5,2.721023688824712,1.7315193457300777,0.9895043430946349,0.6733758826758174,0.4852323787909651,0.7019370018578854,0.03550185618054027,0.5633702243485292,0.09369375777605875,0.0034803289950634014,0.09021342878099534
zone5,Rref,TOL_1,2.710535499257302,1.703786233993166,1.0067492652641363,0.6656440719384126,0.4774421788648663,0.7022418454353485,0.058281725734611746,0.5327369923117186,0.09191754383839866,0.006350283964864412,0.08556725987353424
zone5,Rref,TOL_2,2.7050201945755576,1.6883347753555644,1.0166854192199934,0.661720258367729,0.47310188149475346,0.704943550467481,0.0791833560919999,0.5209588639341548,0.09281240653702558,0.00875206866999243,0.08406033786703314
zone6,R01,CLARA,1.7752251261829635,1.553299926438092,0.22192519974487165,0.6009390143756108,0.4351470934663702,0.7076308647974362,0.153938717330287,0.21632272173183661,0.05410928349752384,0.020655836508372737,0.0334534469891511
zone6,R01,NMIN_10,1.776193862885385,1.5545955999719772,0.22159826291340792,0.60139110973847,0.4355110467062257,0.7077496447816826,0.15369494753742732,0.21932656887365418,0.054442886264606916,0.020596418936802533,0.03384646732780438
zone6,R01,NMIN_20,1.77610548620291,1.554472936318069,0.22163254988484113,0.6013240480047164,0.4354765906236671,0.7077627775356198,0.1539838380227375,0.2188778857922943,0.05441470834212412,0.02061676762571874,0.033797940716405385
zone6,R01,NMIN_30,1.7758639137578438,1.5541249231731769,0.221738990584667,0.6011794729967841,0.435378834122293,0.7077518812366024,0.15418673254308485,0.21787840836591124,0.05433481568520065,0.020649478815511626,0.03368533686968902
zone6,R01,NMIN_50,1.7752801485160945,1.5533605185871233,0.22191962992897105,0.600954562519035,0.4351641137329521,0.7076426439244925,0.15391644499604956,0.21643076057296873,0.05411336976623104,0.0206504481817946,0.033462921584436436
zone6,R01,NU_0,1.775305161444444,1.5533314818549138,0.22197367958953007,0.6009570476917915,0.4351559573475,0.7076884993090184,0.15368948636874363,0.21623888650643014,0.05403019600565653,0.020605700992851805,0.03342449501280473
zone6,R01,NU_10,1.775277688620058,1.553344542054714,0.22193314656534366,0.6009941460187569,0.4351596259429495,0.7076903482775814,0.15400580575723113,0.21660954211410083,0.054129408494453475,0.020637415503405945,0.03349199299104753
zone6,R01,NU_100,1.7750432048905291,1.5529863849292374,0.222056819961292,0.6009398816059435,0.4350590200088268,0.7073497831269198,0.15409331417493005,0.21706402590875543,0.05420336713820391,0.02068470551398289,0.03351866162422102
zone6,R01,NU_30,1.7754864763296079,1.5535906495726666,0.22189582675694114,0.6011086052684909,0.4352287572682171,0.7076385471428932,0.15381715463548432,0.21700434073879227,0.05418800324731932,0.02060794325442774,0.03358005999289159
zone6,R01,NU_60,1.775634494956717,1.553752411706826,0.22188208324989106,0.601172502209073,0.4352741960699472,0.7075600061525459,0.15378568094623604,0.21798165213295081,0.05429374785344109,0.02062940883879715,0.03366433901464394
zone6,R01,TOL_0.5,1.8218887790529308,1.6126849789697228,0.2092038000832081,0.6176130693425901,0.45182828799772723,0.7022127008451045,0.0872898515774704,0.27051063883606546,0.05216792021072299,0.011272554888831977,0.04089536532189101
zone6,R01,TOL_1,1.7752251261829635,1.553299926438092,0.22192519974487165,0.6009390143756108,0.4351470934663702,0.7076308647974362,0.153938717330287,0.21632272173183661,0.05410928349752384,0.020655836508372737,0.0334534469891511
zone6,R01,TOL_2,1.7498305268515488,1.5206735384541836,0.22915698839736534,0.5909239487306734,0.4259823777405533,0.7100913352028384,0.18500781352151405,0.182285840231185,0.05430034939355248,0.025704841181961417,0.02859550821159106
zone6,R02,CLARA,2.00522204235649,1.5684346307934014,0.43678741156308887,0.6055958840890138,0.43939841491449083,0.7070557923885125,0.13895402076744875,0.23429379917818152,0.05431181372757106,0.018426851277205156,0.0358849624503659
zone6,R02,NMIN_10,2.00590270890208,1.5698822687198877,0.43602044018219216,0.6060612177434563,0.4398050547814814,0.7071888151859742,0.13839549400131634,0.23763904468837868,0.05468942260810189,0.01838626344324151,0.03630315916486037
zone6,R02,NMIN_20,2.0058389370217693,1.5697432231092867,0.4360957139124825,0.605989299688382,0.43976599702569463,0.7072031987744851,0.1389894274241718,0.23707131912418636,0.05465817698645483,0.01840793456232273,0.03625024242413209
zone6,R02,NMIN_30,2.0057196079921615,1.5693848891287785,0.43633471886338265,0.6058619035594156,0.4396653414131923,0.7071716110355846,0.13915026058613683,0.23612040167284293,0.05458999064225825,0.018435302599459413,0.036154688042798845
zone6,R02,NMIN_50,2.005218630984788,1.5684355400199639,0.4367830909648245,0.6055953326415059,0.4393986703152106,0.7070477791846724,0.13895231088031645,0.23429037252567833,0.05431180857316982,0.01842747829536961,0.035884330277800205
zone6,R02,NU_0,2.0052718489683987,1.5687180417239468,0.43655380724445186,0.6056643651089866,0.4394780247264418,0.7071719003237014,0.13839016759127665,0.23388164138442233,0.054202590289582374,0.018344067658116452,0.03585852263146592
zone6,R02,NU_10,2.005108933653962,1.5683995204179637,0.43670941323599827,0.6055329950365214,0.43938855244948033,0.7071916851273844,0.13895720416081866,0.23374895226431502,0.05424038525532496,0.018420462993421437,0.03581992226190352
zone6,R02,NU_100,2.0051761408635254,1.5682861474669585,0.4368899933965668,0.605574416294961,0.4393567061149283,0.7070077103684101,0.13931818519128894,0.23418038234632313,0.0544100028601282,0.01847533680856701,0.03593466605156119
zone6,R02,NU_30,2.0051710015844537,1.568410098817288,0.43676090276716567,0.6056243643354525,0.43939152390996467,0.7071233404260271,0.1391508478556446,0.23411303734885502,0.05436276360932899,0.01842842252426568,0.03593434108506332
zone6,R02,NU_60,2.0052496305571874,1.56840800545725,0.43684162509993757,0.6056008974835158,0.43939093588748207,0.707104290095426,0.13923688145154992,0.2341903183068518,0.05438519354619645,0.01845317526879934,0.0359320182773971
zone6,R02,TOL_0.5,2.0393511940467497,1.6263802136340555,0.41297098041269414,0.6221350222309067,0.4556752640270341,0.7013476634467137,0.07566502804271068,0.2896943434523052,0.053390690602348106,0.009606456728835179,0.04378423387351293
zone6,R02,TOL_1,2.00522204235649,1.5684346307934014,0.43678741156308887,0.6055958840890138,0.43939841491449083,0.7070557923885125,0.13895402076744875,0.23429379917818152,0.05431181372757106,0.018426851277205156,0.0358849624503659
zone6,R02,TOL_2,1.9862692862194697,1.5348931092183622,0.4513761770011075,0.5953389977396426,0.42997663919116524,0.7097788129286023,0.173737823418861,0.19919952464370172,0.05466206790201875,0.023713531467640662,0.030948536434378088
zone6,R10,CLARA,3.466674257959112,1.7701729819755236,1.6965012759835885,0.682233047283373,0.49606649108924433,0.7100119496552927,0.061355692550124304,0.6091194145964376,0.10529059760633698,0.0055047257192161305,0.09978587188712085
zone6,R10,NMIN_10,3.4669615281229316,1.7706872732453554,1.6962742548775764,0.6823306274458416,0.4962109549290847,0.7099510646246343,0.06083693677286003,0.6093300057693448,0.10530210788815872,0.0054615403881317125,0.099840567500027
zone6,R10,NMIN_20,3.4669710819384973,1.7706354188664972,1.6963356630719997,0.6822798496830206,0.49619638909232683,0.7099738917378963,0.06133955330827567,0.6095324040915828,0.10528628257460368,0.005481574312080746,0.09980470826252294
zone6,R10,NMIN_30,3.4668262535725267,1.770577702450076,1.6962485511224508,0.682286324553835,0.49618017661580394,0.7099947148730523,0.06125038981960567,0.609481589853361,0.10529627629431897,0.0054836744733723275,0.09981260182094664
zone6,R10,NMIN_50,3.466680006841788,1.7701694048995782,1.6965106019422094,0.6822308726172609,0.4960654862926305,0.7100183448197662,0.061355692550124304,0.6091199396465661,0.10528828431658513,0.0055047257192161305,0.099783558597369
zone6,R10,NU_0,3.4681897202166323,1.7697160500664577,1.6984736701501746,0.6819809712824858,0.4959381394293944,0.7099816124500546,0.061108876636840476,0.6085963664660565,0.1049744935272572,0.005467666013462631,0.09950682751379457
zone6,R10,NU_10,3.467550444128175,1.7698994628198175,1.6976509813083573,0.6820486566457717,0.4959896598657313,0.7099735003001143,0.06116601218671942,0.6090581124234596,0.10507258739002683,0.005481287154199795,0.09959130023582703
zone6,R10,NU_100,3.4647974942229935,1.7713731885767983,1.6934243056461953,0.6827080726700574,0.49640362777499564,0.7098980404538274,0.06196135942036374,0.6110243033648857,0.10578769028238318,0.005516513948724049,0.10027117633365913
zone6,R10,NU_30,3.4662449008592273,1.7705872685238493,1.6956576323353783,0.6824595155782244,0.49618286371517845,0.7099141248580425,0.06086950884845907,0.6102739835594739,0.10536600131959836,0.00543637596257402,0.09992962535702435
zone6,R10,NU_60,3.4654118172032864,1.7710480768947114,1.6943637403085752,0.682508893068782,0.49631230426879147,0.7098400376327321,0.06149211665281054,0.6105982765510535,0.1055273104958859,0.005494277102436387,0.10003303339344952
zone6,R10,TOL_0.5,3.4647857497276275,1.78710858152989,1.6776771681977374,0.6872124842588905,0.5008236819753022,0.7085670510903107,0.043768960033982125,0.6329701903604776,0.10667011552892489,0.003654094070347946,0.10301602145857694
zone6,R10,TOL_1,3.466674257959112,1.7701729819755236,1.6965012759835885,0.682233047283373,0.49606649108924433,0.7100119496552927,0.061355692550124304,0.6091194145964376,0.10529059760633698,0.0055047257192161305,0.09978587188712085
zone6,R10,TOL_2,3.4657031143762134,1.7621486475527746,1.7035544668234388,0.6807470190499307,0.4938124645660002,0.7135162658232578,0.07169075883116789,0.6052408482532622,0.10591006962747386,0.0065779898180411,0.09933207980943275
zone6,R20,CLARA,5.121862006505572,1.8061773131110483,3.315684693394524,0.6909625035283445,0.5061800672509085,0.7098472976440907,0.041655948764308004,0.6521917922602515,0.11005229802626311,0.00343675535056595,0.10661554267569716
zone6,R20,NMIN_10,5.12265768196865,1.8059083233163844,3.316749358652265,0.6908820866792935,0.5061045083198232,0.7098085834003864,0.04156375967385081,0.6517463765198953,0.10998695772768112,0.003448948675443076,0.10653800905223805
zone6,R20,NMIN_20,5.122715935623731,1.8058860150975653,3.3168299205261658,0.6908388832410749,0.5060982419662223,0.7098384729466247,0.04197209788070511,0.6520800912550293,0.10997670162161537,0.003467656977578597,0.10650904464403678
zone6,R20,NMIN_30,5.122598036528613,1.8059245290327741,3.3166735074958393,0.690882923169948,0.5061090604873484,0.7098512903968462,0.04177853109350366,0.6520343104239301,0.11000967570380975,0.0034581917844671746,0.10655148391934258
zone6,R20,NMIN_50,5.121865362428543,1.8061785830078094,3.3156867794207336,0.6909625035283445,0.5061804239634818,0.7098477380655811,0.041655948764308004,0.6521917922602515,0.11005229802626311,0.00343675535056595,0.10661554267569716
zone6,R20,NU_0,5.124719112646984,1.804956804235719,3.319762308411265,0.690625489635951,0.5058372276791868,0.7097758547777356,0.04203898460894616,0.6502381289350799,0.10975492988656231,0.0034573234211441777,0.10629760646541814
zone6,R20,NU_10,5.123229491224392,1.8057927523331363,3.3174367388912556,0.6907796036089912,0.5060720445604838,0.7098678923918872,0.04188145594933819,0.6512264273179325,0.10989106897453721,0.003448593112563126,0.10644247586197408
zone6,R20,NU_100,5.117067670365065,1.8096424312427752,3.3074252391222903,0.6918166280461217,0.5071534150407194,0.7100599915863607,0.041086313340910154,0.6560691966625329,0.11078834557319853,0.003373466037269409,0.10741487953592911
zone6,R20,NU_30,5.121141609787858,1.8068733247331183,3.3142682850547405,0.6910628201695183,0.5063755761335126,0.7098709241149648,0.04122463601670344,0.652738896283294,0.1101056586294152,0.003415696476273173,0.10668996215314201
zone6,R20,NU_60,5.119395136908688,1.8081239178357058,3.311271219072982,0.6913758608615433,0.5067268663308686,0.7099827667542287,0.041249718283686135,0.6540701560998153,0.11040427925005732,0.0034058839647616974,0.10699839528529562
zone6,R20,TOL_0.5,5.111298182735305,1.8165315095602173,3.2947666731750878,0.693755655153621,0.5090885493995515,0.7092880741654468,0.03361519319470062,0.6650030954252442,0.1112872813387479,0.002651271895380195,0.10863600944336772
zone6,R20,TOL_1,5.121862006505572,1.8061773131110483,3.315684693394524,0.6909625035283445,0.5061800672509085,0.7098472976440907,0.041655948764308004,0.6521917922602515,0.11005229802626311,0.00343675535056595,0.10661554267569716
zone6,R20,TOL_2,5.126250124248329,1.801324308784055,3.3249258154642733,0.6899159367356836,0.50481686378827,0.7114422294367708,0.04944302014585479,0.6489400178231451,0.11016034959370186,0.00402720605506747,0.1061331435386344
zone6,Rref,CLARA,2.7148617749298047,1.720204526909553,0.9946572480202522,0.6665722666569422,0.48203040820554466,0.7082349894282196,0.07985914972859116,0.5416802721508412,0.09491141347577049,0.008227051508531766,0.08668436196723872
zone6,Rref,NMIN_10,2.715212790185268,1.7208929811713987,0.9943198090138692,0.6667819436837192,0.48222379423415307,0.7082150509228302,0.07954794304370222,0.5421305982193448,0.09514243616610614,0.00823485001671487,0.08690758614939127
zone6,Rref,NMIN_20,2.715246887896054,1.7208432010489454,0.9944036868471084,0.6666876616394771,0.48220981105368865,0.7082848945242961,0.08004109371126872,0.5419639144050925,0.09508513400815564,0.008256621894831959,0.08682851211332368
zone6,Rref,NMIN_30,2.7151849366086234,1.72068199294502,0.9945029436636034,0.6666551246341025,0.4821645278784286,0.7083252483033832,0.08006118224445764,0.5417395205596367,0.0950680397245605,0.008264533199243779,0.08680350652531672
zone6,Rref,NMIN_50,2.7148581965096756,1.7202147225686968,0.9946434739409792,0.6665738514912812,0.4820332721547424,0.7082235994150752,0.079846602096914,0.5415497056663874,0.09490971393401056,0.00822569639638053,0.08668401753763003
zone6,Rref,NU_0,2.7153164252599318,1.7198982737941557,0.9954181514657758,0.6664077996127739,0.4819443820495342,0.7083644571133595,0.0798811421627815,0.5401842930890395,0.09472233318004887,0.00821276388480144,0.08650956929524745
zone6,Rref,NU_10,2.7152264471814855,1.720123179313811,0.9951032678676743,0.6665854373876648,0.48200755775730253,0.708361373979605,0.07960585609045098,0.5412381526097925,0.09486122431069205,0.00819334360303073,0.08666788070766132
zone6,Rref,NU_100,2.7140327029827733,1.7210147922564691,0.993017910726304,0.6669744564369711,0.48225801083108294,0.7082392525078166,0.08039725752843647,0.5439528066955593,0.09543332210623755,0.008294513022852444,0.08713880908338509
zone6,Rref,NU_30,2.7145134280229306,1.7204406827221848,0.9940727453007457,0.6667140897076442,0.4820967441079694,0.7083140327518557,0.08034607397958994,0.542181560507324,0.09512778819469904,0.008271289552363635,0.0868564986423354
zone6,Rref,NU_60,2.7144434513341578,1.720674550601375,0.9937689007327828,0.6667884218787026,0.48216243733246095,0.7083150636040109,0.08032152346859359,0.5432534896083901,0.09522467849006888,0.008280486757119856,0.08694419173294904
zone6,Rref,TOL_0.5,2.722767092209937,1.7464534294959746,0.9763136627139629,0.6745405638779858,0.4894036954489215,0.7057939695407728,0.04998836565346958,0.571433582907014,0.09602567027288164,0.004718078930384581,0.09130759134249705
zone6,Rref,TOL_1,2.7148617749298047,1.720204526909553,0.9946572480202522,0.6665722666569422,0.48203040820554466,0.7082349894282196,0.07985914972859116,0.5416802721508412,0.09491141347577049,0.008227051508531766,0.08668436196723872
zone6,Rref,TOL_2,2.70943401496415,1.705515123144805,1.0039188918193451,0.66331119711688,0.477904171192975,0.7127501403301175,0.09445983524892006,0.5316878913799422,0.09567546682043652,0.010277403569848348,0.08539806325058819
zone7,R01,CLARA,1.4514057677204972,1.2641296167332163,0.18727615098728087,0.5915947661432264,0.3546500630924098,0.5880636675876062,0.19537357027489105,0.19217696411900861,0.05725158619222102,0.02672385287152203,0.030527733320698983
zone7,R01,NMIN_10,1.4517648680614887,1.264647839563553,0.187117028497936,0.5918305354698332,0.3547956313031785,0.5880888132140483,0.194251400310709,0.1928876494131817,0.057252580505359536,0.026605054629912382,0.030647525875447154
zone7,R01,NMIN_20,1.4517663254025748,1.2646410998954538,0.1871252255071209,0.5918234663365146,0.3547937381379821,0.5880936826331132,0.19439763236604699,0.19301613775313903,0.057258435510679905,0.026611338772544988,0.03064709673813492
zone7,R01,NMIN_30,1.4517320047073496,1.264549649336687,0.1871823553706626,0.591734031768531,0.3547680497787779,0.5880844638295574,0.19493866041089877,0.1927968694304938,0.05729178158975728,0.026672608153255128,0.03061917343650215
zone7,R01,NMIN_50,1.451388004425679,1.2640985858880642,0.18728941853761472,0.59158127720775,0.35464134656287266,0.588057225063616,0.19549978925957687,0.19215866801926518,0.057269960238920566,0.026739402652255276,0.030530557586665296
zone7,R01,NU_0,1.4518733090666445,1.2645934936666903,0.18727981539995392,0.5915666808080675,0.3547803656018126,0.5878068507604993,0.19426546445151086,0.19150045865663817,0.05704055539004617,0.02661402310414092,0.030426532285905254
zone7,R01,NU_10,1.452029037537466,1.264795681410026,0.18723335612743977,0.5917095108988082,0.35483715991173836,0.5878336400451608,0.19438375295476185,0.1921614602321782,0.057148475470915956,0.026614011651945494,0.030534463818970455
zone7,R01,NU_100,1.451165892763489,1.2638577480136803,0.18730814474980853,0.5916096769394841,0.35457369547456263,0.5880778393822417,0.19618617003417213,0.19321764985859147,0.05746251621683618,0.026831255666961235,0.030631260549874945
zone7,R01,NU_30,1.4518476776186113,1.2646185465704363,0.18722913104817523,0.5917974514695491,0.3547874029343254,0.5881293659514487,0.19508581506573622,0.19329694603945266,0.05737985298668863,0.02669587466376772,0.030683978322920913
zone7,R01,NU_60,1.4514897391052246,1.2642463927434944,0.18724334636173023,0.5917853770060847,0.3546828653424879,0.5881251683878277,0.1957644146740629,0.19373767699185054,0.057510335202945226,0.026777448291100726,0.030732886911844507
zone7,R01,TOL_0.5,1.5176148534579303,1.3450852885671098,0.17252956489082072,0.616166197746245,0.3773904203491214,0.5847151376923596,0.087573424915188,0.2603982669247096,0.053481473106693996,0.012287939258584324,0.04119353384810968
zone7,R01,TOL_1,1.4514057677204972,1.2641296167332163,0.18727615098728087,0.5915947661432264,0.3546500630924098,0.5880636675876062,0.19537357027489105,0.19217696411900861,0.05725158619222102,0.02672385287152203,0.030527733320698983
zone7,R01,TOL_2,1.4186922422889843,1.2219436810236994,0.1967485612652852,0.576570418677057,0.3428000811515342,0.5909599148480015,0.2594455211402732,0.15680337509149522,0.06064210433574727,0.0360178085623855,0.024624295773361775
zone7,R02,CLARA,1.6480340454534859,1.2803683194041757,0.3676657260493102,0.5972662391737772,0.35921149642694894,0.5861780395217985,0.1690734735020795,0.20899110101696727,0.05624666748155636,0.02332334806857491,0.03292331941298145
zone7,R02,NMIN_10,1.6482502211516057,1.2810017591169771,0.3672484620346285,0.597610599833246,0.3593894289305449,0.5862451545430116,0.16788208890049336,0.21035790104950303,0.056334475173307925,0.023191778299410076,0.03314269687389785
zone7,R02,NMIN_20,1.648268753986939,1.280997920750279,0.3672708332366598,0.5975665095750251,0.35938835073765213,0.5862493687012159,0.16804277686608088,0.21026238868887182,0.05631793187075714,0.02320553782028251,0.03311239405047463
zone7,R02,NMIN_30,1.6482776879816776,1.280874045519927,0.3674036424617508,0.5974592669566865,0.35935355432463184,0.5862339548837109,0.16877317069608552,0.20991334261143693,0.05634862622757184,0.023275496128370418,0.033073130099201424
zone7,R02,NMIN_50,1.6480220385961248,1.2803523562245211,0.36766968237160386,0.5972667386417677,0.3592070123877201,0.5861734984187335,0.16908229559513058,0.2090177946093445,0.056249889825958264,0.023325047391361497,0.032924842434596764
zone7,R02,NU_0,1.6487619862583942,1.2814035074218628,0.3673584788365313,0.5974719330271995,0.35950227957798464,0.5859874280147128,0.1673740051699073,0.20989978725462474,0.0561548767025024,0.023148746203312493,0.03300613049918991
zone7,R02,NU_10,1.6485516924053172,1.2808826989764115,0.3676689934289058,0.5973328347275672,0.3593559850708353,0.5860325401294209,0.16833943046211025,0.20943749796276565,0.05620262013494853,0.023250391814144407,0.032952228320804126
zone7,R02,NU_100,1.6479278540162818,1.2801453386428372,0.36778251537344475,0.5973135136144408,0.3591488613816291,0.5862187400763843,0.16994633474572476,0.20961776509083122,0.0564545837255289,0.023417079987468076,0.033037503738060824
zone7,R02,NU_30,1.6480197230119715,1.2804449035556789,0.36757481945629267,0.5973508531026017,0.3592330088290565,0.5862836801584331,0.16951650239893168,0.20934640250754025,0.05631510809765205,0.023323913954876672,0.03299119414277538
zone7,R02,NU_60,1.6480868151202486,1.2804692374771667,0.36761757764308184,0.5974274252882714,0.35923984420026095,0.5862211670464949,0.16964049607955223,0.20989104458427865,0.056443419508277685,0.02335840741675504,0.03308501209152265
zone7,R02,TOL_0.5,1.7009065241216539,1.3609811480408265,0.33992537608082746,0.6212452799590832,0.3818555494147722,0.5849540129527611,0.07305474605470895,0.2822668981964598,0.05484054792414601,0.010376973273223532,0.04446357465092248
zone7,R02,TOL_1,1.6480340454534859,1.2803683194041757,0.3676657260493102,0.5972662391737772,0.35921149642694894,0.5861780395217985,0.1690734735020795,0.20899110101696727,0.05624666748155636,0.02332334806857491,0.03292331941298145
zone7,R02,TOL_2,1.6227290146115605,1.236949712979652,0.3857793016319085,0.5820629469726624,0.34701525866725125,0.5899888754742327,0.23507150787896156,0.17002377338694852,0.059041652783257625,0.032413847194038954,0.026627805589218675
zone7,R10,CLARA,2.8852478653199713,1.4829163912145287,1.402331474105443,0.6808976038637571,0.4161070222163739,0.5955861936929356,0.05457058133060328,0.5757817473716995,0.10508141562008746,0.005579462633454309,0.09950195298663315
zone7,R10,NMIN_10,2.8854719910647875,1.4826529223801146,1.4028190686846727,0.68070592206122,0.41603301411681937,0.5956097174584716,0.05482541258862394,0.5759659735170912,0.10493581470386515,0.0056005042238821716,0.09933531047998297
zone7,R10,NMIN_20,2.8854282557844284,1.482729860602005,1.4026983951824235,0.6807435255100444,0.41605462597690096,0.5956339716501816,0.05489837350479981,0.5760372092677247,0.10499107483659917,0.005609507714021315,0.09938156712257784
zone7,R10,NMIN_30,2.8854131622590895,1.482761645406518,1.4026515168525713,0.680782795398861,0.41606355429277536,0.5956261700256661,0.05469050525411241,0.5760983121753673,0.10500715827146866,0.005597291342368723,0.09940986692909994
zone7,R10,NMIN_50,2.885259470221155,1.482934998130219,1.4023244720909356,0.6809013595509407,0.4161122488780847,0.5955844067171983,0.05450671344588482,0.5757817473716995,0.10507916177891756,0.005576339841471901,0.09950282193744565
zone7,R10,NU_0,2.8862427460744366,1.481859513555436,1.4043832325190013,0.6807420881697046,0.4158101464694377,0.5955322812572073,0.054274461493332204,0.5756289305057352,0.10495238588455445,0.005599012032388482,0.09935337385216596
zone7,R10,NU_10,2.885597241041479,1.4824990413166086,1.4030981997248706,0.6808386733333986,0.41598978909898054,0.5955508592257303,0.0545006254793802,0.5760235405477795,0.10503764072647223,0.005581080004953081,0.09945656072151915
zone7,R10,NU_100,2.8833384436557883,1.4847895211032291,1.3985489225525594,0.6815786514156289,0.4166331822974696,0.5957237757342648,0.05494781835122435,0.5787957209852465,0.1058280232571357,0.005607117339229424,0.10022090591790629
zone7,R10,NU_30,2.88476457556497,1.4834361709348145,1.4013284046301553,0.6810776396338627,0.41625302775578,0.5956634644807625,0.05452736826048645,0.5768099195598627,0.10531243479281274,0.005593123042924712,0.09971931174988803
zone7,R10,NU_60,2.883912489951414,1.4837646049955664,1.4001478849558475,0.6812844420960169,0.4163452845144182,0.5955714225495864,0.05464211290417274,0.577404880743495,0.10549485451699195,0.005587906516877758,0.09990694800011418
zone7,R10,TOL_0.5,2.8958412312416764,1.5212805411899843,1.3745606900516918,0.6879919161601243,0.42688346883869294,0.599424023045811,0.034172958938587544,0.6056996571168388,0.10744275293076873,0.00317141943674535,0.10427133349402339
zone7,R10,TOL_1,2.8852478653199713,1.4829163912145287,1.402331474105443,0.6808976038637571,0.4161070222163739,0.5955861936929356,0.05457058133060328,0.5757817473716995,0.10508141562008746,0.005579462633454309,0.09950195298663315
zone7,R10,TOL_2,2.880560422171663,1.46758206657485,1.4129783555968134,0.6781652793864178,0.4117996276546663,0.5982151056005228,0.07610644490770838,0.5706948652532631,0.10647686523612926,0.007703495067484911,0.09877337016864435
zone7,R20,CLARA,4.262101723241085,1.5277253228821441,2.7343764003589413,0.6906506844233328,0.4286938007746928,0.6002008928714937,0.035197450462311486,0.624435232132982,0.11021779166079784,0.003199624207096861,0.10701816745370098
zone7,R20,NMIN_10,4.263105013298587,1.5271199369255046,2.7359850763730824,0.6904796621170358,0.4285237485396817,0.6001344921905731,0.03556944753157759,0.6244931339265584,0.110069678306202,0.003217185705322879,0.10685249260087913
zone7,R20,NMIN_20,4.263038775408308,1.5271595804060825,2.7358791950022257,0.6904931237610584,0.4285348843488328,0.6001582883051487,0.035692621309248926,0.6245695722709691,0.1101085037405889,0.0032291024349081353,0.10687940130568077
zone7,R20,NMIN_30,4.262998558591994,1.5272112575844177,2.7357873010075764,0.6905340358300058,0.4285494004101629,0.6001558017560708,0.03542036405579627,0.6246088209825892,0.11012063964673842,0.0032141240246794964,0.10690651562205891
zone7,R20,NMIN_50,4.262102426860233,1.52772016501989,2.7343822618403437,0.6906501347998618,0.428692351936981,0.6002013597749236,0.03519803075779795,0.624435232132982,0.11021813645865366,0.00320008913431399,0.10701804732433967
zone7,R20,NU_0,4.263797611064236,1.5269683316354117,2.7368292794288247,0.6904060186772062,0.42848116278403764,0.6000530221285206,0.035244444681954465,0.6229085891124959,0.11000279260149139,0.0032127530529724503,0.10679003954851893
zone7,R20,NU_10,4.262985244116353,1.5277800262430064,2.735205217873347,0.6905996926505162,0.4287091668872946,0.6002930191524751,0.035278636828284846,0.623608097351531,0.11021068355112966,0.003226812945638604,0.10698387060549107
zone7,R20,NU_100,4.2559936445569715,1.531997841041903,2.723995803515069,0.6916994216693235,0.4298939463251869,0.6008540406638836,0.03536122513174686,0.6281689620277652,0.11130908694888655,0.003216112488548605,0.10809297446033794
zone7,R20,NU_30,4.261675517901292,1.5284910850367481,2.733184432864544,0.690825626228046,0.42890890250351416,0.6003746523070146,0.03563386973018131,0.6251184443294411,0.11039514655364319,0.00321580250498914,0.10717934404865403
zone7,R20,NU_60,4.260174326920203,1.5298401920721285,2.730334134848075,0.6911185657367142,0.42928786515390194,0.60058180864973,0.03525084553701723,0.6266766703365363,0.11068502666807746,0.003202133874470047,0.10748289279360741
zone7,R20,TOL_0.5,4.252087370544414,1.552709094621352,2.699378275923063,0.694858978163948,0.4357117141845827,0.6035094805672688,0.027638968105291914,0.6436123377362982,0.11302711218744702,0.0024692607243237408,0.11055785146312326
zone7,R20,TOL_1,4.262101723241085,1.5277253228821441,2.7343764003589413,0.6906506844233328,0.4286938007746928,0.6002008928714937,0.035197450462311486,0.624435232132982,0.11021779166079784,0.003199624207096861,0.10701816745370098
zone7,R20,TOL_2,4.264154209561247,1.5203705413538553,2.7437836682073917,0.689518034325777,0.42662785090719596,0.6007343307263817,0.04277479410382008,0.6212915876047547,0.1104732155319163,0.0038983902669538534,0.10657482526496244
zone7,Rref,CLARA,2.254537083271486,1.430353973796822,0.8241831094746642,0.6654192054734174,0.4013422982226361,0.5904110350844202,0.07313984454782307,0.5083676631249343,0.09523755638705546,0.008495248737394271,0.08674230764966119
zone7,Rref,NMIN_10,2.2546558858454726,1.430186528870932,0.8244693569745407,0.6653030611061567,0.40129526313109387,0.5904271183082366,0.07359093748214167,0.5082680046166227,0.09516976466972937,0.00851530151647319,0.08665446315325619
zone7,Rref,NMIN_20,2.2546389069885517,1.4302513467931544,0.8243875601953975,0.665334247342143,0.40131347041261706,0.5904276314296483,0.07353897948254101,0.5083370426184406,0.09519692711413394,0.008512842188701977,0.08668408492543198
zone7,Rref,NMIN_30,2.25465538312009,1.4303125314375584,0.8243428516825314,0.6653455968327374,0.4013306571104834,0.5904173436122591,0.07345566264842149,0.5083972454363049,0.09521450764136496,0.008516469158593623,0.08669803848277134
zone7,Rref,NMIN_50,2.2545664349807457,1.4303999345396712,0.8241665004410743,0.6654262428021646,0.4013552085436611,0.5903907273382653,0.07305236792289105,0.5083676631249343,0.09523056198545915,0.008488009607683733,0.08674255237777541
zone7,Rref,NU_0,2.2554314381888614,1.4310438381138963,0.8243876000749651,0.6654442659422865,0.4015360803341738,0.5903008174764522,0.07237866121389282,0.5088137200896479,0.09513307120676166,0.00843160219374369,0.08670146901301798
zone7,Rref,NU_10,2.2550797041642725,1.431142050583296,0.8239376535809767,0.6655861702381048,0.40156366810647703,0.5904355380713066,0.07255199508900036,0.5086910549120038,0.09534586707169038,0.008462620844062267,0.08688324622762811
zone7,Rref,NU_100,2.253663787918256,1.4321030140444193,0.8215607738738369,0.6660563079228057,0.40183360166297244,0.5904223083183182,0.07362708194760793,0.5101393786680292,0.09592000346727426,0.00852004123490975,0.0873999622323645
zone7,Rref,NU_30,2.2549158790471187,1.4310858038030778,0.8238300752440406,0.6655991793747085,0.4015478684491124,0.5904567304695206,0.0727554552111098,0.5084723526295446,0.09536878185133574,0.008464645344498832,0.0869041365068369
zone7,Rref,NU_60,2.2542831492481703,1.4309388526023137,0.8233442966458565,0.6656929995553238,0.4015065900219315,0.5902779054150219,0.07318271026805978,0.5083954140173137,0.09553013907062466,0.008493052656997149,0.08703708641362752
zone7,Rref,TOL_0.5,2.275858643868272,1.4759457441799684,0.7999128996883039,0.675118120511301,0.4141489752965536,0.5930896249362952,0.03967130566172573,0.5444741510156388,0.09643103047372828,0.004166362044025404,0.09226466842970286
zone7,Rref,TOL_1,2.254537083271486,1.430353973796822,0.8241831094746642,0.6654192054734174,0.4013422982226361,0.5904110350844202,0.07313984454782307,0.5083676631249343,0.09523755638705546,0.008495248737394271,0.08674230764966119
zone7,Rref,TOL_2,2.2447297529742642,1.4078805975160584,0.8368491554582057,0.6600585078261031,0.3950295520763542,0.5946526501002025,0.10562941966473999,0.4974047918404516,0.09738339437376717,0.012359750077938112,0.08502364429582905
zone8,R01,CLARA,1.5722479211798621,1.363901770454077,0.20834615072578522,0.5856266133534884,0.38267144373301754,0.6423348113359392,0.20480884849495987,0.1753018200021813,0.056450421238070606,0.028899831004600127,0.027550590233470482
zone8,R01,NMIN_10,1.5726815575916846,1.3644876501426075,0.20819390744907681,0.5857244851490647,0.3828360166792341,0.6423934206559833,0.20393964493944933,0.17588916420459338,0.05646748026429015,0.028864914679658737,0.027602565584631412
zone8,R01,NMIN_20,1.5726870392510477,1.3644940513542296,0.20819298789681812,0.5857314149718801,0.38283781477238626,0.6423698764211875,0.20422095222730674,0.17615376077566208,0.056498907814526586,0.02887756584914698,0.027621341965379607
zone8,R01,NMIN_30,1.5724505200281949,1.3642117038831763,0.20823881614501866,0.5857047544780686,0.38275850368501174,0.6423132899750706,0.2048958831737304,0.17610905245168232,0.05656412392681421,0.02892592877054205,0.027638195156272152
zone8,R01,NMIN_50,1.572254662951265,1.36392111589342,0.20833354705784535,0.5856677661296014,0.3826768778451925,0.642284085796082,0.20470726772471376,0.1753388274965836,0.05647305311075084,0.02889079762169056,0.027582255489060275
zone8,R01,NU_0,1.572425540655905,1.3640653778622656,0.20836016279363928,0.5855899761721263,0.3827174008701492,0.6422135075039305,0.20475750542338772,0.17496845595244326,0.05637772343281947,0.028884022589418457,0.027493700843401015
zone8,R01,NU_10,1.5723458279226905,1.3639924139099435,0.20835341401274696,0.5856045947298283,0.3826969053779239,0.6421822766237222,0.20475942732937832,0.17507404703465956,0.05639516231513795,0.028887636622708993,0.027507525692428952
zone8,R01,NU_100,1.5726436945181697,1.364432042591069,0.2082116519271007,0.5859168209148613,0.3828203965804872,0.642202425079978,0.20480202314326415,0.1774531754375484,0.05673085704147359,0.028894151355620245,0.027836705685853346
zone8,R01,NU_30,1.5725041234881045,1.3642404893008164,0.20826363418728813,0.5857851427789471,0.3827665894764837,0.6422857942137458,0.20474744232195702,0.17625018049229926,0.05656705380959323,0.02888000042754098,0.02768705338205225
zone8,R01,NU_60,1.572562811729205,1.364350911174587,0.20821190055461772,0.5858720488457886,0.38279760685675635,0.6422565761255428,0.20476300471650905,0.17709155142069968,0.056662445943326326,0.02888139294707076,0.02778105299625556
zone8,R01,TOL_0.5,1.644147483728478,1.4530809116270307,0.19106657210144737,0.6108379530045356,0.407721764287218,0.6384366481845071,0.0975087888363414,0.24426303233917615,0.05227648889276516,0.014028112183413722,0.038248376709351446
zone8,R01,TOL_1,1.5722479211798621,1.363901770454077,0.20834615072578522,0.5856266133534884,0.38267144373301754,0.6423348113359392,0.20480884849495987,0.1753018200021813,0.056450421238070606,0.028899831004600127,0.027550590233470482
zone8,R01,TOL_2,1.5351104057735325,1.3147920037519045,0.22031840202162814,0.5698306567188798,0.3688765654458905,0.6475048426578904,0.28457965462474616,0.14611930005808224,0.06245651665838638,0.03993789817273552,0.022518618485650864
zone8,R02,CLARA,1.7929910235093471,1.387032447441277,0.4059585760680703,0.5931414996871591,0.3891688249091973,0.6406484696361961,0.17236169483701688,0.19733096160511324,0.055527257044285024,0.02463456643920152,0.030892690605083505
zone8,R02,NMIN_10,1.7933193820391513,1.3877241698015064,0.40559521223764494,0.5932656719546712,0.38936312894296965,0.6407271095827829,0.1715118998826408,0.19831641184837573,0.05557764723282454,0.02459860637248653,0.030979040860338012
zone8,R02,NMIN_20,1.7933216796122422,1.3877261358892994,0.405595543722943,0.5932635109269419,0.3893636812148216,0.640704990928279,0.17183585161993656,0.19856383869817953,0.05561144089206888,0.024617272419369864,0.03099416847269902
zone8,R02,NMIN_30,1.7930769249064755,1.3873634017401388,0.40571352316633685,0.5932175272499843,0.3892617895998889,0.6406578289073452,0.17251478635095568,0.19849151342953456,0.05567010724719307,0.02467275560160008,0.030997351645592995
zone8,R02,NMIN_50,1.7929769173193575,1.3870218856712324,0.40595503164812535,0.5931425593419345,0.389165858119859,0.6406259067031838,0.1723075242909385,0.19721247051908047,0.05552462839700409,0.024632691135287786,0.030891937261716306
zone8,R02,NU_0,1.7934825431542174,1.3878453996030797,0.40563714355113784,0.5933392368295921,0.38939718225801834,0.6406112263525422,0.17160127650621954,0.19805757175034971,0.05551799098345167,0.024532659823157478,0.030985331160294186
zone8,R02,NU_10,1.7931087193264976,1.3874186248857088,0.4056900944407889,0.5932912575122654,0.38927730171943103,0.6407195603206352,0.17191170436040557,0.19780323068978672,0.05554516410163944,0.024574492180471575,0.030970671921167866
zone8,R02,NU_100,1.792891773259544,1.3868909510469276,0.4060008222126163,0.5931909563327693,0.3891290787310093,0.6402922562225912,0.17262010168099864,0.19798859003508287,0.05561383086424648,0.024649507010071847,0.030964323854174632
zone8,R02,NU_30,1.7930333004136492,1.3871790408119231,0.40585425960172605,0.5931527752448023,0.3892100028223002,0.6406026544316435,0.17251726692123376,0.19792065469011802,0.055538988051020324,0.024634041456956204,0.030904946594064123
zone8,R02,NU_60,1.7928288162655712,1.3867753538360008,0.40605346242957063,0.5931325178584862,0.38909660760434445,0.6403154179183523,0.1725972245424574,0.19779440612706367,0.05556227111620573,0.024652471678712172,0.030909799437493557
zone8,R02,TOL_0.5,1.8455703069219556,1.4704254765342561,0.3751448303876996,0.6170173370667239,0.4125938330813825,0.6396856899072831,0.08205184662373767,0.27144958582545814,0.053900124293277264,0.011704818564589938,0.04219530572868733
zone8,R02,TOL_1,1.7929910235093471,1.387032447441277,0.4059585760680703,0.5931414996871591,0.3891688249091973,0.6406484696361961,0.17236169483701688,0.19733096160511324,0.055527257044285024,0.02463456643920152,0.030892690605083505
zone8,R02,TOL_2,1.763797549494787,1.3340192346867175,0.42977831480806983,0.5765526264250739,0.37427747301184916,0.6458619944137742,0.2512444938310984,0.16147373615863736,0.060513521415258134,0.035559355184941535,0.024954166230316592
zone8,R10,CLARA,3.145890893726201,1.5986581251649497,1.5472327685612517,0.6784756631564415,0.44861424000011657,0.6483125145641966,0.05659901186418228,0.5773531560736247,0.10378479438409431,0.005954072665911928,0.09783072171818238
zone8,R10,NMIN_10,3.146106584976252,1.598342076593835,1.5477645083824172,0.6783720078996615,0.4485254623116013,0.6481896491225402,0.0565095974122519,0.5772831754950639,0.10366552543682099,0.00594142328057367,0.09772410215624731
zone8,R10,NMIN_20,3.1461580041608923,1.598336618800236,1.5478213853606566,0.6783659561519076,0.4485239292235117,0.6482013897930458,0.05664384212614892,0.5772765831141864,0.10368593832720208,0.005954562843502004,0.09773137548370008
zone8,R10,NMIN_30,3.1460827980678725,1.5983507790991665,1.5477320189687058,0.6783788444741846,0.44852790683557076,0.6481919876363833,0.05662617557545057,0.5772874512579538,0.10369447525440455,0.005951122080225314,0.09774335317417923
zone8,R10,NMIN_50,3.1459406252191506,1.598590682244746,1.5473499429744049,0.6784610089478609,0.44859529535961,0.6483604685738118,0.056657176066432766,0.5772178464650003,0.10377755921915126,0.005956803772139147,0.0978207554470121
zone8,R10,NU_0,3.147285383716395,1.597622261076781,1.5496631226396145,0.6780395620622591,0.4483232669416423,0.648380249446647,0.056767148700645406,0.5758903703340998,0.1033899206149509,0.005974833299549088,0.09741508731540181
zone8,R10,NU_10,3.146370868319909,1.5981387334406072,1.5482321348793016,0.6783202882128231,0.4484683434483351,0.6484023018615743,0.05717239832159903,0.5766489203099778,0.10372780066883776,0.006003251211941453,0.0977245494568963
zone8,R10,NU_100,3.1437595238459664,1.600453568885997,1.5433059549599697,0.6792819853628047,0.4491185781240064,0.648548524325381,0.0568951648346086,0.5801526767147274,0.10460433514970997,0.005966897180186042,0.09863743796952393
zone8,R10,NU_30,3.1451724637856735,1.5991239769665893,1.5460484868190842,0.6787229657495739,0.44874509724776823,0.6484328677840561,0.05668009700279648,0.5774828960180898,0.10401785584377696,0.005948586902818275,0.09806926894095869
zone8,R10,NU_60,3.1446234095163845,1.599814366299024,1.5448090432173602,0.679045996727018,0.4489390268355308,0.6485017959515808,0.05689329168129307,0.5797562196833057,0.104344809679778,0.0059628257620352,0.0983819839177428
zone8,R10,TOL_0.5,3.153230405740048,1.6321152496625932,1.5211151560774547,0.6863400738672404,0.45801230867923,0.6494971161160175,0.03192935655075031,0.6134679653490931,0.10579868766408854,0.002973701902902573,0.10282498576118597
zone8,R10,TOL_1,3.145890893726201,1.5986581251649497,1.5472327685612517,0.6784756631564415,0.44861424000011657,0.6483125145641966,0.05659901186418228,0.5773531560736247,0.10378479438409431,0.005954072665911928,0.09783072171818238
zone8,R10,TOL_2,3.142438539927434,1.5852288992074164,1.557209640720018,0.6761609503621783,0.44484198551766346,0.6513512711396799,0.0726064230606798,0.573626114497878,0.1050703543829451,0.007793736689679756,0.09727661769326534
zone8,R20,CLARA,4.6561974013014416,1.6416205074653334,3.0145768938361086,0.689176553794553,0.46068232491595473,0.6501838753315234,0.03607157287938073,0.6329106614571244,0.10919045838231005,0.0032475879052145736,0.10594287047709548
zone8,R20,NMIN_10,4.6568192577820025,1.6412561330727917,3.0155631247092107,0.6890466873946879,0.46057997255849925,0.6501200272962877,0.03603958213072793,0.6328297096271867,0.10908017400204953,0.003256661573142592,0.10582351242890693
zone8,R20,NMIN_20,4.656823268572529,1.6412789529013347,3.015544315671194,0.6890602171183177,0.46058638262269674,0.6501216520017794,0.036095527082130735,0.6327834889164458,0.10909504660312802,0.0032567400912689934,0.10583830651185902
zone8,R20,NMIN_30,4.65678308743902,1.641285116375783,3.0154979710632377,0.6890718326254539,0.4605881139357439,0.6501045494811746,0.036105972400887046,0.632960697260769,0.10910728129621158,0.003255453969474058,0.10585182732673754
zone8,R20,NMIN_50,4.656222518790154,1.6416553268118688,3.014567191978285,0.6891781641358053,0.4606921056312736,0.6501882055649185,0.036024811604003455,0.6329106614571244,0.10918977069202085,0.0032463882567240108,0.10594338243529684
zone8,R20,NU_0,4.65846461968147,1.6405248757810198,3.0179397439004503,0.6888333019057993,0.460374563206878,0.6500960736800289,0.03611704228931464,0.6320613886545583,0.10886095558182596,0.003257353115180149,0.10560360246664581
zone8,R20,NU_10,4.657260720512042,1.6406472487834132,3.016613471728629,0.6889184646577151,0.46040893764575247,0.650022546640819,0.036087278452192055,0.6319656068900977,0.10893831103109036,0.0032536155030945587,0.10568469552799581
zone8,R20,NU_100,4.64861581025075,1.6454273096569585,3.003188500593792,0.6902620857719713,0.46175165137427643,0.6507571932398115,0.03599445586561714,0.6378863397120311,0.11022180433383018,0.0032166997466695217,0.10700510458716066
zone8,R20,NU_30,4.655451262778506,1.6415646336951761,3.01388662908333,0.6892034666489628,0.46066663003669706,0.6501806162677864,0.03638597049728022,0.6330344688821176,0.10926717997708915,0.0032731720621546234,0.10599400791493453
zone8,R20,NU_60,4.6529631846744355,1.6436256471869617,3.009337537487474,0.6896953539451489,0.46124556641079417,0.6504143158014394,0.03607759558529935,0.6359374785636942,0.10971818670608954,0.0032518888466702713,0.10646629785941926
zone8,R20,TOL_0.5,4.646903006410746,1.664607879813205,2.982295126597541,0.6935489516416689,0.4671394519799636,0.6527119890968348,0.027946055290410787,0.6510021778688161,0.11202860166881358,0.0024588654302771518,0.10956973623853641
zone8,R20,TOL_1,4.6561974013014416,1.6416205074653334,3.0145768938361086,0.689176553794553,0.46068232491595473,0.6501838753315234,0.03607157287938073,0.6329106614571244,0.10919045838231005,0.0032475879052145736,0.10594287047709548
zone8,R20,TOL_2,4.6588969685434565,1.6321346582077672,3.026762310335689,0.6876410982534861,0.458017760517762,0.6515462559490254,0.045439068710580156,0.629268865206362,0.10956058485655595,0.004207263586627283,0.10535332126992865
zone8,Rref,CLARA,2.45701279333979,1.548340648469369,0.9086721448704215,0.6631444839046412,0.43448011733281866,0.6451237389007366,0.07287797748926216,0.5063406682647982,0.09370388244507386,0.008675939830203566,0.08502794261487029
zone8,Rref,NMIN_10,2.456984399216247,1.5479675724500817,0.9090168267661656,0.6630200948665724,0.4343753206981874,0.6450281887568791,0.07290942927670603,0.5060819012865666,0.09361963541696235,0.00868964481900394,0.08492999059795842
zone8,Rref,NMIN_20,2.456982497643453,1.5479788151343312,0.9090036825091219,0.6630139333592016,0.4343784787555609,0.6450224773853391,0.07305755679113349,0.5062760551876897,0.0936285014091583,0.008696324006186104,0.08493217740297221
zone8,Rref,NMIN_30,2.456917286327678,1.5480860271202146,0.9088312592074632,0.6630595277060889,0.43440859448193264,0.6450508863143868,0.07312120163923651,0.5063624529404477,0.09367510037292114,0.00869708634812448,0.08497801402479667
zone8,Rref,NMIN_50,2.4569661706077754,1.548268228121689,0.908697942486086,0.6631380295092716,0.43445977453852663,0.6451722920363898,0.07298538523294285,0.5062216069297947,0.09370597243021513,0.008680130068295577,0.08502584236191955
zone8,Rref,NU_0,2.4573227973742986,1.5477373520440194,0.909585445330279,0.6627915553242026,0.4343106520447992,0.6451232393030546,0.072697219165385,0.5047895078703397,0.09333324596531017,0.008677593240073464,0.08465565272523672
zone8,Rref,NU_10,2.457138707181712,1.5477451144581986,0.909393592723513,0.6628086720300902,0.4343128324982203,0.6451016633329787,0.07300914428034327,0.5049669268708081,0.09342510188094384,0.008707947942071411,0.08471715393887243
zone8,Rref,NU_100,2.4560669754505167,1.5491701199901844,0.9068968554603319,0.6633749848014024,0.43471311495102527,0.6451206699790726,0.07409147814605453,0.5071937414857439,0.0942047241249663,0.008787695051366326,0.08541702907359998
zone8,Rref,NU_30,2.456840151615951,1.5480257212366606,0.9088144303792908,0.6629795747324779,0.43439165462700174,0.6450098909571955,0.07287559009552244,0.5057329323609457,0.09355997577817082,0.008682760887048974,0.08487721489112185
zone8,Rref,NU_60,2.4562597890457445,1.5488027275713976,0.9074570614743472,0.6633073590248065,0.4346099148333885,0.6450237674681268,0.07293105493153935,0.5065439791341577,0.09387308986267137,0.008658824110672309,0.08521426575199906
zone8,Rref,TOL_0.5,2.4779289177487853,1.591364651946797,0.8865642658019887,0.6731367987827046,0.4465655115680513,0.6457622191987401,0.040850909734864,0.5448588744529897,0.0951152308963586,0.004283371797634052,0.09083185909872454
zone8,Rref,TOL_1,2.45701279333979,1.548340648469369,0.9086721448704215,0.6631444839046412,0.43448011733281866,0.6451237389007366,0.07287797748926216,0.5063406682647982,0.09370388244507386,0.008675939830203566,0.08502794261487029
zone8,Rref,TOL_2,2.4485782699177663,1.5274936639130003,0.921084606004766,0.6585997017510444,0.4286242227945129,0.6482538048163912,0.09835427494476151,0.4970577519516128,0.0953392533057483,0.01181753294701333,0.08352172035873498
zone9,R01,CLARA,1.542431783327212,1.3354719951780776,0.2069597881491344,0.5941387013621775,0.37414306083884463,0.6340187987739757,0.16414199972742893,0.19328521666711815,0.053912710068076505,0.023990893479400498,0.029921816588676008
zone9,R01,NMIN_10,1.5432012016906338,1.3364033594940703,0.20679784219656358,0.5944925069201766,0.37440468002873023,0.6340508768007692,0.16361703069381708,0.19595547176272418,0.05407653442088221,0.02389416073625444,0.030182373684627763
zone9,R01,NMIN_20,1.5431640592872706,1.3363455187740576,0.20681854051321324,0.594476871183275,0.3743884326354682,0.6340407410109736,0.16379809967170506,0.1957784312235517,0.05407926247833243,0.02390180063208529,0.030177461846247144
zone9,R01,NMIN_30,1.5430209248735716,1.3361654477036435,0.20685547716992794,0.5944079586332186,0.374337850874116,0.6340196196770713,0.1638140737922945,0.19525784635925356,0.05403263462044567,0.023913640784508316,0.030118993835937358
zone9,R01,NMIN_50,1.5424711365935135,1.3355124151474942,0.2069587214460196,0.5941511488483047,0.37415441476283806,0.6340141445742646,0.1638412887557433,0.19329097943591972,0.0539091742174598,0.023982476522593638,0.029926697694866163
zone9,R01,NU_0,1.542637492454361,1.3357361687793832,0.20690132367497796,0.5942721767377679,0.3742172669066271,0.6340876448901359,0.16356541646712486,0.19378464759298125,0.053936061260223135,0.02392951695257133,0.03000654430765181
zone9,R01,NU_10,1.5425084719297106,1.335563329002273,0.20694514292743743,0.5941758318161726,0.3741687164074389,0.6341077695151557,0.16383156119730385,0.19342795318410283,0.05391097904959249,0.02396864481036638,0.029942334239226112
zone9,R01,NU_100,1.5418567122284421,1.3348452670853541,0.20701144514308797,0.5940528666000296,0.3739670136217875,0.6341041671443275,0.165000758905156,0.1936910835512065,0.05400277305401411,0.02408114561407726,0.029921627439936854
zone9,R01,NU_30,1.5424930971734219,1.335536933645767,0.20695616352765495,0.5941355576673096,0.3741613019814541,0.6340039731313016,0.1642121632470942,0.1933236685136928,0.05392662248044759,0.02399963092390992,0.029926991556537674
zone9,R01,NU_60,1.54206520949327,1.3350750197980552,0.20699018969521457,0.5940783492683628,0.37403155090063617,0.6341156416046027,0.16481839995809408,0.19353262956281014,0.053992939717852254,0.02406364633200087,0.02992929338585138
zone9,R01,TOL_0.5,1.6174834100887414,1.4281196044895936,0.1893638055991479,0.6221321752156002,0.40016767019601207,0.6313801772462593,0.0639585018726766,0.28799055362835474,0.05374101233123507,0.00968210945942377,0.0440589028718113
zone9,R01,TOL_1,1.542431783327212,1.3354719951780776,0.2069597881491344,0.5941387013621775,0.37414306083884463,0.6340187987739757,0.16414199972742893,0.19328521666711815,0.053912710068076505,0.023990893479400498,0.029921816588676008
zone9,R01,TOL_2,1.5064471405053597,1.2892606639513278,0.21718647655403175,0.5786874773207002,0.3611623498200947,0.6375055186295847,0.22797925983348177,0.15037161182487657,0.05635718092928606,0.032989052338314465,0.023368128590971603
zone9,R02,CLARA,1.7625337332940594,1.360058447153725,0.40247528614033434,0.6025876345704989,0.38104936757357705,0.6325356660525534,0.13358030755229738,0.22265435493954927,0.053533778411974424,0.01954042455859065,0.03399335385338378
zone9,R02,NMIN_10,1.7630911351862797,1.3610529021171442,0.40203823306913533,0.6030158379300766,0.3813287088554364,0.6325595476726111,0.13341488602940826,0.2254398398519585,0.05378861750483747,0.019457287381405886,0.034331330123431585
zone9,R02,NMIN_20,1.7630793684533628,1.3609951821583721,0.4020841862949903,0.6029861889065613,0.3813124953838712,0.6325401376026537,0.13334662910534675,0.22524097952280697,0.053774075541905,0.01946382639840481,0.034310249143500185
zone9,R02,NMIN_30,1.7630186414772522,1.3608462341138967,0.4021724073633556,0.6029046992793504,0.38127065604553545,0.6325225104375894,0.1332616425486148,0.22474140152413777,0.05372527253402122,0.019481595906956216,0.034243676627065005
zone9,R02,NMIN_50,1.7625702358087345,1.3600979317148556,0.4024723040938789,0.6025979146243639,0.38106045874243394,0.6325350710588173,0.13343986840048555,0.2227200315860802,0.05353449016513271,0.019535319602717604,0.03399917056241511
zone9,R02,NU_0,1.7633668316208129,1.3611836245084121,0.4021832071124008,0.602915146956954,0.3813654286282645,0.6324935461325969,0.13278152019661435,0.22364322560502267,0.053598580009662965,0.01941410424146124,0.03418447576820172
zone9,R02,NU_10,1.7633595301545844,1.3611251618196583,0.40223436833492576,0.6028588172456668,0.38134900652468195,0.6325222668467879,0.13327990169297182,0.2233863045112143,0.05362765142231055,0.019457810000518938,0.034169841421791615
zone9,R02,NU_100,1.761642682201235,1.3586603606917846,0.4029823215094502,0.6022778356981527,0.3806566466573017,0.6324230737025294,0.1346676208250072,0.2210599379370264,0.05350532727733059,0.019691801318003122,0.03381352595932746
zone9,R02,NU_30,1.7627117774919752,1.3601162412560703,0.40259553623590455,0.6025381847645734,0.3810656018719887,0.6325793634666801,0.13415150507355636,0.22223840517318919,0.05353683770326627,0.01957304445147182,0.03396379325179445
zone9,R02,NU_60,1.761856737986801,1.3589552020521884,0.4029015359346127,0.6023303643677241,0.3807394672641567,0.632519493427865,0.13469843384633737,0.2214483747540599,0.05352165368935119,0.019671120495503475,0.03385053319384772
zone9,R02,TOL_0.5,1.816288191303689,1.4431939463223216,0.3730942449813675,0.6268736003181943,0.40440203587936263,0.6322299862612518,0.05377332755684888,0.3107478092080673,0.05538732057832407,0.008117131811057674,0.0472701887672664
zone9,R02,TOL_1,1.7625337332940594,1.360058447153725,0.40247528614033434,0.6025876345704989,0.38104936757357705,0.6325356660525534,0.13358030755229738,0.22265435493954927,0.053533778411974424,0.01954042455859065,0.03399335385338378
zone9,R02,TOL_2,1.7338516448988195,1.3095658433433026,0.42428580155551676,0.5853902562787817,0.36686605189649213,0.6365791061220838,0.19992778514621293,0.17012408983130364,0.05532193414618995,0.029072619285265545,0.02624931486092441
zone9,R10,CLARA,3.113859028070673,1.571316716363893,1.54254231170678,0.6886007570604046,0.4403915780258715,0.642462135624122,0.03963028905237966,0.615035166597369,0.10859017940649807,0.0038005847139736836,0.10478959469252438
zone9,R10,NMIN_10,3.114762822456555,1.5709284498615494,1.5438343725950059,0.6883693251379869,0.4402825144016176,0.6423958812208987,0.039868226221335686,0.614487486048055,0.10839725825413868,0.003831352920086564,0.10456590533405212
zone9,R10,NMIN_20,3.1147388150999786,1.5709546431660455,1.5437841719339334,0.6883843275038712,0.4402898720714199,0.6423870944317693,0.03986193483834394,0.6145478715877347,0.10841146776609965,0.003830190482438589,0.10458127728366107
zone9,R10,NMIN_30,3.1145493574489955,1.5711571437409433,1.5433922137080522,0.6884659859945071,0.44034675425537995,0.6423823809290452,0.03986367572480332,0.6152715926620195,0.10847708760687226,0.0038189236982569333,0.10465816390861533
zone9,R10,NMIN_50,3.113862316650619,1.5713196314415518,1.5425426852090676,0.6886007570604046,0.4403923968679105,0.6424633741316529,0.03963028905237966,0.615035166597369,0.10859017940649807,0.0038005847139736836,0.10478959469252438
zone9,R10,NU_0,3.1144833585202245,1.5700072555363425,1.544476102983882,0.6881957473717006,0.44002375195071675,0.6422013137830815,0.039333760149018814,0.6149016001664497,0.108173760219686,0.003802464904972374,0.10437129531471363
zone9,R10,NU_10,3.1140742830603636,1.5707414764752539,1.5433328065851097,0.6883734076162763,0.44022999378748967,0.6422658351308224,0.03922250192610981,0.6149588624870382,0.10831713262085833,0.0037814636494728974,0.10453566897138543
zone9,R10,NU_100,3.1123787175783466,1.573603481795109,1.5387752357832376,0.6893447640446284,0.44103392786610063,0.6423757529406887,0.039371809221994875,0.6170878066899121,0.10930990042114254,0.0037800432034237413,0.10552985721771879
zone9,R10,NU_30,3.113252534678161,1.571414931630615,1.5418376030475458,0.6885969268142038,0.4404191665839394,0.6422868152837841,0.03944570982408054,0.6157320310007938,0.10857569197734358,0.0037946847614995986,0.104781007215844
zone9,R10,NU_60,3.112641901726745,1.572596343959268,1.540045557767477,0.6889830020039739,0.44075102397962845,0.6423860699321622,0.03934691284799329,0.6166256215194039,0.10895635970125656,0.003788033058550354,0.10516832664270619
zone9,R10,TOL_0.5,3.1216457422743127,1.5975399449209766,1.5241057973533363,0.6932068822903801,0.4477576534632545,0.6434345340922759,0.02859149181779277,0.6372468052336079,0.11081206047303488,0.002569563003926671,0.1082424974691082
zone9,R10,TOL_1,3.113859028070673,1.571316716363893,1.54254231170678,0.6886007570604046,0.4403915780258715,0.642462135624122,0.03963028905237966,0.615035166597369,0.10859017940649807,0.0038005847139736836,0.10478959469252438
zone9,R10,TOL_2,3.109186405030685,1.559431188207718,1.5497552168229671,0.6868113447113988,0.4370529465213279,0.6438003649524848,0.050378058731631335,0.6096573083119329,0.10915706596584933,0.005006573747628374,0.10415049221822097
zone9,R20,CLARA,4.6297360329070925,1.6100711697273915,3.0196648631797007,0.6966580984310858,0.45127766043134865,0.6441677251465086,0.02706820405106776,0.6554559017458148,0.11409880111413354,0.0024483675020510456,0.11165043361208249
zone9,R20,NMIN_10,4.6309833716634135,1.6097404483778244,3.0212429232855893,0.696539459857746,0.4511847611758522,0.6440662687328551,0.027057283842992767,0.6556487524767459,0.11396530971148382,0.002448473049588194,0.11151683666189563
zone9,R20,NMIN_20,4.630920656976629,1.6097866555435487,3.0211340014330803,0.6965641317243725,0.4511977407167859,0.6440648163497771,0.027008739599197862,0.6557987286908777,0.11398461974320633,0.002444892885266209,0.11153972685794013
zone9,R20,NMIN_30,4.630770885697541,1.6099179334333575,3.020852952264184,0.6965830231793371,0.45123461652853,0.6440889760132691,0.02701860462246771,0.6559672047597949,0.11400921808739421,0.0024469121753935034,0.11156230591200071
zone9,R20,NMIN_50,4.629686431524731,1.6100449623696194,3.0196414691551117,0.6966564621983481,0.45127029881399683,0.6441587206903514,0.02706820405106776,0.6554541608593554,0.11409706022767416,0.0024483675020510456,0.11164869272562311
zone9,R20,NU_0,4.632030022306277,1.6078076632557479,3.0242223590505297,0.6961231608236523,0.45064184400672963,0.6439506297195394,0.027316647627945605,0.6534289690563555,0.11363551426785289,0.0024821678273323094,0.11115334644052058
zone9,R20,NU_10,4.630190475219641,1.6085844171574895,3.0216060580621518,0.6963802563146109,0.4508600333049716,0.6439688554278695,0.02725999207108725,0.6543520095801857,0.11387525027497675,0.0024745439372040384,0.11140070633777271
zone9,R20,NU_100,4.625474200520316,1.612970603603417,3.0125035969168996,0.6975453713788848,0.4520921081493333,0.6442608531553091,0.026600929133075397,0.6585468830680918,0.11483603158248111,0.002380451512065463,0.11245558007041564
zone9,R20,NU_30,4.628770583780877,1.6095122177691896,3.0192583660116874,0.6966264028264934,0.45112065145432556,0.6439605594611603,0.02712483390017576,0.6553976438925562,0.11406199395197784,0.002448863988410877,0.11161312996356697
zone9,R20,NU_60,4.6263192838389395,1.6118074406090857,3.0145118432298537,0.6971977132064192,0.45176537697115027,0.6441392959152137,0.026669690821177337,0.6574904508799978,0.11452766599337125,0.0023890159408264337,0.1121386500525448
zone9,R20,TOL_0.5,4.621121105004143,1.629519079920964,2.9916020250831785,0.6998015840163989,0.4567405565531386,0.646387741732876,0.02332081346632747,0.6713719328035966,0.11645053396916673,0.002020606534704069,0.11442992743446266
zone9,R20,TOL_1,4.6297360329070925,1.6100711697273915,3.0196648631797007,0.6966580984310858,0.45127766043134865,0.6441677251465086,0.02706820405106776,0.6554559017458148,0.11409880111413354,0.0024483675020510456,0.11165043361208249
zone9,R20,TOL_2,4.6290224632354064,1.6027738672222884,3.0262485960131182,0.6957777087559136,0.4492278563568814,0.6456316032324224,0.03317372352134375,0.6524020663631349,0.11422284750660387,0.0029666004331791855,0.11125624707342467
zone9,Rref,CLARA,2.4219720762869494,1.5179872272913257,0.903984848995624,0.6727718575019631,0.42541138446616156,0.6379485847453938,0.05369022709492919,0.5401903320819049,0.09744030770399499,0.006237362742349728,0.09120294496164526
zone9,Rref,NMIN_10,2.4224657514247236,1.51791064189708,0.9045551095276437,0.6726213192635963,0.425389871714969,0.6379239105268386,0.05440210958808444,0.5404106206447385,0.09740264144792968,0.006303881337361354,0.09109876011056833
zone9,Rref,NMIN_20,2.422449182290108,1.51793981636285,0.9045093659272583,0.6726331126027335,0.4253980667896234,0.6379087476090567,0.054270690939077965,0.5403289795417616,0.09739994952212852,0.006296200532472116,0.09110374898965641
zone9,Rref,NMIN_30,2.4223534621221456,1.5180330591788205,0.9043204029433252,0.6726997533169585,0.4254242585918623,0.6378905484146333,0.054002133813425265,0.5403939856287707,0.09740465203229391,0.006263979779832593,0.09114067225246134
zone9,Rref,NMIN_50,2.4219770826823876,1.5179958555072686,0.903981227175119,0.6727729305554441,0.4254138081223252,0.6379473256609274,0.05365544190771645,0.5401909023308756,0.09743972387766785,0.006236500580215454,0.09120322329745238
zone9,Rref,NU_0,2.422905784418406,1.5184906513843934,0.9044151330340126,0.6727881772622774,0.4255527957282592,0.6379373430848196,0.05301179988815887,0.5409565508245021,0.09726445415859825,0.006147468877061837,0.0911169852815364
zone9,Rref,NU_10,2.422697497178721,1.5183139933115297,0.9043835038671917,0.6727547347519927,0.425503172674084,0.6379232031277331,0.05314555258990523,0.5403342835516548,0.09730008997386916,0.006179624090738196,0.09112046588313097
zone9,Rref,NU_100,2.420299429415818,1.519405174799154,0.9008942546166642,0.673627608393351,0.425809684327911,0.6378930451938094,0.05383040469526747,0.5433143590179662,0.0982547737383551,0.006223044801710826,0.09203172893664428
zone9,Rref,NU_30,2.422142263699128,1.5188715747088906,0.903270688990237,0.6729719213347998,0.4256597966621068,0.6379288987064842,0.053355997862146204,0.5410158165402833,0.09759790099595836,0.006212766381002421,0.09138513461495594
zone9,Rref,NU_60,2.4215041300075644,1.5189715209006152,0.902532609106949,0.6732006359151218,0.4256878714350631,0.6381313945762433,0.054034159093570205,0.5425921854766502,0.09789224537704547,0.0062498801513171465,0.09164236522572833
zone9,Rref,TOL_0.5,2.4436693839515033,1.5599625033190803,0.8837068806324233,0.6817568357759609,0.4372021923391263,0.6392470453622143,0.030614575006683353,0.5789821734636551,0.10053162792633225,0.0032244313801961964,0.09730719654613605
zone9,Rref,TOL_1,2.4219720762869494,1.5179872272913257,0.903984848995624,0.6727718575019631,0.42541138446616156,0.6379485847453938,0.05369022709492919,0.5401903320819049,0.09744030770399499,0.006237362742349728,0.09120294496164526
zone9,Rref,TOL_2,2.4135858369395677,1.4988935451706848,0.914692291768883,0.6685105313046293,0.42004799061204895,0.6398057758223824,0.07409956716230792,0.52709327711809,0.0984187491406197,0.008929820543988816,0.08948892859663087
zone1,ALL,CLARA,2.78831953410222,1.5088920222566444,1.2794275118455756,0.6433018014177769,0.42307024348960853,0.6575640307813202,0.11366506157498799,0.41447248080563676,0.08407458643751546,0.01437008010998945,0.06970450632752603
zone1,ALL,NMIN_10,2.7891687279964987,1.5094848529740794,1.279683875022419,0.6433893553906816,0.4232367689720341,0.6573664048331481,0.11272302168735227,0.4149870304157012,0.08399226411610404,0.014286526085930973,0.06970573803017308
zone1,ALL,NMIN_20,2.7891277151372917,1.5095266944400527,1.279601020697239,0.64338446030791,0.42324852219281317,0.6573652414869263,0.1126965361768032,0.4149620988447721,0.08398713926146528,0.014285940532627966,0.06970119872883732
zone1,ALL,NMIN_30,2.7888750032092475,1.5096225781350174,1.27925242507423,0.643415267447689,0.4232754558149942,0.657358572337954,0.11275847348693643,0.41500312539922096,0.08402118302237646,0.014286972689139466,0.069734210333237
zone1,ALL,NMIN_50,2.7882366731930466,1.5087411588833668,1.27949551430968,0.6432666586590026,0.42302786613756427,0.6575692847382275,0.11373509184867614,0.4143140683408041,0.08406056190055594,0.014379747758737372,0.06968081414181856
zone1,ALL,NU_0,2.7893170443918907,1.5087676982077076,1.2805493461841833,0.6432291911939941,0.4230353210039521,0.65744931905978,0.1132478173692378,0.41406540637507055,0.08391876060281256,0.014329464622253906,0.06958929598055866
zone1,ALL,NU_10,2.788996803957356,1.508699915930403,1.2802968880269525,0.6432505877671899,0.4230162810384172,0.657481055176716,0.11350611186530775,0.4143238345067485,0.0840059229609537,0.014362286660394819,0.06964363630055889
zone1,ALL,NU_100,2.7859717870725835,1.5100442982994344,1.2759274887731489,0.643761420282947,0.4233939165353361,0.6576233083237139,0.11367187939345777,0.41658019377090855,0.08456925320497159,0.01437837661027666,0.07019087659469493
zone1,ALL,NU_30,2.7880776439121675,1.509065511967155,1.2790121319450125,0.6433669174171552,0.42311897655435865,0.6575458794403548,0.11370206252299835,0.41508372598684173,0.08414632508282613,0.014372359696148978,0.06977396538667716
zone1,ALL,NU_60,2.787076890301988,1.5095587983075576,1.2775180919944307,0.6435662770481045,0.42325754013312344,0.6576052061161829,0.11362526817449936,0.4156562138487964,0.08435067886935603,0.01437411519353772,0.06997656367581831
zone1,ALL,TOL_0.5,2.8147674601107058,1.5594066739175134,1.2553607861931926,0.6565244571646831,0.437259752383111,0.6562947528469818,0.060488181081395274,0.4570259417606569,0.08379386893736888,0.007453736292181672,0.07634013264518721
zone1,ALL,TOL_1,2.78831953410222,1.5088920222566444,1.2794275118455756,0.6433018014177769,0.42307024348960853,0.6575640307813202,0.11366506157498799,0.41447248080563676,0.08407458643751546,0.01437008010998945,0.06970450632752603
zone1,ALL,TOL_2,2.774980907010241,1.4832581510548468,1.2917227559553943,0.6360284384341227,0.41586971787112603,0.660849746281942,0.1490877475105854,0.39787520902355944,0.08622149298547668,0.0191592212909941,0.06706227169448258
zone10,ALL,CLARA,3.1972581077034397,1.7896159885486533,1.407642119154787,0.6410987572572516,0.5018647311232382,0.7448812961063601,0.09849494425865693,0.4210031175219259,0.07780313471364081,0.012005360531462159,0.06579777418217865
zone10,ALL,NMIN_10,3.1980596877498755,1.789392935178315,1.4086667525715604,0.6410238576916147,0.501802075682132,0.7452145914584006,0.09867119861775993,0.4211028015926165,0.07776758330867452,0.012024495266297106,0.06574308804237741
zone10,ALL,NMIN_20,3.1979608857834596,1.789425139002174,1.4085357467812856,0.6410244795104616,0.5018111217000699,0.7449009445610593,0.0986655155475856,0.4209684736789878,0.07777128182548505,0.012025541831712679,0.06574573999377237
zone10,ALL,NMIN_30,3.1977783801194684,1.7894088064994438,1.4083695736200244,0.6410330378804652,0.5018065339184041,0.7449016854840151,0.09867066009529675,0.42106376316654465,0.07779371474128124,0.012031637774158829,0.06576207696712241
zone10,ALL,NMIN_50,3.1972503800473104,1.7896198695857575,1.4076305104615527,0.6411008035934536,0.5018658213022,0.7448403852579542,0.09846723139465462,0.4209804257978882,0.07780052651543053,0.01200304710967315,0.06579747940575736
zone10,ALL,NU_0,3.198565076061801,1.788983572735372,1.4095815033264292,0.640895546302874,0.5016870862318672,0.7447805632073716,0.09786551191901538,0.420468140838646,0.07749087006027205,0.011948209578032085,0.06554266048223997
zone10,ALL,NU_10,3.19769916810083,1.789503549574381,1.4081956185264493,0.641105673523104,0.501833147141701,0.74481494527222,0.09796231122141157,0.4212930445690771,0.07769772795715528,0.011948107207681991,0.0657496207494733
zone10,ALL,NU_100,3.1943932161354,1.7919211077247403,1.402472108410659,0.6418537340484487,0.5025122365097795,0.7448826873201508,0.0982161782464623,0.42467653180134,0.07846806668891734,0.011957863182561502,0.06651020350635584
zone10,ALL,NU_30,3.1966395456252306,1.7902957524122165,1.4063437932130145,0.6413535580247895,0.5020556760287335,0.7447903418866364,0.09821039407469909,0.4222355032163566,0.07797086905698584,0.011959308115516511,0.06601156094146934
zone10,ALL,NU_60,3.1956958772232067,1.7911631791406095,1.4045326980825974,0.6415963166470025,0.5022993352221023,0.7448123159252736,0.0982051444992881,0.42322809352448126,0.07820343089025646,0.011955583492458297,0.06624784739779815
zone10,ALL,TOL_0.5,3.2180079721396444,1.8302291638110202,1.387778808328624,0.6530774454303494,0.5132729264216559,0.7405445716949878,0.05010241914181194,0.464413099757783,0.0777539665386106,0.00580897555693375,0.07194499098167684
zone10,ALL,TOL_1,3.1972581077034397,1.7896159885486533,1.407642119154787,0.6410987572572516,0.5018647311232382,0.7448812961063601,0.09849494425865693,0.4210031175219259,0.07780313471364081,0.012005360531462159,0.06579777418217865
zone10,ALL,TOL_2,3.186079497198531,1.7668898856819406,1.4191896115165903,0.6346210147587115,0.49548099436292575,0.7491500977140536,0.1258549782564044,0.4000170704647455,0.07856319780421553,0.015692316983635754,0.06287088082057977
zone2,ALL,CLARA,2.689903021937283,1.4885682710003663,1.2013347509369168,0.632837659113043,0.41790250904956483,0.651266407175023,0.14860519622932558,0.40066593700123876,0.08548844641780359,0.020629337122797766,0.06485910929500584
zone2,ALL,NMIN_10,2.6903069342998527,1.4891448155215414,1.2011621187783112,0.6329868324946434,0.4180644597577601,0.651410784356693,0.14824534983232773,0.40150064467392027,0.08557131890842908,0.02060186541808897,0.0649694534903401
zone2,ALL,NMIN_20,2.6902711847904484,1.4891641799614468,1.2011070048290016,0.633020526277686,0.41806989920717175,0.6513731510982363,0.1482383366101736,0.40150491489180046,0.08552723591254165,0.020560875723194386,0.06496636018934725
zone2,ALL,NMIN_30,2.6902666015329992,1.4891167781149075,1.2011498234180917,0.6329945519515082,0.4180565840817394,0.6512934984151049,0.1482581912488506,0.4012425477789668,0.08550064119744293,0.020560449251286778,0.06494019194615616
zone2,ALL,NMIN_50,2.6896625210379854,1.4885400925974188,1.2011224284405662,0.6328862703117688,0.417894593767838,0.651437789014836,0.14865663225313727,0.40058228532018025,0.08549502911959736,0.020607569729861157,0.0648874593897362
zone2,ALL,NU_0,2.6905076769030485,1.4882309201525816,1.202276756750467,0.6326859607140551,0.417807747575468,0.6511574805539164,0.14817413501618526,0.4000037051768981,0.08521636922677817,0.020567489377621827,0.06464887984915633
zone2,ALL,NU_10,2.6903336626107515,1.488361141260214,1.201972521350537,0.6326506482180558,0.4178443265382861,0.6512689172627804,0.14853939320541415,0.40001240713666064,0.08535619080447691,0.020658378106590485,0.06469781269788644
zone2,ALL,NU_100,2.688216560010723,1.490134823725711,1.1980817362850118,0.6333676836000395,0.41834255194994263,0.6512977120928458,0.14875000431048072,0.4028906271619692,0.08610104399614274,0.020677681240329114,0.06542336275581365
zone2,ALL,NU_30,2.6895493897127696,1.4887417093471593,1.2008076803656105,0.6328339950982622,0.41795122768630444,0.6513023297870004,0.14891371943335752,0.40069341855697005,0.08561298596478013,0.02069962207227933,0.0649133638925008
zone2,ALL,NU_60,2.6888360886698077,1.4893710633393606,1.1994650253304469,0.6330514706123986,0.41812801251557447,0.6512413222600415,0.14902808555633448,0.40144457617683893,0.0858121128807646,0.020689652873436763,0.06512246000732784
zone2,ALL,TOL_0.5,2.71871326925032,1.548237312349118,1.1704759569012018,0.6494033242315729,0.4346634757205625,0.6497271192273653,0.08443982173487301,0.4528513561295403,0.08390798823854688,0.01132227315125064,0.07258571508729625
zone2,ALL,TOL_1,2.689903021937283,1.4885682710003663,1.2013347509369168,0.632837659113043,0.41790250904956483,0.651266407175023,0.14860519622932558,0.40066593700123876,0.08548844641780359,0.020629337122797766,0.06485910929500584
zone2,ALL,TOL_2,2.6743089499599866,1.4583892820424615,1.2159196679175248,0.6226717547095583,0.40942526496026577,0.6557767262360586,0.19206419567211183,0.3768737775692797,0.08899564750048679,0.027637142065182013,0.06135850543530478
zone3,ALL,CLARA,2.929835250782003,1.6321098280700828,1.2977254227119206,0.6385835456337691,0.457782700294408,0.6927788379023576,0.10212215800803355,0.3923178042969245,0.07564608309147028,0.013063915793130213,0.06258216729834007
zone3,ALL,NMIN_10,2.9304116638758297,1.6324529436186412,1.2979587202571885,0.6386187052383161,0.4578790810664749,0.6928184474205119,0.10196481228251504,0.39281835113244234,0.07562919706715247,0.01303592960531882,0.06259326746183365
zone3,ALL,NMIN_20,2.930344744315726,1.63239843859599,1.2979463057197358,0.6386074850254567,0.45786377066685385,0.6928110874283318,0.10206891903921005,0.3926809444937421,0.07563764493635308,0.013045601000210048,0.06259204393614302
zone3,ALL,NMIN_30,2.930304735027084,1.632347977858568,1.2979567571685162,0.638581460994798,0.45784959630240946,0.6928084902227053,0.10213878254492617,0.3925848784841765,0.0756427907997252,0.013061382181871759,0.06258140861785344
zone3,ALL,NMIN_50,2.929800314848382,1.632069752027021,1.2977305628213611,0.6385761227514665,0.45777144297894123,0.6927737364228481,0.10212236816770584,0.3923669895675454,0.07565154653179865,0.013070264359267997,0.06258128217253064
zone3,ALL,NU_0,2.9309602528259084,1.6320295965760976,1.2989306562498109,0.6385797325028965,0.45776016335789527,0.6927550725767263,0.10175850208411004,0.3924380077382554,0.07554120050093552,0.013012705594309998,0.06252849490662551
zone3,ALL,NU_10,2.930534827227196,1.632125272913004,1.298409554314192,0.6386318679476213,0.45778703873343074,0.692736013899502,0.10186021760308703,0.39242639799480195,0.07562552684548239,0.013028863301583376,0.06259666354389902
zone3,ALL,NU_100,2.928064161876334,1.63284652108768,1.2952176407886542,0.6388266505655295,0.4579896365353061,0.6928196868043891,0.10249941108442569,0.39326456530662984,0.07596886727856263,0.013102134824816338,0.0628667324537463
zone3,ALL,NU_30,2.929628457926695,1.6324072828838099,1.2972211750428853,0.638700462606138,0.457866255017365,0.6927604728056442,0.10202468350889637,0.3926313848297626,0.07574323284177005,0.013054587061082748,0.0626886457806873
zone3,ALL,NU_60,2.928965161135317,1.6325865607162968,1.2963786004190208,0.6387295558430003,0.4579166139590748,0.692785577468026,0.10233773715678596,0.392858432361888,0.07582111594642277,0.013078285075710728,0.06274283087071204
zone3,ALL,TOL_0.5,2.958818953453927,1.6835541432816066,1.2752648101723203,0.6525532469151619,0.4722333506347237,0.6906435177845355,0.05118755825633364,0.4389623470754632,0.07591342102608269,0.0061029221667126595,0.06981049885937002
zone3,ALL,TOL_1,2.929835250782003,1.6321098280700828,1.2977254227119206,0.6385835456337691,0.457782700294408,0.6927788379023576,0.10212215800803355,0.3923178042969245,0.07564608309147028,0.013063915793130213,0.06258216729834007
zone3,ALL,TOL_2,2.9143556044458956,1.6029540598584204,1.311401544587475,0.6302887980691059,0.44959287776304213,0.6966957155750357,0.14262474732775862,0.37092213487071685,0.07775365359817345,0.018382201945938943,0.05937145165223451
zone4,ALL,CLARA,2.967792650924533,1.597996570271882,1.3697960806526515,0.6467284165034032,0.44737518894939915,0.6943042328353922,0.0916583134928746,0.4384015927293893,0.08234951749512531,0.011467178411025486,0.07088233908409983
zone4,ALL,NMIN_10,2.9683583581493753,1.5983274109955272,1.370030947153848,0.646821301239733,0.44746812173694,0.6943468667184962,0.09150498382860682,0.43902698853377287,0.0824118505340419,0.01145513969938146,0.07095671083466044
zone4,ALL,NMIN_20,2.9683910933376616,1.598281610196659,1.3701094831410023,0.6468071409867355,0.4474552563439995,0.6943401234848204,0.09152791489114806,0.43905801797402344,0.08240497997509606,0.011459062823534996,0.07094591715156107
zone4,ALL,NMIN_30,2.9680807085366405,1.5981292412346113,1.3699514673020294,0.6467728967459172,0.44741245607376123,0.694339539475791,0.09157591628753671,0.4387937005246953,0.08240100271141235,0.01147463398128255,0.07092636873012981
zone4,ALL,NMIN_50,2.9677499776250396,1.5979432303608219,1.3698067472642177,0.6467151893336833,0.44736020582831487,0.6943205213658672,0.09166441849401184,0.4383651786397021,0.08234934833655094,0.011473720809229723,0.07087562752732122
zone4,ALL,NU_0,2.9688424986221813,1.5974058856393893,1.3714366129827915,0.6464663735155166,0.4472092662998225,0.6942902092936046,0.09162177954586907,0.43688424096422374,0.08204170898073194,0.011445540359302417,0.07059616862142952
zone4,ALL,NU_10,2.9684499595278746,1.5977519322486977,1.3706980272791771,0.6466112541678618,0.44730647040356086,0.6942777573480037,0.09148097715996824,0.4377825590649955,0.08217724060213383,0.011438605220465432,0.0707386353816684
zone4,ALL,NU_100,2.966301038019086,1.5991435581581954,1.3671574798608908,0.6471437863060416,0.44769737655791414,0.6937930876751723,0.09095779676338228,0.44023671694638444,0.08261375440093119,0.011384124367694684,0.0712296300332365
zone4,ALL,NU_30,2.9676789748429613,1.5982865678815206,1.3693924069614407,0.646818611511557,0.4474566489521066,0.6942587502439304,0.09149068146511656,0.43878715343014185,0.08237924154740288,0.01143471496194176,0.07094452658546112
zone4,ALL,NU_60,2.9671080132895673,1.5986741831885445,1.3684338301010233,0.6469629834227427,0.4475655296563268,0.6939949830029394,0.09125426191165795,0.43953005264883577,0.0825090147619759,0.011425105297416357,0.07108390946455956
zone4,ALL,TOL_0.5,2.984387990875503,1.6378836258069385,1.3465043650685646,0.6581120479522068,0.4585794180322802,0.6902638447481012,0.049678296026982136,0.4775286191296847,0.08240044669815264,0.0057637761706512925,0.07663667052750134
zone4,ALL,TOL_1,2.967792650924533,1.597996570271882,1.3697960806526515,0.6467284165034032,0.44737518894939915,0.6943042328353922,0.0916583134928746,0.4384015927293893,0.08234951749512531,0.011467178411025486,0.07088233908409983
zone4,ALL,TOL_2,2.956359873210344,1.5754987434312095,1.3808611297791349,0.6400463769141915,0.4410555746683114,0.6982395777871293,0.11673809295701246,0.41752281110587586,0.08337920303988902,0.015329666215709714,0.06804953682417932
zone5,ALL,CLARA,3.0220404000750154,1.6664936691852161,1.3555467308897993,0.6476412245506837,0.4669667393120715,0.7021020270013342,0.07572840550777069,0.4400181137354976,0.08035928781556596,0.009506820788894409,0.07085246702667156
zone5,ALL,NMIN_10,3.022343954090503,1.6668391078170863,1.3555048462734165,0.6477649004499968,0.4670637726356304,0.7021481563342866,0.07569155195542927,0.44080942199222495,0.0804551333043417,0.009492756669924312,0.07096237663441737
zone5,ALL,NMIN_20,3.022341736718585,1.6668515922504388,1.3554901444681466,0.6477630373627253,0.4670672794989317,0.702146948260515,0.07571367807781808,0.4408299156664877,0.08045929161711808,0.009495275942492182,0.07096401567462589
zone5,ALL,NMIN_30,3.022211387096338,1.6669081771910874,1.3553032099052504,0.6477889559741438,0.46708317414518136,0.7021387527238365,0.07559289711635764,0.4409082224482551,0.08046037645379973,0.009481134947815236,0.07097924150598449
zone5,ALL,NMIN_50,3.0220400469304898,1.6664727458049853,1.355567301125505,0.6476339512921889,0.4669608619580739,0.7021152892462426,0.07572982022537691,0.4399213865213456,0.08036191448449043,0.009510950110383961,0.07085096437410647
zone5,ALL,NU_0,3.022620311472682,1.6659741692736365,1.3566461421990457,0.6474057139337197,0.4668208123706165,0.7021942871002048,0.07588798353319759,0.4390445707227311,0.08015860789308346,0.009526209053999141,0.07063239883908431
zone5,ALL,NU_10,3.0223630079519257,1.6663153533148478,1.3560476546370783,0.647578319502843,0.4669166505844398,0.7021612068057657,0.07578442266242826,0.43988573786347107,0.08028719953901585,0.00950250702830872,0.07078469251070714
zone5,ALL,NU_100,3.0209844072822074,1.667683634433861,1.3533007728483466,0.6480619933229719,0.4673009992133762,0.7019540829742745,0.07603096042458209,0.44244645975241925,0.08080288050792875,0.00951964250861076,0.07128323799931799
zone5,ALL,NU_30,3.0220323638545183,1.6667684349257008,1.3552639289288173,0.6477505419316552,0.46704392069984807,0.7021317188340308,0.0758260714875947,0.4408491972638976,0.08047592163619462,0.009509323785154943,0.07096659785103968
zone5,ALL,NU_60,3.021396326390054,1.667280629315049,1.3541156970750046,0.6479298158221225,0.4671877955283167,0.7020264024310953,0.0759835850791108,0.44160976582835565,0.0806587693397402,0.009512675561326326,0.07114609377841388
zone5,ALL,TOL_0.5,3.039337807771019,1.7034638464061982,1.3358739613648212,0.6579504853466224,0.4773516205539202,0.7012380244756697,0.042549535553760884,0.47808354525592006,0.08139689920126866,0.005003412329387022,0.07639348687188165
zone5,ALL,TOL_1,3.0220404000750154,1.6664936691852161,1.3555467308897993,0.6476412245506837,0.4669667393120715,0.7021020270013342,0.07572840550777069,0.4400181137354976,0.08035928781556596,0.009506820788894409,0.07085246702667156
zone5,ALL,TOL_2,3.011332677661124,1.6475379931407368,1.3637946845203877,0.6422000498763519,0.4616421112096895,0.7042009890708423,0.09874064942463007,0.42179433456724647,0.0808835701739683,0.012448417934820082,0.06843515223914823
zone6,ALL,CLARA,3.0167690415867883,1.6836578758455236,1.333111165741265,0.6492605431866568,0.4717644949853117,0.7085561787827104,0.09515270582815186,0.4507215999835097,0.08373508126669309,0.011250244072778349,0.07248483719391474
zone6,ALL,NMIN_10,3.017385714412863,1.6843932892850006,1.3329924251278622,0.6494893970581561,0.47197107179415365,0.7085826317831015,0.09480781620583134,0.4520345188141236,0.08391276213093095,0.01122560429206674,0.07268715783886422
zone6,ALL,NMIN_20,3.0173756657365924,1.6843161588880726,1.3330595068485196,0.6494239484513342,0.4719494059523199,0.7086126471037844,0.09526520206943176,0.45190512293363705,0.08388420070659072,0.011246111074506553,0.07263808963208418
zone6,ALL,NMIN_30,3.017238549691954,1.684138807345965,1.3330997423459885,0.649373149782817,0.47189958810341326,0.7086189491690937,0.09528541925735773,0.45145084617513637,0.08385975961002963,0.011258236174410864,0.07260152343561876
zone6,ALL,NMIN_50,3.0167804690561777,1.6836717538166344,1.3331087152395436,0.6492634245594855,0.4717683932918034,0.7085560210819175,0.09514539985754247,0.45071651413437036,0.08373509492325193,0.011249020788665364,0.07248607413458656
zone6,ALL,NU_0,3.017760453707278,1.6833241303350384,1.3344363233722394,0.6491271346663978,0.4716707462464115,0.7085964647947739,0.09502173147371769,0.4498278632762057,0.08353690857782145,0.0112175043940753,0.07231940418374616
zone6,ALL,NU_10,3.017278600961615,1.6835118913878886,1.3337667095737258,0.6491881677395412,0.4717234881151895,0.7086169600153145,0.09512326682891167,0.45037623734592,0.08363893488500691,0.011236220473324208,0.0724027144116827
zone6,ALL,NU_100,3.0152234426649773,1.6846605888944477,1.3305628537705299,0.6496026910108109,0.4720461559541106,0.708510955608667,0.09537128593118586,0.45245814299561127,0.08412454559203028,0.01126890706627916,0.07285563852575111
zone6,ALL,NU_30,3.0165114833168154,1.6839804048738212,1.3325310784429942,0.6493938790118661,0.4718550930269684,0.7085721938587566,0.09508164426717627,0.4512623636875478,0.08383004300007219,0.01123194555398085,0.07259809744609133
zone6,ALL,NU_60,3.0160269061920078,1.6844013924991734,1.3316255136928337,0.6494893151003234,0.4719733479779101,0.7085604328477887,0.09521718416057524,0.4520187785398123,0.08396704192712992,0.011252646386382886,0.07271439554074705
zone6,ALL,TOL_0.5,3.0320181995545097,1.7178317426379721,1.3141864569165382,0.6590513589727988,0.4813638957697073,0.7054418918176697,0.05806547970046668,0.4859223701962213,0.08390833559072511,0.006380491302755975,0.07752784428796913
zone6,ALL,TOL_1,3.0167690415867883,1.6836578758455236,1.333111165741265,0.6492605431866568,0.4717644949853117,0.7085561787827104,0.09515270582815186,0.4507215999835097,0.08373508126669309,0.011250244072778349,0.07248483719391474
zone6,ALL,TOL_2,3.0074974133319423,1.664910945430836,1.342586467901106,0.644047419874562,0.4664985032957928,0.7115157567443173,0.11486785023326355,0.43347082446624724,0.0841416606674367,0.014060194418511801,0.07008146624892489
zone7,ALL,CLARA,2.500265297001305,1.3970987248061775,1.103166572195128,0.6451656998155022,0.3920009361466123,0.5920879657516508,0.10547098402354167,0.42195054155311834,0.08480700346834362,0.013464307303608477,0.07134269616473515
zone7,ALL,NMIN_10,2.500649595884388,1.3971217973714163,1.1035277985129721,0.6451859561174984,0.3920074172042637,0.5921010591428683,0.10522385736270912,0.4223945325045914,0.0847524626716928,0.01342596487500014,0.07132649779669266
zone7,ALL,NMIN_20,2.50062820351416,1.397155961689395,1.1034722418247656,0.6451921745049571,0.39201701392279703,0.5921125885438616,0.10531407670574353,0.42244447011982905,0.08477457461455182,0.013433665786091786,0.07134090882846003
zone7,ALL,NMIN_30,2.50061535933204,1.3971418258570216,1.1034735334750185,0.6451711453573644,0.39201304318336627,0.5921035468214528,0.1054556726130629,0.4223629181272385,0.08479654267538024,0.013455197761453477,0.07134134491392675
zone7,ALL,NMIN_50,2.5002676750167874,1.397101207960473,1.1031664670563146,0.645165150600497,0.3920016336618639,0.5920814434625473,0.10546783939625626,0.4219522210516451,0.08480954205758184,0.01346577772541728,0.07134376433216456
zone7,ALL,NU_0,2.5012214181305144,1.3971737368786594,1.1040476812518552,0.6451261973248928,0.3920220069534893,0.5919360799274784,0.10470740740211952,0.4217502971238284,0.08465673635707122,0.013401227317311606,0.0712555090397596
zone7,ALL,NU_10,2.5008485838529775,1.3974198997058696,1.103428684147108,0.645213376369679,0.3920911538150652,0.5920291193248187,0.1050108881627075,0.42198433020125165,0.08478905739103135,0.013426983452148772,0.07136207393888258
zone7,ALL,NU_100,2.4984179245821574,1.3985786925692139,1.0998392320129438,0.6456515143123366,0.3924166574283642,0.5922593408350185,0.1060137260420952,0.4239878953260927,0.08539484272313232,0.013518321343423418,0.0718765213797089
zone7,ALL,NU_30,2.5002446746287927,1.3976153019801512,1.1026293726486416,0.6453301499617536,0.3921460420943577,0.5921815786734359,0.1055038021332891,0.4226088130131682,0.08495426485642647,0.013458671902211417,0.07149559295421506
zone7,ALL,NU_60,2.499589304069052,1.3978518559781339,1.1017374480909183,0.6454617619364822,0.39221248984660007,0.5921554944097321,0.10569611589257297,0.42322113733469485,0.0851327549933834,0.013483789751240144,0.07164896524214326
zone7,ALL,TOL_0.5,2.5284617246467898,1.4512003633198483,1.0772613613269413,0.6590760985081403,0.40719802561674456,0.5931384558388991,0.05242228073510043,0.467290262197989,0.0850445833245568,0.00649439094738047,0.07855019237717634
zone7,ALL,TOL_1,2.500265297001305,1.3970987248061775,1.103166572195128,0.6451656998155022,0.3920009361466123,0.5920879657516508,0.10547098402354167,0.42195054155311834,0.08480700346834362,0.013464307303608477,0.07134269616473515
zone7,ALL,TOL_2,2.4861731283215436,1.370945319889623,1.115227808431921,0.6372750374376034,0.38465447409140036,0.5949101753498682,0.14380553753910064,0.40324367863538263,0.08680344645216352,0.018478658233760263,0.06832478821840325
zone8,ALL,CLARA,2.724868006611328,1.5079106997990013,1.2169573068123274,0.6419129627792566,0.4231233901782209,0.6453206819537184,0.10854382111296039,0.4178474534805684,0.08373136269876677,0.014282399569026345,0.06944896312974043
zone8,ALL,NMIN_10,2.7251822363210674,1.5079555204121644,1.2172267159089032,0.6418857894529315,0.42313598023809834,0.6452916790828946,0.1081820307283552,0.41808007249235724,0.08368209247058951,0.014270250144973093,0.06941184232561641
zone8,ALL,NMIN_20,2.7251944978480327,1.5079629148158862,1.2172315830321465,0.6418870065056497,0.42313805731779547,0.6452840773059261,0.1083707459693313,0.41821074533843267,0.08370396700921677,0.01428049304189479,0.06942347396732199
zone8,ALL,NMIN_30,2.7250621233538483,1.5078594056436958,1.2172027177101525,0.6418864973067561,0.42310898170762956,0.6452637084628721,0.10865280382805205,0.41824223346807743,0.08374221761950891,0.014300469353993197,0.06944174826551572
zone8,ALL,NMIN_50,2.7248721789775403,1.5078914477485914,1.2169807312289493,0.6419175056128947,0.4231179822988923,0.6453261917348772,0.10853643298380626,0.41778028257351674,0.08373419676982843,0.014281362170827417,0.06945283459900102
zone8,ALL,NU_0,2.7257961769164574,1.507559053273433,1.218237123643024,0.6417187264587959,0.4230246130642974,0.6452848592572407,0.10838803841699045,0.4171534589123581,0.08349596731567163,0.014265292413475728,0.06923067490219591
zone8,ALL,NU_10,2.72524496865257,1.5075884270955744,1.217656541556996,0.6417886554285445,0.42303286413793256,0.6452856697559459,0.10858799054878365,0.417291746359066,0.08360630799952987,0.014285388692057598,0.06932091930747228
zone8,ALL,NU_100,2.7227955554649896,1.5092747984342272,1.213520757030762,0.6424053666367617,0.42350656395216096,0.6453842137693668,0.1088806447341086,0.42013490467702674,0.0842751103028453,0.014302990068782795,0.0699721202340625
zone8,ALL,NU_30,2.7246002604163766,1.5080267724022332,1.2165734880141439,0.6419687850309528,0.4231559948420502,0.6453023647308854,0.10864127336775797,0.4180842264887141,0.0837902106919301,0.014283712347303811,0.06950649834462629
zone8,ALL,NU_60,2.723847602246268,1.5086738012135943,1.215173801032674,0.6422106552802497,0.42333774450816286,0.6453023746530084,0.10865243429141964,0.41942472698578415,0.08403216066161419,0.014281480669032143,0.06975067999258204
zone8,ALL,TOL_0.5,2.7535560241100026,1.5623188339167764,1.1912371901932262,0.6561762228725747,0.43840657391916904,0.6452187325006765,0.05605739140722084,0.46500832716710666,0.08382382668306063,0.007089773975763487,0.07673405270729713
zone8,ALL,TOL_1,2.724868006611328,1.5079106997990013,1.2169573068123274,0.6419129627792566,0.4231233901782209,0.6453206819537184,0.10854382111296039,0.4178474534805684,0.08373136269876677,0.014282399569026345,0.06944896312974043
zone8,ALL,TOL_2,2.7097643467313954,1.4787336919533611,1.231030654778034,0.6337570067021325,0.41492760145753566,0.6489036337953522,0.1504447830343732,0.4015091535745145,0.08658804612377877,0.019863157316199483,0.06672488880757929
zone9,ALL,CLARA,2.694106530777197,1.4789811111428826,1.2151254196343149,0.650951409785226,0.41445461026716063,0.6382265820685107,0.08362220549562058,0.4453241944063512,0.0855151553409355,0.01120352659927312,0.07431162874166239
zone9,ALL,NMIN_10,2.6949008564843213,1.4792071603495338,1.2156936961347875,0.6510076898219165,0.41451810723532106,0.6381992969907946,0.08367190727512765,0.4463884341568445,0.08552607226785437,0.011187031084939288,0.0743390411829151
zone9,ALL,NMIN_20,2.69487041642147,1.4792043632009748,1.215666053220495,0.6510089263841626,0.41451732151943366,0.6381883074008461,0.08365721883073432,0.44633899811334654,0.08552987501033439,0.011187382186133403,0.074342492824201
zone9,ALL,NMIN_30,2.694742654323901,1.4792239636341322,1.215518690689769,0.6510122840806744,0.41452282725908474,0.6381808070943217,0.08359202610032113,0.4463264061867953,0.08552977297620545,0.011185010468989513,0.07434476250721594
zone9,ALL,NMIN_50,2.6941134406519973,1.478994159236158,1.2151192814158391,0.650955842657373,0.4144582754619009,0.6382237272232028,0.08352701843347854,0.44533824816192,0.08551412557888652,0.011200649784310285,0.07431347579457623
zone9,ALL,NU_0,2.6950846978640164,1.478645072692856,1.2164396251711607,0.6508588818304705,0.41436021744411944,0.6381340955220347,0.0832018288657725,0.44534299864906224,0.08532167398320464,0.011155144560679817,0.07416652942252483
zone9,ALL,NU_10,2.6945660515086045,1.4788656755532408,1.2157003759553633,0.6509086095489438,0.41442218453973323,0.6381575860096736,0.0833479018954756,0.4452918826628392,0.08540622066832146,0.01117241729766009,0.07423380337066136
zone9,ALL,NU_100,2.6923303483888317,1.4798969775949637,1.212433370793868,0.6513696892230094,0.4147118761244869,0.6382113784273329,0.08389430455610018,0.44674001405284064,0.08598176121466469,0.011231297289856081,0.07475046392480861
zone9,ALL,NU_30,2.6938740513647126,1.4790903798021064,1.214783671562606,0.650973798681476,0.4144853037107629,0.638151922009882,0.08365804198141061,0.44554151302410305,0.08553980942179873,0.011205798101258926,0.07433401132053981
zone9,ALL,NU_60,2.692877452610664,1.4794811054638424,1.2133963471468214,0.6511580129523203,0.4145950581101269,0.6382583790912173,0.08391351931343446,0.44633785243858437,0.08577817289577534,0.011232339195639655,0.07454583370013568
zone9,ALL,TOL_0.5,2.7240415665244777,1.531667015794587,1.1923745507298906,0.6647542155233068,0.42925402168617877,0.6385358969389754,0.04005174194406581,0.4972678548674564,0.08738451105561859,0.0051227684378616755,0.08226174261775691
zone9,ALL,TOL_1,2.694106530777197,1.4789811111428826,1.2151254196343149,0.650951409785226,0.41445461026716063,0.6382265820685107,0.08362220549562058,0.4453241944063512,0.0855151553409355,0.01120352659927312,0.07431162874166239
zone9,ALL,TOL_2,2.6784186981219675,1.4519850215790644,1.2264336765429034,0.6430354636742848,0.4068714390413691,0.6406644737517916,0.11711167887899554,0.42192967068986764,0.08669555553770977,0.015792933269675277,0.0709026222680345
