price_id,regime,method,ERRF,capacity,exceedance,coverage,width,TUWR,TOWR,ARD,under_gap,over_gap,IS,below_floor_pct,delta_ERRF_pct,delta_ERRF_pct_CI_low,delta_ERRF_pct_CI_high,delta_TUWR_pp,delta_TUWR_pp_CI_low,delta_TUWR_pp_CI_high,delta_below_floor_pp,delta_below_floor_pp_CI_low,delta_below_floor_pp_CI_high,delta_ERRF_exact_p,delta_below_floor_exact_p,delta_capacity_contribution_pct,delta_exceedance_contribution_pct
R01,ordinary,CLARA,1.5261656125631913,1.3333305056017957,0.19283510696139552,0.61035746295977511,0.3739022648851737,0.1603025179167632,0.20899797296451234,0.055076246888141847,0.02244106392302312,0.032635182965118713,0.61575354916104319,4.3181818181818192,0,0,0,0,0,0,0,0,0,1,1,0,0
R01,ordinary,FEASIBLE_STATE_ORACLE,1.5090354714523606,1.3131571306568444,0.19587834079551608,0.60509642508462436,0.36823558652985033,0.17162898521780462,0.19154733130315527,0.054057417547419773,0.023747598180234676,0.030309819367185083,0.61772384363958621,5.9090909090909083,-1.1224300278959043,-1.2456915613915807,-0.98412786625838855,1.1326467301041441,0.92563846788628135,1.3122617344311418,1.5909090909090908,0.72727272727272729,2.6363636363636358,0.001953125,0.00390625,-1.3218339332826516,0.19940390538674588
R01,ordinary,FIX_REFERENCE_PRICE,1.6254702936140863,1.4660119717040825,0.15945832191000378,0.67394484668201204,0.41117233963300714,0.064063194895159686,0.53888842065452214,0.096096578791868628,0.00715779655667949,0.088938782235189126,0.61768029578532313,0.45454545454545453,6.5068089749521496,6.0376140275542474,6.9830803531509389,-9.6239323021603518,-11.015854528847409,-8.1913290613724623,-3.8636363636363633,-6.0909090909090899,-1.8636363636363638,0.001953125,0.001953125,8.6937790374826118,-2.1869700625304693
R01,ordinary,GLOBAL_SCORE_SAME_SCREEN,1.5199274907790215,1.3260777480002865,0.19384974277873507,0.60962786015640391,0.37186497342407565,0.16330888471870603,0.20912154187111534,0.055407290452320901,0.022870427046459384,0.032536863405861496,0.61599096940910714,4.6363636363636358,-0.40874474780576708,-0.50953383822496812,-0.2933435034927821,0.30063668019428474,0.13725655075519344,0.46895154242054526,0.31818181818181801,-1.0408340855860843e-16,0.6374999999999833,0.001953125,0.1796875,-0.47522742891108199,0.066482681105326749
R01,ordinary,NO_BACKOFF_EXACT,1.5288593224234457,1.3364937137435526,0.19236560867989322,0.61130292814445009,0.37479080649802676,0.15697562037810059,0.21737724732104927,0.055768670120224642,0.02195895785314304,0.033809712267081585,0.61625220649787171,3.9999999999999996,0.17650180544497296,0.14244877672129452,0.20882859841103552,-0.33268975386626309,-0.4478341435272839,-0.21110172444550274,-0.31818181818181812,-0.95454545454545459,0.13636363636363649,0.001953125,0.5,0.20726506453283061,-0.030763259087838123
R01,ordinary,NO_G,1.5126695596023469,1.3166577850225285,0.19601177457981855,0.60492227693410561,0.36921891640785148,0.17789912109623696,0.18553392491372586,0.054170134152410253,0.024824880639915441,0.029345253512494812,0.61563019196914259,8.1363636363636367,-0.88431116844375213,-1.0984918639177852,-0.685990407626348,1.7596603179473769,1.4753535620546641,2.0213892667436602,3.8181818181818183,1.6363636363636365,6.4545454545454541,0.001953125,0.005859375,-1.0924581475312742,0.20814697908753324
R01,ordinary,NO_RWG,1.5051225156838099,1.3085032921754554,0.19661922350835467,0.60296866079984779,0.36692832852946011,0.23908773506595646,0.1618316214294328,0.059289129052412862,0.03380388795021981,0.025485241102193031,0.6169307440411721,9.8636363636363633,-1.3788213222835966,-1.6171437615685982,-1.1345395900193702,7.8785217149193247,6.5833150053831275,9.1317307375547916,5.5454545454545459,3.0454545454545459,8.3181818181818183,0.001953125,0.00390625,-1.6267705956657659,0.24794927338218128
R01,ordinary,NO_SCREEN,1.4953958348852505,1.2946596674181023,0.20073616746714809,0.59811478804046236,0.36303966988975411,0.25797275365842232,0.14725305899702268,0.060239686944972989,0.037155780093142993,0.02308390685182999,0.6180817797054291,11.272727272727272,-2.0161493238117889,-2.4626848514168631,-1.5783833092249486,9.7670235741659166,7.9283334907096785,11.477074805011124,6.954545454545455,3.5909090909090913,10.818181818181818,0.001953125,0.00390625,-2.5338559501904743,0.51770662637869003
R01,ordinary,OUTCOME_ORACLE,1.4439330745779562,1.2348329028343978,0.20910017174355824,0.57353447765753296,0.34623439893927538,0.34538789631520928,0.081577804318442443,0.06303157101049886,0.049367131671752842,0.013664439338746023,0.61291851812371101,34.227272727272727,-5.3881791928941265,-6.0624925134190262,-4.8421023146327675,18.508537839844607,16.660043289211409,20.366239429533785,29.909090909090914,23.136363636363637,37.363636363636367,0.001953125,0.001953125,-6.4539262290133346,1.065747036119205
R01,ordinary,STATE_ORACLE,1.4778613582298528,1.2741953388227976,0.20366601940705489,0.59216063755226023,0.3572912629809607,0.27694375225769458,0.12476779889699278,0.059343167443610935,0.039450752981532472,0.019892414462078446,0.62105698592864944,14.090909090909093,-3.16507290792718,-3.5917843680510542,-2.7833722904872014,11.664123434093138,10.036337543764283,13.209931795395089,9.7727272727272734,5.5454545454545459,14.772727272727273,0.001953125,0.001953125,-3.8747542397892678,0.70968133186206961
R01,ordinary,WIDTH_ONLY,1.4439330745779562,1.2311359378497451,0.21279713672821138,0.57349289430957762,0.34519592562897949,0.34595360656359675,0.081549390726374058,0.063094194559073197,0.04943500934576045,0.013659185213312736,0.6289217509582512,34.36363636363636,-5.3881791928941265,-6.0624925134190262,-4.8421023146327675,18.56510886468336,16.727902127026976,20.409758498528998,30.045454545454547,23.363636363636363,37.454545454545453,0.001953125,0.001953125,-6.6961650105859141,1.3079858176918082
R01,ordinary,WIDTH_SAME_SCREEN,1.4695104625521582,1.2626089951908113,0.20690146736134665,0.58354832062528372,0.35403667207309941,0.24434801116690602,0.12364029442848859,0.054205178071621798,0.033922342627188566,0.020282835444433208,0.62471873714476878,22.181818181818176,-3.7122543939304808,-4.2515351778590516,-3.2726451050055902,8.4045493250142833,7.2058114246635636,9.7555297864760124,17.863636363636363,13.181818181818178,23.092045454545442,0.001953125,0.001953125,-4.6339342092898947,0.92167981535940335
R01,overall,CLARA,1.6521871659581904,1.4375411506498854,0.21464601530830452,0.59075761008940009,0.4029813056596831,0.18549606741938107,0.18244422642335767,0.05484610146066142,0.026020215973991862,0.02882588548666954,0.67095193563108724,10.636363636363635,0,0,0,0,0,0,0,0,0,1,1,0,0
R01,overall,FEASIBLE_STATE_ORACLE,1.6395917974176151,1.4228950928262751,0.21669670459133988,0.58731233206397193,0.39886724447327571,0.19752904639797111,0.16682811868613717,0.054181381354981309,0.027396408475343491,0.026784972879637797,0.6739050670935921,13.454545454545459,-0.76234513861936914,-0.86829544061778619,-0.66573140278370857,1.2032978978590065,0.99081013900379999,1.3866749564280485,2.8181818181818179,2.2272727272727271,3.3636363636363646,0.001953125,0.001953125,-0.88646481012435785,0.1241196715050177
R01,overall,FIX_REFERENCE_PRICE,1.7831198823042538,1.6136891706996437,0.16943071160460957,0.66345057980367739,0.45246108657253636,0.074425693928616379,0.51658793435110373,0.092865158658659436,0.0085312374222248008,0.084333921236434614,0.67220294991523288,1.6818181818181819,7.9248113678530352,7.4107408596484934,8.4582602289676014,-11.107037349076469,-12.721679718223857,-9.4427608299103056,-8.954545454545455,-13.045454545454547,-5.3181818181818183,0.001953125,0.001953125,10.661505165947755,-2.7366937980947341
R01,overall,GLOBAL_SCORE_SAME_SCREEN,1.6474694731910013,1.432115667061826,0.21535380612917554,0.59034406658529837,0.40145729341584613,0.18851154633546002,0.18328000318877394,0.055229924298993795,0.026421774355701793,0.028808149943291977,0.67135862703632498,11.090909090909092,-0.28554227174697466,-0.35611582085286198,-0.20592946716270155,0.30154789160789647,0.1390152806315868,0.47203196827897093,0.45454545454545425,-0.0454545454545454,0.90909090909090906,0.001953125,0.15234375,-0.32838189884575603,0.042839627098818348
R01,overall,NO_BACKOFF_EXACT,1.6566440784975136,1.4430808178253245,0.21356326067218884,0.59241788178228194,0.40453739194491867,0.18164186868787308,0.19034817705824178,0.055405460174532448,0.025475714711392861,0.029929745463139562,0.67191214716379366,10.136363636363635,0.26975833193441101,0.20954874544756863,0.32827847586529846,-0.38541987315079812,-0.49931989072690086,-0.26211759024435971,-0.5,-0.90909090909090917,-0.13636363636363638,0.001953125,0.046875,0.335292955276428,-0.065534623342006951
R01,overall,NO_G,1.6360044173988679,1.4179928141942644,0.21801160320460369,0.58498322352768073,0.39749019991372209,0.20478701047630116,0.16010275788183498,0.054341074168635282,0.028624994212630279,0.025716079956004972,0.67067956160064846,16.454545454545453,-0.97947429278917308,-1.1142832653092605,-0.84684360086519428,1.9290943056920127,1.6280468698606747,2.2089173195616558,5.8181818181818183,4.4545454545454541,7.0454545454545467,0.001953125,0.001953125,-1.1831792945978932,0.20370500180875664
R01,overall,NO_RWG,1.6069880977858013,1.3802842391445087,0.22670385864129233,0.57210118806908206,0.38689790355143139,0.26882499666085874,0.13853873795477764,0.0603489468663016,0.038236391509207837,0.022112555357093732,0.67560528163978617,35.13636363636364,-2.7357111290823855,-3.0461790797026715,-2.4132318942242157,8.3328929241477674,6.9318315636530734,9.6445641040548455,24.500000000000004,17.727272727272727,30.500000000000004,0.001953125,0.001953125,-3.4655221082152883,0.72981097913291426
R01,overall,NO_SCREEN,1.5929285309044787,1.3605258622567176,0.23240266864776107,0.56561912855056284,0.38134779768407406,0.29240957851361815,0.12459151677679933,0.062421038547826213,0.042567119031530008,0.019853919516296163,0.67723207765028381,42.63636363636364,-3.5866780879722171,-4.1350869033472373,-3.0282532810926646,10.69135110942371,8.6517276251609143,12.55795134806165,31.999999999999996,22.818181818181817,40.090909090909086,0.001953125,0.001953125,-4.6614142743629552,1.0747361863907554
R01,overall,OUTCOME_ORACLE,1.5463962943561638,1.3052206593238833,0.24117563503228037,0.54444400633371381,0.36581262832091876,0.38133802210523327,0.067702034351961871,0.067028705453070186,0.055340662540090145,0.011688042912980054,0.67463696598459177,66.36363636363636,-6.4030803399125151,-7.0556600677437942,-5.8326024218084633,19.584195468585222,17.643026782143039,21.526379688993512,55.727272727272727,50.636363636363633,60.545454545454547,0.001953125,0.001953125,-8.0088076007576579,1.6057272608451676
R01,overall,STATE_ORACLE,1.5778577954940254,1.3425194340194841,0.23533836147454118,0.56041700763328739,0.37628981222417723,0.3120289752550317,0.10464015589029405,0.062011529293992604,0.044951974966535899,0.017059554327456698,0.68126906497342088,50.954545454545453,-4.4988468616421802,-5.0210225628238687,-3.9989221662482315,12.653290783565065,10.858664345758934,14.320243308587138,40.31818181818182,32.5,47.5,0.001953125,0.001953125,-5.7512682938251229,1.2524214321829623
R01,overall,WIDTH_ONLY,1.5463962943561638,1.3018139195388962,0.2445823748172673,0.54435937235765341,0.36485567894311338,0.38195324857482882,0.06767253764141723,0.067105564788730976,0.055422383388502791,0.01168318140022818,0.69090018730049418,66.454545454545439,-6.4030803399125151,-7.0556600677437942,-5.8326024218084633,19.645718115544781,17.720930590742661,21.57075780134107,55.818181818181799,50.772727272727259,60.590909090909086,0.001953125,0.001953125,-8.2150033547969006,1.811923014884401
R01,overall,WIDTH_SAME_SCREEN,1.5992572788212385,1.3700777046093542,0.22917957421188437,0.56708053838536843,0.38403089946852287,0.27663138670955734,0.105646479015796,0.05635429558766588,0.038584156378649204,0.017770139209016676,0.68295953413707322,40.909090909090907,-3.2036253656682501,-3.6867076971330235,-2.8176290821093231,9.1135319290176238,7.8016806522662669,10.573060610626332,30.272727272727273,25.454545454545453,35.682954545454528,0.001953125,0.001953125,-4.0832810852519614,0.879655719583748
R01,ramp,CLARA,1.8326894072833226,1.5880723512578478,0.24461705602547493,0.56811013985355807,0.44514319841871297,0.21073381643978065,0.15929902573095386,0.055194060514539747,0.029634688541875575,0.025559371972664148,0.75835926472541437,40,0,0,0,0,0,0,0,0,0,1,1,0,0
R01,ramp,FEASIBLE_STATE_ORACLE,1.8232588619380572,1.5771992868762301,0.2460595750618273,0.5658289647915955,0.44208896685084281,0.22329182514404189,0.14473267464434419,0.054725537459102788,0.031047046916243631,0.023678490542859146,0.76233204426752277,42.863636363636353,-0.51457411756663518,-0.59556989730947196,-0.438322088254394,1.2558008704261214,1.0399878779851,1.4438431021681066,2.8636363636363633,2.136363636363638,3.6363636363636349,0.001953125,0.001953125,-0.59328461977282632,0.078710502206191024
R01,ramp,FIX_REFERENCE_PRICE,1.9923921110367668,1.8034090417395678,0.18898306929719888,0.64455424922510107,0.50563103282369037,0.084383742214284296,0.49498709806130259,0.089813765154365358,0.0098923515848495201,0.079921413569515834,0.75609128503768608,10.409090909090908,8.7141172486056249,8.0043866027762522,9.4263835228740973,-12.635007422549638,-14.893169251722961,-10.385146659251117,-29.59090909090909,-35.818181818181813,-23.59090909090909,0.001953125,0.001953125,11.749764560538559,-3.035647311932947
R01,ramp,GLOBAL_SCORE_SAME_SCREEN,1.8295802227204188,1.5845299974457305,0.24505022527468828,0.56802536677409698,0.444148155213062,0.21382339472546263,0.160813116909577,0.055618786863932776,0.030005816942740966,0.02561296992119181,0.7593072537587362,40.181818181818187,-0.16965147234155875,-0.23110166687296624,-0.10463240553047037,0.30895782856819931,0.13475321829687564,0.49410630752346979,0.18181818181818188,-0.4545454545454552,0.77272727272727326,0.00390625,0.6796875,-0.19328718756378394,0.023635715222224237
R01,ramp,NO_BACKOFF_EXACT,1.8368442860818159,1.5933060829171233,0.24353820316469244,0.5694235990211165,0.44661334776120609,0.20650919348029423,0.16688257075536528,0.055680201047226374,0.029057667863944741,0.026622533183281626,0.76002922938345419,39.136363636363633,0.22670938032278709,0.1318087237684723,0.32300564034923918,-0.42246229594864182,-0.56311647153148459,-0.27550759032257066,-0.86363636363636331,-1.7727272727272723,-5.5511151231257827e-16,0.00390625,0.125,0.28557657606771597,-0.058867195744952978
R01,ramp,NO_G,1.8145073224944124,1.566740383511062,0.24776693898335025,0.56284191307914466,0.43915107264714381,0.23196107351833475,0.13819517980158624,0.055038927102545876,0.032437293902861979,0.022601633199683887,0.75824444118235657,45.95454545454546,-0.99209853653611235,-1.1657986276564689,-0.82281948681861483,2.1227257078554067,1.7395058452353984,2.5140502252428223,5.954545454545455,3.8636363636363633,8.0000000000000018,0.001953125,0.001953125,-1.1639707013097835,0.17187216477365574
R01,ramp,NO_RWG,1.7432143476998962,1.4721439419931641,0.27107040570673208,0.52791982517335057,0.41257903851290284,0.30201580468618461,0.11987512084878327,0.062729045041810788,0.043319269608705524,0.01940977543310524,0.7723041091431242,66.13636363636364,-4.8821725726051586,-5.5739868304463425,-4.2019020919689893,9.1281988246403891,7.3923740293905809,10.761754177620205,26.136363636363637,21.136363636363637,30.818181818181817,0.001953125,0.001953125,-6.3255895300082292,1.443416957403062
R01,ramp,NO_SCREEN,1.7267831787876045,1.4491803660653624,0.2776028127222423,0.52073268517160143,0.40612859583655397,0.32827492960451421,0.10626984618799176,0.065481131361196668,0.048232599599544568,0.017248531761652076,0.77394131028708135,73.86363636363636,-5.7787330507195867,-6.6447291632131567,-4.865610876534439,11.754111316473352,9.2658600967341407,14.080453222840722,33.86363636363636,28.772727272727273,38.728409090909082,0.001953125,0.001953125,-7.5785883107368015,1.7998552600172242
R01,ramp,OUTCOME_ORACLE,1.6831784734401816,1.3964444910070675,0.28673398243311432,0.50221678301042094,0.39131514778647142,0.41838524071348066,0.054608195118119797,0.071128856578182603,0.061328057461781195,0.0098007991164013996,0.77261153947249039,83.772727272727266,-8.1580072023643027,-9.0101202406950094,-7.3297552728296003,20.765142427369998,18.405106953275062,23.150590402966035,43.772727272727266,36.636363636363633,50.772727272727266,0.001953125,0.001953125,-10.456101262397697,2.2980940600334017
R01,ramp,STATE_ORACLE,1.7128907396558515,1.4322138607554813,0.28067687890037024,0.51576933415980364,0.40136272355849767,0.34841515046744148,0.087624119291063146,0.065320259226693364,0.050671815849233581,0.014648443377459769,0.77920395483899729,78.999999999999986,-6.536768704581208,-7.369099121435557,-5.6885779431323416,13.768133402766077,11.540706735310675,15.892294720939805,39,32.862499999999997,44.818181818181827,0.001953125,0.001953125,-8.5043592156405019,1.9675905110592853
R01,ramp,WIDTH_ONLY,1.6831784734401816,1.3931233281914879,0.29005514524869402,0.50210519225478634,0.39038223688321871,0.41902704347634445,0.054577858296368117,0.071213596840685886,0.061417591490940879,0.0097960053497449968,0.79072361298351601,84.13636363636364,-8.1580072023643027,-9.0101202406950094,-7.3297552728296003,20.82932270365637,18.473402338560888,23.204735636266619,44.13636363636364,36.954545454545453,51.22727272727272,0.001953125,0.001953125,-10.637319247419104,2.4793120450548143
R01,ramp,WIDTH_SAME_SCREEN,1.7811485427113063,1.5210159867850961,0.26013255592620971,0.54648886026706134,0.42630714098254707,0.30805879974130052,0.088826014631561395,0.058460804174467237,0.043061035628828515,0.015399768545638712,0.7734412963578533,62.863636363636353,-2.8123076592895035,-3.1825772547052873,-2.5057780656551678,9.7324983301519872,8.1639487864794038,11.470375751928293,22.863636363636367,20.409090909090903,25.409090909090903,0.001953125,0.001953125,-3.6589050062854023,0.84659734699586098
R02,ordinary,CLARA,1.7270614810609051,1.3475941681185681,0.3794673129423371,0.61526445901861293,0.37790891165954804,0.13697844403421475,0.23107592722760653,0.05491311990121682,0.019122908112678791,0.035790211788538015,0.61470094617714144,2.5,0,0,0,0,0,0,0,0,0,1,1,0,0
R02,ordinary,FEASIBLE_STATE_ORACLE,1.7122303539100714,1.3286927512421527,0.38353760266791881,0.6102916987789877,0.37259952489650983,0.14614002335385795,0.21295898901954952,0.053575569276536894,0.020175082924216287,0.033400486352320582,0.61534070763652582,3.8636363636363633,-0.85874922887650973,-0.93121696585581193,-0.77875896465857608,0.91615793196431827,0.75953768902130148,1.0496517249026243,1.3636363636363635,0.68181818181818177,2.1818181818181821,0.001953125,0.0078125,-1.0944264048321326,0.23567717595562374
R02,ordinary,FIX_REFERENCE_PRICE,1.78492861552409,1.4660119717040825,0.31891664382000756,0.67394484668201204,0.41117233963300714,0.064063194895159686,0.53888842065452214,0.096096578791868628,0.00715779655667949,0.088938782235189126,0.61768029578532313,0.45454545454545453,3.3506123029064527,3.0973659617252691,3.5985434819660433,-7.2915249139055085,-8.3701169841662981,-6.2364519462364392,-2.0454545454545454,-3.0909090909090908,-1.0454545454545456,0.001953125,0.00390625,6.8566061419407189,-3.5059938390342813
R02,ordinary,GLOBAL_SCORE_SAME_SCREEN,1.7212232156649439,1.3384892120972878,0.38273400356765602,0.61398814091282561,0.37535133974345802,0.14161394023669552,0.22750440600198507,0.055024346069423226,0.019749415027953077,0.035274931041470135,0.61490275137064565,2.7727272727272729,-0.33804618190980129,-0.42214420421945453,-0.24620868164813819,0.46354962024807589,0.30352618677101079,0.63845576827418105,0.27272727272727276,-0.045454545454545484,0.68181818181818177,0.001953125,0.3125,-0.52719350880822968,0.18914732689841771
R02,ordinary,NO_BACKOFF_EXACT,1.7312276416626904,1.3540958161683061,0.37713182549438434,0.61711176741826157,0.37973521729149684,0.13227639799845117,0.24269864712163125,0.055868707226050841,0.018496870462420469,0.037371836763630359,0.61484603851975872,2.3181818181818183,0.24122827400598901,0.19873512278787087,0.28673478779135675,-0.47020460357635835,-0.66843590025104693,-0.27543975474309118,-0.18181818181818182,-0.45454545454545453,0.04545454545454547,0.001953125,0.375,0.37645724376552642,-0.13522896975955392
R02,ordinary,NO_G,1.7113460127460409,1.3213472400021995,0.38999877274384176,0.60724083860956335,0.37053617904259045,0.15840835882546644,0.19811501792656241,0.053474771856362048,0.022216465050700494,0.031258306805661537,0.615476294300071,7.045454545454545,-0.90995419023591761,-1.1058534413383578,-0.72453606933138237,2.1429914791251679,1.7934052197694801,2.4874728962627533,4.545454545454545,1.8181818181818181,7.6363636363636367,0.001953125,0.0078125,-1.5197448616736904,0.60979067143778587
R02,ordinary,NO_RWG,1.7041257234879557,1.3130423809345371,0.39108334255341831,0.60452259189530211,0.36820335346178634,0.23177487301057606,0.16465091854332481,0.058641068364158645,0.032580126293560267,0.026060942070598371,0.61633277288506649,8.7727272727272734,-1.3280220666412101,-1.5305455441953446,-1.1225160355593673,9.4796428976361309,8.0084120286895892,10.865884194963824,6.2727272727272716,3.5000000000000004,9.1818181818181817,0.001953125,0.00390625,-2.0006113020832634,0.67258923544202265
R02,ordinary,NO_SCREEN,1.6979430164577092,1.2989265893684521,0.39901642708925711,0.59943142384316317,0.36423824347131306,0.25320504973807351,0.15260186634795342,0.060287560345990789,0.036538999058538114,0.023748561287452667,0.61787251003822696,10.863636363636363,-1.6860120454605276,-2.0457744775611362,-1.3290128791653368,11.622660570385875,9.5130465081355808,13.574817904633136,8.3636363636363651,4.2727272727272743,12.909090909090908,0.001953125,0.00390625,-2.8179412999368378,1.1319292544762978
R02,ordinary,OUTCOME_ORACLE,1.6295318733042206,1.311316290411312,0.31821558289290847,0.59260226268146021,0.36771849657324002,0.23577645741081749,0.10833736010095844,0.051493778345731558,0.033602688285414004,0.017891090060317548,0.54392613896902708,11.772727272727272,-5.6471416232833693,-6.1402944201742571,-5.2190142635261552,9.8798013376602718,7.2447897643616077,12.594729863041199,9.2727272727272734,3.1363636363636362,17.409090909090907,0.001953125,0.0078125,-2.1005550818591128,-3.5465865414242645
R02,ordinary,STATE_ORACLE,1.6810462967503601,1.2769372149853162,0.40410908176504368,0.59297216884111348,0.3580614529142524,0.2731103604021724,0.12651282771309008,0.059099808681703579,0.038980343137353921,0.020119465544349641,0.6196549847639039,13.40909090909091,-2.6643628391433194,-3.0298143997109728,-2.3271236297320796,13.61319163679576,11.599086052552389,15.493751348291347,10.909090909090908,5.6363636363636376,16.772727272727273,0.001953125,0.001953125,-4.0911660591172785,1.426803219973938
R02,ordinary,WIDTH_ONLY,1.6567302113061675,1.2311359378497451,0.42559427345642276,0.57349289430957762,0.34519592562897949,0.34595360656359675,0.081549390726374058,0.063094194559073197,0.04943500934576045,0.013659185213312736,0.6289217509582512,34.36363636363636,-4.072308399324287,-4.6338754231218884,-3.6127377275274215,20.897516252938203,18.716769094340517,23.057584225707483,31.863636363636356,24.499999999999996,40.318181818181813,0.001953125,0.001953125,-6.743143283890781,2.6708348845665086
R02,ordinary,WIDTH_SAME_SCREEN,1.6821994299195484,1.2719493199633576,0.41025010995619082,0.58672737898431759,0.35666035880696068,0.22150903679533357,0.13547500483722147,0.052656258515725272,0.030632056610026288,0.02202420190569896,0.62337242274637661,18.772727272727273,-2.5975943319515582,-3.0161061909626721,-2.2668323117157843,8.4530592761118815,7.1884397724019751,9.8732774635216227,16.27272727272727,11.363636363636365,22.001136363636352,0.001953125,0.001953125,-4.379974250178007,1.782379918226441
R02,overall,CLARA,1.8777888937677922,1.4578915577855334,0.41989733598225876,0.59740762132565151,0.40869771215846046,0.1593868003165321,0.20347355068623357,0.054085769864194909,0.022264327262250409,0.031821442601944479,0.66901363011216597,6,0,0,0,0,0,0,0,0,0,1,1,0,0
R02,overall,FEASIBLE_STATE_ORACLE,1.8667551605874748,1.4439653695110963,0.42278979107637793,0.59412270271939893,0.40478586151957374,0.1693084562017774,0.18699067883115111,0.053076228026963282,0.023390191074272655,0.029686036952690609,0.67092555845461388,7.7727272727272725,-0.58759177972227405,-0.64021578127365086,-0.53812256297628203,0.99216558852452985,0.82976971114980058,1.1366425181045012,1.7727272727272723,1.0454545454545456,2.4545454545454546,0.001953125,0.0078125,-0.74162693797246149,0.15403515825016134
R02,overall,FIX_REFERENCE_PRICE,1.9525505939088634,1.6136891706996437,0.33886142320921914,0.66345057980367739,0.45246108657253636,0.074425693928616379,0.51658793435110373,0.092865158658659436,0.0085312374222248008,0.084333921236434614,0.67220294991523288,1.6818181818181819,3.9813687464655079,3.7001452719693164,4.2610980985379019,-8.4961106387915741,-9.7572236432782535,-7.2687210879218735,-4.3181818181818192,-6,-2.7272727272727271,0.001953125,0.001953125,8.2968651817671404,-4.3154964353016645
R02,overall,GLOBAL_SCORE_SAME_SCREEN,1.8733071492766389,1.450464479505714,0.42284266977092477,0.5963360293693396,0.40661145421469114,0.16451258593199655,0.20091008605254271,0.054341817497760479,0.0229337591631864,0.031408058334574065,0.66949932004573454,6.3181818181818183,-0.23867137067579147,-0.2969853064838146,-0.1782193080340741,0.51257856154644554,0.345017029196933,0.69414050195865706,0.31818181818181795,-0.18181818181818193,0.90909090909090873,0.001953125,0.4140625,-0.39552253740924509,0.15685116673345478
R02,overall,NO_BACKOFF_EXACT,1.8824226070039363,1.4654684336001147,0.41695417340382168,0.59958857454509451,0.41082604806143275,0.15414382146054223,0.21433028818675975,0.054865761558969196,0.021569962512509488,0.033295799046459677,0.66945588695386482,5.8181818181818183,0.24676433285566457,0.18470308560069759,0.31298514956045131,-0.52429788559899104,-0.71799603871922391,-0.32986319834585909,-0.18181818181818188,-0.4545454545454547,0.090909090909090939,0.001953125,0.359375,0.40349987369337842,-0.15673554083769264
R02,overall,NO_G,1.8614528291239398,1.431995569466715,0.42945725965722453,0.58973499868375134,0.40142355813632058,0.18280767860049324,0.17230344849426338,0.053197886299882827,0.025631136561245806,0.027566749738636993,0.66879445711967933,11.454545454545455,-0.86996278964426299,-0.98615094133396086,-0.76354164918602563,2.3420878283961146,1.9536016537692873,2.7465899379603487,5.454545454545455,3.6818181818181821,7.4999999999999982,0.001953125,0.001953125,-1.3790681372525277,0.50910534760825765
R02,overall,NO_RWG,1.8362747034694209,1.3856385453069584,0.45063615816246233,0.57395000628803805,0.38840192213638908,0.2608633734903324,0.14156813281188318,0.059507656993140381,0.036840952742985822,0.022666704250154539,0.67488683711349429,32.5,-2.2108017805490876,-2.4300190205201369,-1.9848345054996699,10.147657317380032,8.5710228104267028,11.603134173737814,26.5,18.545454545454547,33.590909090909093,0.001953125,0.001953125,-3.8477707860759018,1.6369690055268131
R02,overall,NO_SCREEN,1.8267817208859221,1.3645826469110642,0.4621990739748581,0.56691181279892766,0.38248734393529504,0.28691124003298041,0.12939618535506667,0.062315700745524262,0.041861598568952121,0.020454102176572109,0.67709495579660328,40.54545454545454,-2.7163422390641623,-3.0887668190159867,-2.3330955310397323,12.752443971644828,10.379482235350151,14.901700539783311,34.545454545454554,24,43.955681818181809,0.001953125,0.001953125,-4.9690841810894071,2.252741942025267
R02,overall,OUTCOME_ORACLE,1.762970620026699,1.4003195831986901,0.36265103682800881,0.56542850677165069,0.39252580918462854,0.26553043572225848,0.090122421923914647,0.053121115298988053,0.03773012113904322,0.015390994159944823,0.59397716321912686,42.272727272727273,-6.1145464286302076,-6.5532556538339231,-5.6847967360603517,10.61436354057264,7.7384507135353342,13.558953943600006,36.272727272727266,26.590909090909093,46.36363636363636,0.001953125,0.001953125,-3.0659449940256507,-3.0486014346045565
R02,overall,STATE_ORACLE,1.8128599977196891,1.3448083619838249,0.46805163573586411,0.56114906077076798,0.37693276951753141,0.30783545772410442,0.10615435286455203,0.061663828344852047,0.044409565611065911,0.017254262733786122,0.68031578521506364,50.136363636363626,-3.457731391616814,-3.8298816306890511,-3.0862588714119537,14.844865740757236,12.605036449431251,16.890634089485843,44.136363636363626,34.589772727272724,52.954545454545453,0.001953125,0.001953125,-6.0221463752938966,2.56441498367708
R02,overall,WIDTH_ONLY,1.7909786691734311,1.3018139195388962,0.4891647496345346,0.54435937235765341,0.36485567894311338,0.38195324857482882,0.06767253764141723,0.067105564788730976,0.055422383388502791,0.01168318140022818,0.69090018730049418,66.454545454545439,-4.6230023450706481,-5.0880830672072417,-4.211685160519024,22.256644825829682,19.927425487544916,24.539792998149458,60.454545454545453,54.181818181818187,66.090909090909093,0.001953125,0.001953125,-8.3117776851617542,3.6887753400911034
R02,overall,WIDTH_SAME_SCREEN,1.8376682653824101,1.385972048529079,0.45169621685333039,0.57221491560871041,0.38849560281676015,0.25235648193851501,0.11635920936683868,0.054396039879575496,0.035008822339030778,0.019387217540544708,0.68069586450533881,33.86363636363636,-2.1365888635585639,-2.4760685848102231,-1.870840101775388,9.29696816219829,7.8803146766980543,10.897135390490368,27.863636363636367,21.727272727272727,35.681818181818187,0.001953125,0.001953125,-3.8300103645914945,1.6934215010328999
R02,ramp,CLARA,2.0924437152375042,1.6162868214439894,0.47615689379351495,0.57679181060954554,0.45306861139234805,0.18183591032470722,0.17905468308317782,0.053847679498547477,0.025464138511988282,0.028383540986559173,0.75454544522315115,30.727272727272727,0,0,0,0,0,0,0,0,0,1,1,0,0
R02,ramp,FEASIBLE_STATE_ORACLE,2.0841768798442102,1.6062352199561147,0.47794165988809578,0.57476247233615774,0.45024512782833853,0.19238372388440303,0.16354314888901894,0.053029556736431137,0.026632378978878303,0.026397177757552827,0.75742625815459319,32.954545454545453,-0.39508041879900979,-0.43766587798857864,-0.34906286635666728,1.0547813559695851,0.88264221433931012,1.2088524782437278,2.2272727272727271,1.5909090909090908,2.7727272727272729,0.001953125,0.00390625,-0.48037619433570938,0.085295775536703283
R02,ramp,FIX_REFERENCE_PRICE,2.1813751803339656,1.8034090417395678,0.37796613859439776,0.64455424922510107,0.50563103282369037,0.084383742214284296,0.49498709806130259,0.089813765154365358,0.0098923515848495201,0.079921413569515834,0.75609128503768608,10.409090909090908,4.250124600669003,3.9103332111113227,4.5960279171278771,-9.7452168110422921,-11.519542811821319,-8.0428468741602401,-20.31818181818182,-25.954545454545453,-15.181818181818182,0.001953125,0.001953125,8.9427600337789279,-4.6926354331099409
R02,ramp,GLOBAL_SCORE_SAME_SCREEN,2.0894595856425093,1.6107112518050175,0.47874833383749149,0.57604393097915962,0.45150244014544605,0.18734534041913969,0.17730142723310305,0.054195542897644236,0.026141460231765296,0.028054082665878922,0.75554271364568026,31.318181818181817,-0.14261456942731288,-0.19058362633564307,-0.10106600466934683,0.55094300944324948,0.36566975980643929,0.7443892768724838,0.59090909090909194,-0.22727272727272621,1.3181818181818195,0.001953125,0.21875,-0.26646210831716538,0.12384753888982873
R02,ramp,NO_BACKOFF_EXACT,2.0957004123133118,1.6218721432899144,0.47382826902339631,0.57825231554273937,0.4546375220232261,0.17616361113855794,0.18943708759553093,0.054540604253996726,0.024741933902181507,0.029798670351815198,0.75555661473787927,30.136363636363633,0.15564084482138085,0.095885987860117039,0.21574052793473797,-0.56722991861492444,-0.79752418024241911,-0.34008178774059805,-0.59090909090909005,-1.3636363636363633,0.31818181818181912,0.00390625,0.271484375,0.26692817614408365,-0.11128733132276032
R02,ramp,NO_G,2.0757732807266591,1.5914642259565386,0.48430905477011993,0.57040443699275556,0.44609597221047997,0.20723806682364132,0.14995901328210209,0.053418521604373916,0.029044271898098835,0.024374249706275074,0.75398660612705837,36.909090909090907,-0.79669691420841682,-0.93364729069990626,-0.67741100965061918,2.5402156498934105,2.0704417103879238,3.0460948859089614,6.1818181818181825,4.7272727272727266,7.7272727272727266,0.001953125,0.001953125,-1.1862969267315895,0.38960001252314053
R02,ramp,NO_RWG,2.0169976656070538,1.478130790272937,0.53886687533411626,0.52996819538254403,0.41426073746789527,0.2934384751464868,0.12292568830363244,0.061712364262323537,0.041779455011590895,0.019932909250732635,0.77145339861013562,64.318181818181813,-3.6056429657361999,-4.0635631049021796,-3.1676971739013697,11.160256482177955,9.1458086887770254,13.052254770183556,33.590909090909093,29.545454545454547,37.454545454545453,0.001953125,0.001953125,-6.6026163650175347,2.9969733992812979
R02,ramp,NO_SCREEN,2.0056501413451264,1.453146163639724,0.55250397770540238,0.5219192182447755,0.40724258391923984,0.32222057723917802,0.11071794963650609,0.065275957468529211,0.047472066606878513,0.017803890861650674,0.77372495301809086,72.818181818181813,-4.1479526192429113,-4.7049286493142359,-3.5762005485707906,14.038466691447077,11.155415577290716,16.719830777184075,42.090909090909093,37.727272727272727,46.31818181818182,0.001953125,0.001953125,-7.7966569239712129,3.6487043047282928
R02,ramp,OUTCOME_ORACLE,1.9442224274162954,1.5120524262866555,0.43217000112964021,0.52397762811353132,0.42378928690995127,0.29852568256373113,0.074156055984136632,0.055701573857894968,0.042549689893041018,0.013151883964853945,0.67244622143074073,68.86363636363636,-7.0836451533600631,-7.627096572969605,-6.5328889369763159,11.668977223902397,8.2964688774403346,15.100022038049781,38.13636363636364,34.045454545454547,42.227272727272727,0.001953125,0.001953125,-4.9814670950660531,-2.1021780582940064
R02,ramp,STATE_ORACLE,1.9932671326125635,1.4345686519788858,0.55869848063367766,0.5165204962949943,0.40202418176731924,0.344033030229833,0.089020670828524828,0.064923483393001621,0.050095645167184275,0.01482783822581733,0.77832348347538383,77.954545454545453,-4.7397491221733308,-5.2850407102047914,-4.1855995820398393,16.219711990512582,13.454655538138452,18.836913042552588,47.227272727272727,42.000000000000007,52.22727272727272,0.001953125,0.001953125,-8.6844949826751972,3.944745860501857
R02,ramp,WIDTH_ONLY,1.9732336186888759,1.3931233281914879,0.58011029049738805,0.50210519225478634,0.39038223688321871,0.41902704347634445,0.054577858296368117,0.071213596840685886,0.061417591490940879,0.0097960053497449968,0.79072361298351601,84.13636363636364,-5.6971710006114673,-6.226459273546225,-5.1645323291100897,23.719113315163721,20.858074879886509,26.57278652007836,53.409090909090907,46.863636363636374,59.545454545454547,0.001953125,0.001953125,-10.665208895579358,4.9680378949678845
R02,ramp,WIDTH_SAME_SCREEN,2.0555016668056116,1.5455739868581522,0.50992767994745936,0.55412457275414817,0.43320545560980983,0.28192481815004389,0.098495707156902229,0.056081113212673707,0.039184189434497967,0.016896923778175719,0.76917836653276328,56.409090909090907,-1.76549783216986,-1.9888747933176367,-1.5763322019923158,10.008890782533664,8.3029147477061116,11.912826702049824,25.681818181818183,23.590909090909093,28.092045454545442,0.001953125,0.001953125,-3.3794378348576468,1.6139400026877777
R05P6179775281,ordinary,CLARA,2.361845240861407,1.4660119717040825,0.89583326915732475,0.67394484668201204,0.41117233963300714,0.064063194895159686,0.53888842065452214,0.096096578791868628,0.00715779655667949,0.088938782235189126,0.61768029578532313,0.45454545454545453,0,0,0,0,0,0,0,0,0,1,1,0,0
R05P6179775281,ordinary,FEASIBLE_STATE_ORACLE,2.3293199151300041,1.4644251756472426,0.86489473948276152,0.67640473287257952,0.41072661040355773,0.063788787048421378,0.53802510415976645,0.096159189995670594,0.0067908640221208084,0.089368325973549781,0.61349321059858419,0.77272727272727271,-1.3771150272123833,-1.4317723387857517,-1.3275624038151297,-0.027440784673830459,-0.31436604875128443,0.2028602497694825,0.31818181818181823,0.045454545454545456,0.59090909090909094,0.001953125,0.125,-0.067184590649179657,-1.3099304365632101
R05P6179775281,ordinary,FIX_REFERENCE_PRICE,2.361845240861407,1.4660119717040825,0.89583326915732475,0.67394484668201204,0.41117233963300714,0.064063194895159686,0.53888842065452214,0.096096578791868628,0.00715779655667949,0.088938782235189126,0.61768029578532313,0.45454545454545453,0,0,0,0,0,0,0,0,0,1,1,0,0
R05P6179775281,ordinary,GLOBAL_SCORE_SAME_SCREEN,2.3904032841817928,1.4652065823656373,0.92519670181615565,0.65069390812051719,0.41094610667276965,0.047440767546240353,0.42469638759882622,0.066582165998585616,0.0064530457082900032,0.060129120290295601,0.60643578771380202,0.36363636363636365,1.2091411759887372,1.1358322233847546,1.2788307190371377,-1.662242734891932,-2.2706516955156983,-1.1037715139033191,-0.090909090909090912,-0.27272727272727276,0.13636363636363635,0.001953125,0.6875,-0.034100004712902615,1.2432411807016421
R05P6179775281,ordinary,NO_BACKOFF_EXACT,2.3665353861063645,1.4707217615712764,0.8958136245350875,0.67423235849658458,0.41249531431480324,0.061164105988309458,0.53692966846921097,0.094776590964144508,0.0068965728112570027,0.087880018152887512,0.61748395891177155,0.49999999999999994,0.19857970216738963,0.17065159749687031,0.22562223711983187,-0.28990889068502301,-0.42381884511880735,-0.14940937860050829,0.045454545454545456,0,0.13636363636363635,0.001953125,1,0.19941145108543196,-0.00083174891806553385
R05P6179775281,ordinary,NO_G,2.3499242055251122,1.4459317856399561,0.90399241988515655,0.67072198879500766,0.40553183792960079,0.079163737082268884,0.52849754041963126,0.097213406132670377,0.0090444796379833721,0.088168926494686981,0.61860483302949565,2.2272727272727271,-0.50473397367674089,-0.59909260814685694,-0.4106258115282041,1.5100542187109198,1.2720192343860772,1.7795339720404131,1.7727272727272729,0.68181818181818177,3.0909090909090908,0.001953125,0.0078125,-0.85019059321612556,0.34545661953939077
R05P6179775281,ordinary,NO_RWG,2.340765406943055,1.4563591172790686,0.88440628966398638,0.67508540099295478,0.40846086367092449,0.1112581564877414,0.5115084211082499,0.09965632983220496,0.013163725884379423,0.086492603947825514,0.62057823613703511,2.3181818181818183,-0.89251546010118421,-1.0089575387428806,-0.78584420894106644,4.7194961592581723,4.2252788432160981,5.2507588374828345,1.8636363636363635,0.90909090909090906,2.9090909090909092,0.001953125,0.0078125,-0.40869970047204607,-0.48381575962914281
R05P6179775281,ordinary,NO_SCREEN,2.3519604074296816,1.4393844785567953,0.91257592887288597,0.66809019798685554,0.40369270672646584,0.10449602626074612,0.51405169812156415,0.097834504759277574,0.012423650884045024,0.085410853875232534,0.62113142318541747,2.8636363636363638,-0.41852163980566903,-0.53793139342669716,-0.30852336714883699,4.0432831365586432,3.4793391201918871,4.600758186975658,2.4090909090909092,1.0909090909090911,3.9999999999999996,0.001953125,0.001953125,-1.1274021128317309,0.70888047302603396
R05P6179775281,ordinary,OUTCOME_ORACLE,2.0792339331514178,1.3961749794914824,0.68305895365993508,0.69345143650513008,0.39155520698901825,0.013473761668668843,0.63679293860830355,0.098864101117973655,0.0015259257067137765,0.097338175411259859,0.52477845099702292,0,-11.965699649605998,-12.648186823100243,-11.335504861042088,-5.0589433226490828,-5.7472168028617512,-4.4157473047166951,-0.45454545454545453,-0.72727272727272729,-0.22727272727272727,0.001953125,0.015625,-2.9568826527825038,-9.0088169968235121
R05P6179775281,ordinary,STATE_ORACLE,2.3106141835324676,1.4314679183939518,0.87914626513851601,0.66970022431628151,0.40146895387173442,0.11451331816464068,0.50203076358060605,0.097407187341417317,0.012948734947242488,0.084458452394174807,0.61608810653288315,3.7272727272727271,-2.1691115252858162,-2.3469163950601071,-2.004725057816783,5.0450123269480986,4.2805399541166658,5.8798724498185413,3.2727272727272729,1.498863636363637,5.4090909090909092,0.001953125,0.00390625,-1.4625875020300581,-0.70652402325576125
R05P6179775281,ordinary,WIDTH_ONLY,2.4266254700307077,1.2311359378497451,1.1954895321809624,0.57349289430957762,0.34519592562897949,0.34595360656359675,0.081549390726374058,0.063094194559073197,0.04943500934576045,0.013659185213312736,0.6289217509582512,34.36363636363636,2.7427804349142715,2.3699111001810724,3.0995921221198959,28.189041166843708,25.004000011017343,31.29309916006229,33.909090909090907,26.090909090909086,43.045454545454547,0.001953125,0.001953125,-9.9445988158256284,12.687379250739887
R05P6179775281,ordinary,WIDTH_SAME_SCREEN,2.4247544839492194,1.2916268346229567,1.1331276493262628,0.59280513380194744,0.36218775056527502,0.17867090453893655,0.1583731951421232,0.050206435072492984,0.02487098299051111,0.025335452081981857,0.61980438210915245,12.863636363636363,2.6635633020929195,2.4216360615956334,2.9009099287345084,11.460770964377687,9.716334966388354,13.593634447791725,12.40909090909091,7.9090909090909083,17.77272727272727,0.001953125,0.001953125,-7.3834277565758049,10.046991058668709
R05P6179775281,overall,CLARA,2.5655471010626192,1.6136891706996437,0.95185793036297484,0.66345057980367739,0.45246108657253636,0.074425693928616379,0.51658793435110373,0.092865158658659436,0.0085312374222248008,0.084333921236434614,0.67220294991523288,1.6818181818181819,0,0,0,0,0,0,0,0,0,1,1,0,0
R05P6179775281,overall,FEASIBLE_STATE_ORACLE,2.5384123982762676,1.6090455194861222,0.92936687879014579,0.66431447310300751,0.45115669016424376,0.073658262667717439,0.51611563054709575,0.092764237242974334,0.0080082253739676701,0.084756011869006637,0.66853900691437629,1.5909090909090908,-1.057657556749303,-1.1594812958986398,-0.9673058717249714,-0.076743126089894101,-0.39829607030869685,0.1877632944596335,-0.090909090909090884,-0.7727272727272726,0.40909090909090912,0.001953125,0.9375,-0.18100042722264423,-0.876657129526623
R05P6179775281,overall,FIX_REFERENCE_PRICE,2.5655471010626192,1.6136891706996437,0.95185793036297484,0.66345057980367739,0.45246108657253636,0.074425693928616379,0.51658793435110373,0.092865158658659436,0.0085312374222248008,0.084333921236434614,0.67220294991523288,1.6818181818181819,0,0,0,0,0,0,0,0,0,1,1,0,0
R05P6179775281,overall,GLOBAL_SCORE_SAME_SCREEN,2.6032028543504167,1.5832199870294386,1.0199828673209781,0.63423978257727165,0.44390232711461375,0.059311937237350766,0.38936837425501769,0.063302349004229846,0.0082982388029240184,0.055004110201305814,0.6575906914115206,0.31818181818181812,1.4677474941777957,1.4030038610746387,1.5310174948616151,-1.5113756691265605,-2.2529898253748764,-0.73989948900513836,-1.3636363636363635,-2.3636363636363638,-0.54545454545454541,0.001953125,0.015625,-1.1876290892334485,2.6553765834112619
R05P6179775281,overall,NO_BACKOFF_EXACT,2.5703241960386691,1.6146819347789869,0.95564226125968266,0.6627121751382743,0.45273995288695834,0.071212539470889055,0.51407903694367962,0.091533373464512541,0.0082395298260900911,0.083293843638422418,0.6720415946354833,1.3636363636363638,0.18620180366484274,0.15432836656346038,0.22302324287173822,-0.32131544577273069,-0.45753276595986081,-0.18014618290840817,-0.31818181818181812,-0.68181818181818177,0,0.001953125,0.1875,0.038695998952115999,0.14750580471278024
R05P6179775281,overall,NO_G,2.5535130608955692,1.5981574148367985,0.95535564605877055,0.66061518286703724,0.44809823380207436,0.091258893079802506,0.50663071739465859,0.094249602622228326,0.01062907189780384,0.083620530724424463,0.67189387052517013,3.3181818181818179,-0.46906331059233253,-0.54569676691235469,-0.39880194430433863,1.6833199151186147,1.4156410848420506,1.9964886682537319,1.6363636363636365,0.68181818181818166,2.6363636363636358,0.001953125,0.013671875,-0.60539741626306898,0.13633410567075532
R05P6179775281,overall,NO_RWG,2.5406275037978703,1.5715533174805889,0.96907418631728104,0.65425428101305705,0.4406251727469595,0.12614928339726306,0.48892042074239417,0.097082693013064519,0.015317596153671773,0.081765096859392747,0.67751992020126051,9.0909090909090917,-0.97131708298894281,-1.0967409231713687,-0.85291234959448881,5.1723589468646693,4.6717802925188003,5.6907049919388113,7.4090909090909083,4.9545454545454541,9.8181818181818183,0.001953125,0.001953125,-1.6423730128206417,0.67105592983170859
R05P6179775281,overall,NO_SCREEN,2.5512420877433337,1.5757976858893068,0.9754444018540267,0.65420910801911525,0.44181741106401484,0.11874175181674387,0.49241319076710094,0.095427096957410001,0.014542385448742933,0.080884711508667023,0.67917410491533059,10.727272727272727,-0.5575813951480546,-0.64551606255395599,-0.47383554916410503,4.4316057888127514,3.808560829308663,5.0361751195510562,9.0454545454545432,6.6818181818181817,11.5,0.001953125,0.001953125,-1.4769358471198084,0.91935445197176957
R05P6179775281,overall,OUTCOME_ORACLE,2.2464183430316145,1.5164696785745928,0.729948664457021,0.67846248951687849,0.4251522404699945,0.015678591672212007,0.61863773728075155,0.094884496870631996,0.0017873007739671876,0.09309719609666478,0.56698161272534064,0,-12.439013803286848,-13.216300011894367,-11.701305473097417,-5.8747102256404355,-6.631409323111126,-5.1844090666426368,-1.6818181818181819,-3.1818181818181817,-0.54545454545454553,0.001953125,0.015625,-3.7894253465385108,-8.649588456748333
R05P6179775281,overall,STATE_ORACLE,2.5133307292226603,1.5596976507449691,0.95363307847769119,0.65283363713148002,0.43729492928189773,0.12854669755070003,0.48106951947503285,0.094789152474225841,0.014872058477105866,0.079917093997119937,0.67449241320334197,12.818181818181817,-2.0352918805634612,-2.2414133572776547,-1.8356370030810416,5.4121003622083697,4.5921411617104937,6.2416732560556483,11.136363636363637,8.1818181818181817,13.999999999999998,0.001953125,0.001953125,-2.1044836764958204,0.06919179593238052
R05P6179775281,overall,WIDTH_ONLY,2.6758722050291617,1.3018139195388962,1.3740582854902654,0.54435937235765341,0.36485567894311338,0.38195324857482882,0.06767253764141723,0.067105564788730976,0.055422383388502791,0.01168318140022818,0.69090018730049418,66.454545454545439,4.3002564217529793,4.1015979855732105,4.4942214242624585,30.752755464621252,27.282888653651078,34.113032037975394,64.772727272727266,57.545454545454547,71.63636363636364,0.001953125,0.001953125,-12.156286315366122,16.456542737119122
R05P6179775281,overall,WIDTH_SAME_SCREEN,2.6510675264412353,1.4167536120751951,1.2343139143660407,0.58153430861172573,0.3971421094308375,0.2063720248645069,0.13731369438044355,0.051157982529529522,0.028687699566583486,0.022470282962946012,0.6758259266320612,21.59090909090909,3.333418643656727,3.2689780878950554,3.4012774840432511,13.194633093589053,11.141059441638733,15.631669358972987,19.90909090909091,14.363636363636362,27.909090909090899,0.001953125,0.001953125,-7.6761622713097024,11.009580914966477
R05P6179775281,ramp,CLARA,2.8651116782406865,1.8034090417395678,1.0617026365011175,0.64455424922510107,0.50563103282369037,0.084383742214284296,0.49498709806130259,0.089813765154365358,0.0098923515848495201,0.079921413569515834,0.75609128503768608,10.409090909090908,0,0,0,0,0,0,0,0,0,1,1,0,0
R05P6179775281,ramp,FEASIBLE_STATE_ORACLE,2.8397851862082382,1.7988286765779953,1.0409565096302411,0.64566841597446578,0.50434441339628255,0.083067798500251963,0.49504607882832363,0.089533178792257889,0.0091616153919580508,0.080371563400299814,0.75207431419241177,9.9545454545454533,-0.8839617745022732,-1.0086272450685594,-0.77541459747810104,-0.13159437140323299,-0.5582108708266289,0.19962477690284128,-0.4545454545454542,-1.5454545454545443,0.31818181818181823,0.001953125,0.671875,-0.1598668979069299,-0.72409487659536897
R05P6179775281,ramp,FIX_REFERENCE_PRICE,2.8651116782406865,1.8034090417395678,1.0617026365011175,0.64455424922510107,0.50563103282369037,0.084383742214284296,0.49498709806130259,0.089813765154365358,0.0098923515848495201,0.079921413569515834,0.75609128503768608,10.409090909090908,0,0,0,0,0,0,0,0,0,1,1,0,0
R05P6179775281,ramp,GLOBAL_SCORE_SAME_SCREEN,2.9100372950731392,1.7408811824469865,1.169156112626152,0.61009035843436332,0.48806702740442603,0.07011708205734031,0.35268293797069739,0.060230047025502241,0.010124599644508337,0.050105447380993894,0.73698511213614504,10,1.5680232353120438,1.3898795661151275,1.7920137972647481,-1.4266660156943978,-2.4530826896170974,-0.24066774241377367,-0.40909090909090906,-2.954545454545455,2.6818181818181817,0.001953125,0.84375,-2.1823882038335189,3.7504114391455774
R05P6179775281,ramp,NO_BACKOFF_EXACT,2.8695480043897299,1.7987002881982537,1.0708477161914742,0.64207192599123608,0.50430834924466972,0.080802121935450708,0.49204226173564647,0.08847588338296182,0.009586820590692496,0.078889062792269316,0.75628210450791022,11.136363636363637,0.15483955416939477,0.12279594763419499,0.19062780212887373,-0.35816202788335816,-0.55187359583562634,-0.17631586137740729,0.72727272727272763,1.0148132334464558e-16,1.5000000000000002,0.001953125,0.1328125,-0.16434799303200517,0.3191875472013791
R05P6179775281,ramp,NO_G,2.8537770244456064,1.7933845459226938,1.0603924785229111,0.64286261021012137,0.50281516321220898,0.10275121687372527,0.48585802611349094,0.091403060587128548,0.01212060689996956,0.079282453687158985,0.75505963955904365,11.90909090909091,-0.39560949338072193,-0.47273605206757524,-0.32493431675685303,1.8367474659440977,1.4763311609559626,2.2675764457142624,1.5000000000000002,-0.13636363636363613,3.0454545454545459,0.001953125,0.15625,-0.34988150350319147,-0.045727989877551209
R05P6179775281,ramp,NO_RWG,2.8305517960502611,1.7103715199028489,1.1201802761474116,0.61886561928653827,0.47949689747629759,0.1415370112095545,0.46757633600651793,0.094871960724443399,0.017642699491019646,0.07722926123342376,0.7705493427203739,28.136363636363637,-1.2062315913509813,-1.4376771981081184,-0.9927211546662208,5.7153268995270219,5.065060690169684,6.4344722463956154,17.727272727272727,15.227272727272728,19.863636363636363,0.001953125,0.001953125,-3.2472563824754084,2.0410247911244448
R05P6179775281,ramp,NO_SCREEN,2.8432423545326837,1.7454516794771462,1.0977906750555366,0.63002611359122906,0.48935087488480794,0.132856827067732,0.47191267683861254,0.09326824924888874,0.016692569541982512,0.076575679706906236,0.7708229655265586,25.22727272727273,-0.7632974265572634,-0.92261783649891205,-0.63206618978603946,4.8473084853447705,4.0650562519009235,5.6559088683474963,14.818181818181813,13.681818181818182,16.09090909090909,0.001953125,0.001953125,-2.0228657298974886,1.2595683033402336
R05P6179775281,ramp,OUTCOME_ORACLE,2.4946218577702295,1.6665083067974589,0.82811355097276973,0.65245120312648874,0.46717577019950296,0.018338533599401345,0.59827293145851412,0.091060681312113659,0.0021239120725224207,0.088936769239591235,0.63152740866397017,6.3181818181818183,-12.931077810480151,-13.804578776475287,-12.066217353179997,-6.6045208614882949,-7.5387128455605028,-5.7495808858891602,-4.0909090909090908,-6.8181818181818175,-1.6363636363636365,0.001953125,0.009765625,-4.7781989086782284,-8.1528789018019179
R05P6179775281,ramp,STATE_ORACLE,2.8009915427653427,1.7204369591865132,1.0805545835788284,0.62685542619269619,0.48232426806159667,0.14252998841375036,0.46150499606471318,0.092406535981233995,0.016756071739245128,0.075650464241988874,0.76598471952169467,28.363636363636356,-2.2379628676365115,-2.4799740483619899,-1.9973851241585732,5.8146246199466081,4.8474715460949351,6.7587787988374526,17.95454545454545,15.409090909090912,20.090909090909093,0.001953125,0.001953125,-2.8959458433398115,0.65798297570330166
R05P6179775281,ramp,WIDTH_ONLY,3.022646616105499,1.3931233281914879,1.6295232879140111,0.50210519225478634,0.39038223688321871,0.41902704347634445,0.054577858296368117,0.071213596840685886,0.061417591490940879,0.0097960053497449968,0.79072361298351601,84.13636363636364,5.4983873424978125,4.8258885377213483,6.2928342379472175,33.464330126206008,28.988585782404712,37.880681230495455,73.727272727272734,71.681818181818187,75.727272727272734,0.001953125,0.001953125,-14.320060075285257,19.818447417783108
R05P6179775281,ramp,WIDTH_SAME_SCREEN,2.9713418946299885,1.5895838650203351,1.3817580296096525,0.56735820970865924,0.44556778093626576,0.23230517005958728,0.11772473081310915,0.052072703442272307,0.032303469243351347,0.019769234198920939,0.76162063267275371,42.272727272727273,3.7077164285104658,3.4721599880093272,3.9796653578432384,14.792142784530299,12.068945533742824,17.895797674736173,31.863636363636367,25.227272727272727,39.136363636363633,0.001953125,0.001953125,-7.4630660418281316,11.170782470338613
R10,ordinary,CLARA,3.0467349800167591,1.5041085996380317,1.5426263803787275,0.68594547664326355,0.42187363961445368,0.047478045049564724,0.60569461489617293,0.10602986515415583,0.0046305542993526705,0.10139931085480317,0.62026958389029685,0.3636363636363637,0,0,0,0,0,0,0,0,0,1,1,0,0
R10,ordinary,FEASIBLE_STATE_ORACLE,2.9883935653798184,1.5176415332314788,1.4707520321483394,0.69315707777506275,0.42567502545530961,0.043418940441966244,0.62635866236059312,0.10981342080195451,0.0037947283282600873,0.10601869247369441,0.61569445086380592,0.13636363636363635,-1.9148831460431115,-2.0039651808989598,-1.8251266997718285,-0.40591046075984882,-0.71171088388582149,-0.098215662133538231,-0.22727272727272727,-0.45454545454545453,0,0.001953125,0.1875,0.44417823283640684,-2.3590613788795216
R10,ordinary,FIX_REFERENCE_PRICE,3.0605951908041202,1.4660119717040825,1.5945832191000382,0.67394484668201204,0.41117233963300714,0.064063194895159686,0.53888842065452214,0.096096578791868628,0.00715779655667949,0.088938782235189126,0.61768029578532313,0.45454545454545453,0.45492013182206748,0.37249055980042689,0.54027614331199902,1.6585149845594949,1.3783200424299948,1.9868669531688601,0.090909090909090912,0,0.22727272727272727,0.001953125,0.5,-1.2504083283850187,1.7053284602070948
R10,ordinary,GLOBAL_SCORE_SAME_SCREEN,3.0761768130643419,1.6303096084697308,1.4458672045946113,0.70565965914213924,0.45732336119639216,0.011902548225100064,0.69769255609455327,0.11795217642138674,0.0010191356150135679,0.11693304080637316,0.6294937833507207,0.045454545454545456,0.96634046744101809,0.66311933105684673,1.2932000100347218,-3.5575496824464667,-4.0563878525604933,-3.0580122534706575,-0.31818181818181823,-0.59090909090909094,-0.090909090909090912,0.001953125,0.0625,4.142172182990624,-3.1758317155496063
R10,ordinary,NO_BACKOFF_EXACT,3.0530329741719364,1.5078846901059957,1.545148284065941,0.68570517158457989,0.42293433918410644,0.045029571023068982,0.60140704487245578,0.10421863907742182,0.004443346880936329,0.099775292196485482,0.61990122554774607,0.31818181818181812,0.20671289746188037,0.16412601134885962,0.25019369317225093,-0.244847402649574,-0.34484016958587776,-0.14653672841533125,-0.045454545454545456,-0.18181818181818182,0.090909090909090912,0.001953125,1,0.1239389212626311,0.082773976199256694
R10,ordinary,NO_G,3.0350930276892809,1.4969587656727532,1.5381342620165277,0.68643002182998059,0.4198652592871282,0.05491475334109408,0.61051913875006991,0.10879387783469632,0.005364997736615456,0.10342888009808086,0.62123938098407128,1.2272727272727273,-0.38211240570107385,-0.49286502111622554,-0.27565524942051922,0.7436708291529357,0.50483318831809987,0.9848650341042563,0.86363636363636365,0.18181818181818182,1.6818181818181819,0.001953125,0.03125,-0.23467200173869845,-0.14744040396237712
R10,ordinary,NO_RWG,3.0167556816102232,1.5142580593847585,1.5024976222254649,0.69160215449088847,0.42472461145342183,0.078697389701492648,0.60233491157634023,0.11181932618061174,0.0079884334333379207,0.10383089274727382,0.62465600409194111,1.2727272727272725,-0.98398116682832937,-1.0947831373681653,-0.87651366869433367,3.1219344651927918,2.8196367092500236,3.4427835336866788,0.90909090909090906,0.54545454545454541,1.3181818181818183,0.001953125,0.00390625,0.33312578262619497,-1.3171069494545213
R10,ordinary,NO_SCREEN,3.0444741336205778,1.4866000642897128,1.557874069330865,0.68284374707118278,0.41695551170762241,0.068024113321681207,0.59367415485255415,0.10666649269605603,0.0068120847012697466,0.099854407994786287,0.62287921733411911,1.5000000000000002,-0.074205548267569643,-0.16240067340209635,0.0058525414678989307,2.0546068272116469,1.7508278038652321,2.3773182056840865,1.1363636363636365,0.59090909090909094,1.7727272727272727,0.130859375,0.0078125,-0.57466551778069508,0.50045996951312455
R10,ordinary,OUTCOME_ORACLE,2.6090830132852183,1.4037402262551208,1.205342787030097,0.71975806180044388,0.39368027630464703,0.0066373389232341987,0.73676233295697258,0.12580595107830386,0.00064528327558759568,0.12516066780271629,0.52518202244466283,0,-14.36462211521704,-15.211322828066553,-13.601952414019893,-4.0840706126330533,-4.5760263941494834,-3.5842459202769379,-0.3636363636363637,-0.63636363636363624,-0.13636363636363635,0.001953125,0.03125,-3.2942928755279768,-11.070329239689077
R10,ordinary,STATE_ORACLE,2.9712569409753122,1.49728391548017,1.4739730254951422,0.69091282997698666,0.41995659350269465,0.069062106690085917,0.6094738123739204,0.1102393622823433,0.0061498710001632578,0.10408949128218001,0.61580721408347039,1.0909090909090911,-2.4773417949542687,-2.6270784316154616,-2.3254717773479348,2.1584061640521193,1.644126118690761,2.7574399273811205,0.72727272727272729,0.27272727272727271,1.1818181818181819,0.001953125,0.0234375,-0.22399992787768161,-2.2533418670765917
R10,ordinary,WIDTH_ONLY,3.3591073051318583,1.2311359378497451,2.1279713672821137,0.57349289430957762,0.34519592562897949,0.34595360656359675,0.081549390726374058,0.063094194559073197,0.04943500934576045,0.013659185213312736,0.6289217509582512,34.36363636363636,10.252691066466868,9.8464835176988679,10.671985111551686,29.847556151403204,26.492857223407736,33.188585548633831,34,26.181818181818183,43.092045454545442,0.001953125,0.001953125,-8.9595144828377915,19.212205549304667
R10,ordinary,WIDTH_SAME_SCREEN,3.3001191533693892,1.3023822749014757,1.9977368784679133,0.59593387913911733,0.36520894165474671,0.15857027066373852,0.16837824712534238,0.049010306563562075,0.022179949011495292,0.02683035755206677,0.61853865499023508,10.318181818181818,8.3165807008011008,8.0933606103707234,8.5508292961396677,11.109222561417379,9.3657252169469114,13.295762896298045,9.9545454545454533,5.7727272727272734,14.772727272727273,0.001953125,0.001953125,-6.6210657001563789,14.937646400957473
R10,overall,CLARA,3.2893618361991548,1.663668114135066,1.6256937220640899,0.67892883284458183,0.46650011562743005,0.055050495447580852,0.58611497852554462,0.10249701147470527,0.0055171804669092153,0.096979831007796044,0.67481363458857491,0.63636363636363624,0,0,0,0,0,0,0,0,0,1,1,0,0
R10,overall,FEASIBLE_STATE_ORACLE,3.243816715083689,1.6717862038954681,1.5720305111882218,0.68461407809845432,0.46878047791967792,0.049214530830060957,0.60860027710885412,0.1060637572902777,0.0043967123260279847,0.10166704496424972,0.67006855351889461,0.22727272727272727,-1.3846187614340755,-1.4930965965270213,-1.2822549514726873,-0.58359646175198954,-0.93671123688688407,-0.22209259033124051,-0.40909090909090912,-0.90909090909090906,0,0.001953125,0.25,0.24679832030222895,-1.6314170817363089
R10,overall,FIX_REFERENCE_PRICE,3.3079962867457384,1.6136891706996437,1.6943071160460956,0.66345057980367739,0.45246108657253636,0.074425693928616379,0.51658793435110373,0.092865158658659436,0.0085312374222248008,0.084333921236434614,0.67220294991523288,1.6818181818181819,0.56650655885628343,0.49537222322022734,0.63490824780870148,1.9375198481035514,1.6220720830210893,2.3253894208084454,1.0454545454545456,0.36363636363636365,2,0.001953125,0.015625,-1.5194115431573434,2.0859181020136184
R10,overall,GLOBAL_SCORE_SAME_SCREEN,3.3185518242858669,1.7752096410303029,1.5433421832555674,0.69887375340315749,0.49783200520474208,0.014008694746387213,0.68396888514078991,0.11420676159031903,0.0012165769551561159,0.11299018463516293,0.68073340310591379,0,0.88740581122692674,0.59084980880375559,1.1999296518283946,-4.1041800701193631,-4.6472773617243828,-3.5870127334254303,-0.63636363636363624,-1.1818181818181819,-0.18181818181818182,0.001953125,0.0625,3.3909777169459319,-2.5035719057189345
R10,overall,NO_BACKOFF_EXACT,3.2979581428157578,1.6626682317935333,1.6352899110222261,0.67756313205667085,0.4662192498011567,0.052500565230582177,0.58150869065486011,0.10071567996447342,0.0053120836724950948,0.095403596291978324,0.67422307280463878,0.3636363636363637,0.26133660705858208,0.21880982021898643,0.31358068213517326,-0.25499302169986759,-0.36058668134153016,-0.15316535865191386,-0.27272727272727271,-0.45454545454545453,-0.090909090909090912,0.001953125,0.0625,-0.030397456750700883,0.29173406380930555
R10,overall,NO_G,3.278457131074572,1.6625289506986376,1.6159281803759349,0.68021455390081198,0.46618012589809626,0.063082800828587929,0.59202778554231938,0.10545524151553572,0.0063250471702480842,0.099130194345287609,0.67558534644399404,1.6363636363636365,-0.33151430786900749,-0.37633833865654664,-0.28567605854646544,0.80323053810070866,0.55294449437024951,1.0490751821708055,1,0.54545454545454541,1.5000000000000002,0.001953125,0.00390625,-0.034631746008967228,-0.29688256186005574
R10,overall,NO_RWG,3.2658800704733197,1.6466600659876505,1.6192200044856695,0.67761515361888469,0.46172257401298794,0.088849494657171096,0.58423120601987988,0.10879283745179184,0.0093393607680929136,0.099453476683698902,0.68072941482484861,4.7727272727272734,-0.7138699509254387,-0.80437894451637204,-0.62689477496982171,3.3798999209590237,3.0708942605034917,3.6972854673289062,4.1363636363636367,2.7272727272727271,5.4545454545454541,0.001953125,0.001953125,-0.51706224472611551,-0.19680770619935109
R10,overall,NO_SCREEN,3.2852058158244981,1.6434799645648013,1.6417258512596979,0.67500274593091036,0.46082928709645693,0.077549528403922721,0.57438096014099815,0.10344912509704499,0.0080021610818705926,0.095446964015174357,0.6795953285696773,4.3181818181818175,-0.12634731542513489,-0.18135453639752608,-0.074845211171858397,2.2499032956341858,1.9033190628514487,2.6163600261846955,3.6818181818181821,2.2272727272727271,5.2727272727272716,0.001953125,0.001953125,-0.61374061521890955,0.48739329979377094
R10,overall,OUTCOME_ORACLE,2.811908809235514,1.5264039147423847,1.2855048944931287,0.70739800362098482,0.42794275624746403,0.0077760645196956867,0.72552161664035597,0.1218366324978984,0.00074870437717427314,0.12108792812072411,0.56751092190078878,0,-14.51506555798483,-15.494098823889624,-13.603580880604571,-4.7274430927885174,-5.2718894355968491,-4.1911804070435901,-0.63636363636363624,-1.1818181818181819,-0.18181818181818182,0.001953125,0.0625,-4.1729735501306102,-10.342092007854269
R10,overall,STATE_ORACLE,3.2249764976890822,1.6435150859313203,1.5814614117577626,0.68008687676133683,0.46083915264885017,0.077113398957426554,0.59169362773674794,0.10671142306535737,0.0070272935093680031,0.099684129555989348,0.67169921155925405,3.5000000000000004,-1.957380845169332,-2.1368016528300293,-1.7845243322419735,2.2062903509845722,1.6229115214213741,2.845034850561432,2.8636363636363638,1.8181818181818181,4.1818181818181817,0.001953125,0.001953125,-0.61267288937213416,-1.3447079557972137
R10,overall,WIDTH_ONLY,3.7476376677115688,1.3018139195388962,2.445823748172673,0.54435937235765341,0.36485567894311338,0.38195324857482882,0.06767253764141723,0.067105564788730976,0.055422383388502791,0.01168318140022818,0.69090018730049418,66.454545454545439,13.932058992997565,13.340818643793808,14.55525782903338,32.6902753127248,29.02167624382718,36.33402874429018,65.818181818181813,58.18181818181818,73.181818181818187,0.001953125,0.001953125,-11.000741560687981,24.932800553685521
R10,overall,WIDTH_SAME_SCREEN,3.5991622960338576,1.4314720201195377,2.1676902759143202,0.58586346542129575,0.40127649371295621,0.18446350183051893,0.14623664370802122,0.049488002020695532,0.025659263218746724,0.023828738801948784,0.6736424235407511,16.363636363636363,9.4182542165283998,9.1426268203593217,9.7112941772149046,12.941300638293807,10.907530018431007,15.517469161040481,15.727272727272728,10.453409090909091,23.81818181818182,0.001953125,0.001953125,-7.059001276789604,16.477255493317976
R10,ramp,CLARA,3.6708552978162863,1.8626181798773711,1.8082371179389127,0.6622168230211648,0.52226281319947787,0.062014212359630991,0.56673295468288942,0.098981936240950835,0.0063230023832352971,0.092658933857715536,0.7574260909036149,6.6363636363636376,0,0,0,0,0,0,0,0,0,1,1,0,0
R10,ramp,FEASIBLE_STATE_ORACLE,3.6306522009062809,1.8670750841794657,1.7635771167268122,0.66686953931276916,0.52351475261017877,0.054993859430656336,0.5907387844803923,0.10233635723303262,0.0049786640677836353,0.097357693165248976,0.75129189633937132,5.2727272727272716,-1.0951969949325235,-1.1982269968283579,-1.0004592368084915,-0.70203529289746525,-1.1167968067285314,-0.28849763020975205,-1.3636363636363638,-3.2727272727272729,0.22727272727272696,0.001953125,0.28125,0.12141323861896362,-1.2166102335515063
R10,ramp,FIX_REFERENCE_PRICE,3.6932397347115575,1.8034090417395678,1.8898306929719886,0.64455424922510107,0.50563103282369037,0.084383742214284296,0.49498709806130259,0.089813765154365358,0.0098923515848495201,0.079921413569515834,0.75609128503768608,10.409090909090908,0.60978804881215432,0.51329129135030183,0.7104440434678494,2.2369529854653307,1.8090631430577677,2.7805271076354221,3.772727272727272,2.6363636363636367,4.8181818181818183,0.001953125,0.001953125,-1.6129521142668173,2.2227401630790009
R10,ramp,GLOBAL_SCORE_SAME_SCREEN,3.691412236461892,1.9558072177340353,1.7356050187278513,0.68165795605990553,0.54843950922663032,0.015304175809649998,0.66853606577062885,0.11024500908384738,0.001348248953878927,0.10889676012996845,0.75739129774562286,1.2272727272727273,0.56000405839573553,0.27675089868128722,0.86506712316236622,-4.6710036549980991,-5.3492776580276473,-4.051920878454613,-5.4090909090909092,-8.182954545454546,-3.045454545454545,0.0078125,0.001953125,2.5386192125878781,-1.978615154192231
R10,ramp,NO_BACKOFF_EXACT,3.6820335726776063,1.8555708506678639,1.8264627220097407,0.65937048861413372,0.52028322634287472,0.059276693050391606,0.56184161855273151,0.097187913059512437,0.0060915689970848673,0.091096344062427545,0.75684102423605926,7.1818181818181808,0.30451417869752362,0.23636850122735309,0.3854577412856669,-0.27375193092393801,-0.42990229701099886,-0.13579614915367993,0.5454545454545453,0.045454545454545331,1.0909090909090906,0.001953125,0.109375,-0.19198057776070721,0.49649475645825608
R10,ramp,NO_G,3.6604949363541253,1.867400521327125,1.7930944150269981,0.6643633186869552,0.52360616753929645,0.070772870157663065,0.57368265505065574,0.10209457910021466,0.0072104354876097714,0.094884143612604901,0.75824321383834559,6.6818181818181817,-0.28223290273315937,-0.32044949946549772,-0.24538613040093887,0.87586577980320879,0.58846209529525118,1.1618716900381174,0.045454545454545241,-0.72727272727272751,0.68181818181818166,0.001953125,1,0.13027866973124169,-0.41251157246439907
R10,ramp,NO_RWG,3.6487747824221644,1.8066509467032312,1.8421238357189318,0.65101726783176461,0.50654168028539392,0.098996732278045424,0.5657063525656959,0.10578137493206326,0.010709735379016764,0.095071639553046483,0.77149701703224438,16.772727272727273,-0.60150873850182141,-0.7324376311873948,-0.47281040555756865,3.698251991841444,3.3665204583364705,4.0263179214741776,10.136363636363637,8.5454545454545432,11.727272727272727,0.001953125,0.001953125,-1.524637410998837,0.92312867249704855
R10,ramp,NO_SCREEN,3.6648735757755597,1.8355945969403646,1.8292789788351933,0.65677257864811389,0.51467191911604915,0.08642266084867363,0.55538593006394543,0.10027504687466893,0.0091299672587368125,0.091145079615932129,0.76755547337997432,12.636363636363637,-0.16295172529097179,-0.23582882074760864,-0.10292384997561663,2.4408448489042645,1.9933163777434117,2.9383722813447188,6.0000000000000009,5,7.0000000000000009,0.001953125,0.001953125,-0.73616584541161889,0.57321412012066852
R10,ramp,OUTCOME_ORACLE,3.1357340555119775,1.6788494057946952,1.4568846497172814,0.68432035901507682,0.47064237104142315,0.0089228873348847597,0.71180311537324692,0.11793216694478012,0.00087023740858701627,0.1170619295361931,0.63196815611939816,2.1363636363636367,-14.577562962578261,-15.623773976023523,-13.556444164740052,-5.3091325024746228,-5.9735765617667882,-4.6601860210020449,-4.5,-6.9999999999999991,-2.3636363636363638,0.001953125,0.001953125,-5.0061568537445762,-9.5714061088336404
R10,ramp,STATE_ORACLE,3.6043551295457363,1.8232138377054379,1.7811412918402965,0.6593817263644961,0.51119417775792386,0.085164164538467063,0.57415894762737119,0.10323538933452295,0.0078625848367523867,0.095372804497770539,0.75728753177726771,13.272727272727272,-1.8115714969780927,-1.9765151755203123,-1.6451336910344041,2.3149952178836082,1.6652826167868457,3.0103459051419481,6.6363636363636358,4.4545454545454541,8.454545454545455,0.001953125,0.00390625,-1.0734376316978234,-0.73813386528025227
R10,ramp,WIDTH_ONLY,4.2936747806784279,1.3931233281914879,2.90055145248694,0.50210519225478634,0.39038223688321871,0.41902704347634445,0.054577858296368117,0.071213596840685886,0.061417591490940879,0.0097960053497449968,0.79072361298351601,84.13636363636364,16.966604029111252,15.359272559241225,18.758909368100085,35.701283111671344,30.927963294043533,40.474016677303318,77.5,75.590909090909093,79.318181818181827,0.001953125,0.001953125,-12.789794573629088,29.756398602740397
R10,ramp,WIDTH_SAME_SCREEN,4.029895060832958,1.6078725858756997,2.4220224749572576,0.57268848073966838,0.45070506207541294,0.20880048644818922,0.12575171963601992,0.050010335595052233,0.028989061017482498,0.02102127457756971,0.75778690259480652,35.681818181818173,9.7808203780262559,9.1383020165682822,10.503423744131602,14.678627408855821,11.864493151406844,18.03324048743168,29.045454545454547,21.5,37.22727272727272,0.001953125,0.001953125,-6.9396795388043255,16.720499916830629
R20,ordinary,CLARA,4.5548591953756405,1.5413152211288346,3.0135439742468062,0.69373721006431877,0.43232493778602771,0.032495536354955327,0.65047969358406221,0.11126141567004477,0.0028025526859199214,0.10845886298412485,0.62285920311464982,0.13636363636363635,0,0,0,0,0,0,0,0,0,1,1,0,0
R20,ordinary,FEASIBLE_STATE_ORACLE,4.4449755323644364,1.5594123982494581,2.8855631341149777,0.70137808945626257,0.43740841450530388,0.027522149434436864,0.67565161114084815,0.11557817586215605,0.002101269644314323,0.11347690621784172,0.61759793676538011,0.045454545454545456,-2.4124491734621389,-2.5485827183316645,-2.2741613709386224,-0.49733869205184617,-0.71375652969930226,-0.27356833445473244,-0.090909090909090912,-0.27272727272727276,0.090909090909090912,0.001953125,0.625,0.39731584104722367,-2.8097650145093875
R20,ordinary,FIX_REFERENCE_PRICE,4.655178409904158,1.4660119717040825,3.1891664382000764,0.67394484668201204,0.41117233963300714,0.064063194895159686,0.53888842065452214,0.096096578791868628,0.00715779655667949,0.088938782235189126,0.61768029578532313,0.45454545454545453,2.2024657673362924,2.0392746348645909,2.3681555564815771,3.1567658540204344,2.7335972788753899,3.6757159903489072,0.31818181818181812,0.090909090909090912,0.54545454545454553,0.001953125,0.0625,-1.6532508732916342,3.855716640627934
R20,ordinary,GLOBAL_SCORE_SAME_SCREEN,4.5216552590531887,1.6295291401546597,2.8921261188985268,0.70558747383044884,0.45710412852361937,0.011997367693059497,0.69731904244474319,0.1179124059284502,0.0010386228666028842,0.1168737830618473,0.62922924103868216,0.045454545454545456,-0.72897832618321612,-0.86435953150935574,-0.57289995491084822,-2.0498168661895835,-2.3770062214357335,-1.7077749076806896,-0.090909090909090912,-0.22727272727272727,0,0.001953125,0.5,1.9366991435297278,-2.6656774697130032
R20,ordinary,NO_BACKOFF_EXACT,4.5711448712892651,1.5409283765130026,3.0302164947762611,0.69249849803102226,0.43221627356809728,0.031191423412097609,0.64375156890662288,0.1091508568800936,0.0027764613831984695,0.10637439549689512,0.62227423323858999,0.13636363636363635,0.35754510106829063,0.2876332446149088,0.43421297098323203,-0.13041129428577158,-0.18480071580660218,-0.079711307672592019,0,0,0,0.001953125,1,-0.0084930093168343289,0.36603811038509843
R20,ordinary,NO_G,4.5363482636835712,1.5431377049599155,2.9932105587236544,0.69549168878541212,0.43283687144644362,0.035844990985919124,0.65802448635846156,0.11374033793089651,0.0030760856325884175,0.11066425229830809,0.62393559618585537,0.63636363636363624,-0.40639964701570941,-0.52276407949169179,-0.30866306108239927,0.33494546309637979,0.19952151422483053,0.48961611997303989,0.49999999999999994,0.13636363636363635,0.90909090909090906,0.001953125,0.125,0.04001185882828738,-0.44641150584403344
R20,ordinary,NO_RWG,4.4980895700344918,1.5640717163884166,2.934017853646075,0.70027548089466363,0.43871721173534828,0.047869839752883003,0.66368274287217477,0.11672006268038319,0.0041328989029331157,0.11258716377745008,0.6272562092731474,0.54545454545454553,-1.2463530244531951,-1.4009787467793988,-1.1000864728909054,1.5374303397927678,1.2184535031713852,1.826472629195339,0.40909090909090912,0.18181818181818182,0.63636363636363646,0.001953125,0.03125,0.49960919280854466,-1.7459622172617484
R20,ordinary,NO_SCREEN,4.5636333208521744,1.5292192617993641,3.0344140590528093,0.69164243034849071,0.42892719640134491,0.042858835624340584,0.64308767102003761,0.11117512346200717,0.00378250916909416,0.107392614292913,0.62439187957259523,0.59090909090909094,0.1926322000346703,0.12509316938544179,0.25795186785972751,1.0363299269385258,0.87896575868850557,1.2232095930457467,0.45454545454545453,0.18181818181818182,0.77272727272727271,0.001953125,0.03125,-0.2655616520868751,0.45819385212152297
R20,ordinary,OUTCOME_ORACLE,3.811928489146458,1.4087402517906771,2.4031882373557805,0.73705551533300062,0.39508477785957863,0.0047105862341738636,0.7837171508998636,0.14415016433596431,0.00039906289364863409,0.1437511014423157,0.52596572438568157,0,-16.310728265397302,-17.321083756732563,-15.400161255749234,-2.7784950120781464,-3.1212114114712399,-2.4265377596294462,-0.13636363636363635,-0.27272727272727276,0,0.001953125,0.25,-2.9106271709289135,-13.4001010944684
R20,ordinary,STATE_ORACLE,4.4206010609278197,1.5482497743775041,2.8723512865503151,0.70100784624894141,0.43427284600194593,0.037759568169676259,0.67142645965896119,0.11592707288633761,0.0027908277842852596,0.11313624510205236,0.61463391502683584,0.090909090909090912,-2.9475803463722361,-3.1142807945032995,-2.7662720620169181,0.52640318147209297,0.22799737012126409,0.85995966651046563,-0.045454545454545456,-0.18181818181818182,0.090909090909090912,0.001953125,1,0.152245172709398,-3.0998255190816466
R20,ordinary,WIDTH_ONLY,5.487078672413972,1.2311359378497451,4.2559427345642273,0.57349289430957762,0.34519592562897949,0.34595360656359675,0.081549390726374058,0.063094194559073197,0.04943500934576045,0.013659185213312736,0.6289217509582512,34.36363636363636,20.46648287140853,19.845078714735926,21.082150786736165,31.345807020864147,27.901549904084575,34.820929584886159,34.22727272727272,26.31818181818182,43.364772727272722,0.001953125,0.001953125,-6.8098544866985495,27.276337358107074
R20,ordinary,WIDTH_SAME_SCREEN,5.2551672358406156,1.3189321772389155,3.9362350586017003,0.60075856547111184,0.36985779062593777,0.12924105928202761,0.18645871932628694,0.047943211764152435,0.018302950673823745,0.029640261090328669,0.61720128061477608,7.2727272727272725,15.37496573277104,15.071625789292741,15.657518437835552,9.6745522927072258,8.0904709432332957,11.773503256160849,7.1363636363636367,3.8181818181818183,10.772727272727272,0.001953125,0.001953125,-4.8823253222776968,20.257291055048729
R20,overall,CLARA,4.8806939237628182,1.7028723871931064,3.1778215365697142,0.68819636595797384,0.47751255187968822,0.037172840653851527,0.63274072777084067,0.10746078791470932,0.0032886240256166733,0.10417216388909264,0.67656196993212814,0.18181818181818182,0,0,0,0,0,0,0,0,0,1,1,0,0
R20,overall,FEASIBLE_STATE_ORACLE,4.7997547255105442,1.7159119929346793,3.0838427325758668,0.69411532565613465,0.4811753624812537,0.031053814426745853,0.66007494029048275,0.11172353817211005,0.0024229030858199498,0.10930063508629009,0.67125892499713857,0,-1.658354314295396,-1.7782511594602943,-1.5475844860142594,-0.61190262271056772,-0.84048834740409761,-0.3703823233474075,-0.18181818181818182,-0.40909090909090912,0,0.001953125,0.25,0.26716704520409496,-1.9255213594995018
R20,overall,FIX_REFERENCE_PRICE,5.0023034027918341,1.6136891706996437,3.3886142320921913,0.66345057980367739,0.45246108657253636,0.074425693928616379,0.51658793435110373,0.092865158658659436,0.0085312374222248008,0.084333921236434614,0.67220294991523288,1.6818181818181819,2.4916432156692148,2.3520108797524655,2.6286364876625949,3.7252853274764837,3.2651505129719083,4.3222605698397958,1.5,0.45454545454545453,2.8636363636363633,0.001953125,0.015625,-1.8272650956302143,4.3189083112993973
R20,overall,GLOBAL_SCORE_SAME_SCREEN,4.8614621021678399,1.7745029195194859,3.0869591826483598,0.698785015222256,0.49763348792642265,0.014180511042560923,0.68351062072321978,0.11416380238761539,0.0012432565185045885,0.11292054586911079,0.6805010669519248,0,-0.39403867350386035,-0.50473585962815815,-0.2794434461505732,-2.2992329611290612,-2.651990022839128,-1.9373828977494207,-0.18181818181818182,-0.40909090909090912,0,0.001953125,0.25,1.46763008386224,-1.8616687573660271
R20,overall,NO_BACKOFF_EXACT,4.9022622882972993,1.6990058201670113,3.2032564681302902,0.68621785819431202,0.47642643754651548,0.035784196499176878,0.62572686510932896,0.10542289706713123,0.0032604926380405573,0.10216240442909066,0.67582826269497465,0.045454545454545456,0.44191184432751385,0.34998079066422105,0.55675373185944121,-0.13886441546746511,-0.1849098445995481,-0.09674725910334174,-0.13636363636363635,-0.27272727272727276,0,0.001953125,0.25,-0.07922166574039427,0.52113351006790165
R20,overall,NO_G,4.8633920142292322,1.7074511528748235,3.1559408613544107,0.69014716289916045,0.47879872201500212,0.040932662143357487,0.64120686278973216,0.1100776175073946,0.0035995195976040624,0.10647809790979054,0.67767966322669937,0.31818181818181823,-0.35449691793512095,-0.39464587352245478,-0.32126379974493413,0.3759821489505959,0.23866153818421826,0.52856487727491541,0.13636363636363635,0,0.31818181818181812,0.001953125,0.5,0.093813825518217875,-0.44831074345334998
R20,overall,NO_RWG,4.8442892561971176,1.7065734724638819,3.137715783733237,0.69083999526963003,0.47855218257372673,0.054362095879211592,0.64795558533121966,0.11326091741372583,0.004848835604006947,0.10841208180971888,0.68207926884572712,1.3636363636363635,-0.74589122232098237,-0.82378741310461523,-0.6681376981431425,1.7189255225360065,1.3809930922203004,2.0170956727925353,1.1818181818181819,0.40909090909090912,2.0909090909090913,0.001953125,0.0234375,0.075831128290096056,-0.82172235061110521
R20,overall,NO_SCREEN,4.8860866021223623,1.6911141305998161,3.1949724715225476,0.68598942110887351,0.47420967081415749,0.048765995293169703,0.62517096664993754,0.10751941543871688,0.0044369716588768243,0.10308244377984004,0.67886932522308219,0.90909090909090906,0.1104899926891223,0.073398380092717375,0.14666145285113671,1.1593154639318179,0.9815634762848735,1.3720249561329128,0.72727272727272729,0.13636363636363635,1.5454545454545454,0.001953125,0.0625,-0.24091362369687766,0.35140361638598094
R20,overall,OUTCOME_ORACLE,4.0941851828550897,1.5328757196704836,2.5613094631846063,0.72635237396208063,0.42976067898007619,0.0054337274251138852,0.77621386933856107,0.14026779126439096,0.00045937673802828768,0.13980841452636264,0.56852593405635776,0,-16.114690927009867,-17.292485377898259,-15.045209757193808,-3.1739113228737641,-3.5591331255549017,-2.7910777127421058,-0.18181818181818182,-0.40909090909090912,0,0.001953125,0.25,-3.4830429889273247,-12.631647938082583
R20,overall,STATE_ORACLE,4.7776048816595083,1.7015620415952157,3.0760428400642938,0.69296478821425,0.47714447727353954,0.042187256731870376,0.65568373053259232,0.11209243421490837,0.0031945377760017658,0.10889789643890661,0.66973775779574019,0.13636363636363635,-2.1121800242665634,-2.289031319614522,-1.9417597723679991,0.50144160780188463,0.17767765543605615,0.85575310350165512,-0.045454545454545456,-0.31818181818181812,0.22727272727272727,0.001953125,1,-0.026847526568116533,-2.0853324976984648
R20,overall,WIDTH_ONLY,6.1934614158842418,1.3018139195388962,4.891647496345346,0.54435937235765341,0.36485567894311338,0.38195324857482882,0.06767253764141723,0.067105564788730976,0.055422383388502791,0.01168318140022818,0.69090018730049418,66.454545454545439,26.897148492141731,25.653006444540157,28.215756936726685,34.478040792097737,30.703296283363535,38.251996286430945,66.272727272727266,58.36363636363636,73.909090909090907,0.001953125,0.001953125,-8.2172427511088468,35.11439124325053
R20,overall,WIDTH_SAME_SCREEN,5.6994696925668258,1.4548280661350304,4.244641626431795,0.59281727478371038,0.40783718079595965,0.15115396723448102,0.16273728812305363,0.047601700340541356,0.021199960999415859,0.026401739341125476,0.67127290547121576,8.9090909090909083,16.775806506070843,16.191278111691613,17.397401885276572,11.398112658062949,9.5269836671507111,13.826537349857615,8.7272727272727266,4.8636363636363633,15.136363636363637,0.001953125,0.001953125,-5.0821527621392795,21.857959268210074
R20,ramp,CLARA,5.4450529338495572,1.9018768992248412,3.5431760346247136,0.67189585206106039,0.53329054335326154,0.041850907715859392,0.61491998751855059,0.10366487161661853,0.0037514026388943953,0.099913468977724115,0.75717747297834548,3.772727272727272,0,0,0,0,0,0,0,0,0,1,1,0,0
R20,ramp,FEASIBLE_STATE_ORACLE,5.3778373526947822,1.911957399425448,3.4658799532693321,0.67687074522266133,0.53612214453320739,0.034556157694986683,0.64371512160466371,0.10779693095676143,0.0027159201891561349,0.1050810107676053,0.75082667742545672,2.7727272727272729,-1.234433934276824,-1.3194294518691505,-1.1533227855722619,-0.72947500208727112,-1.0096405106237034,-0.44628049301889983,-1,-2,-0.18181818181818182,0.001953125,0.046875,0.18513135359879898,-1.419565287875624
R20,ramp,FIX_REFERENCE_PRICE,5.5830704276835466,1.8034090417395678,3.7796613859439772,0.64455424922510107,0.50563103282369037,0.084383742214284296,0.49498709806130259,0.089813765154365358,0.0098923515848495201,0.079921413569515834,0.75609128503768608,10.409090909090908,2.5347319027147375,2.28719631236125,2.7977656964146322,4.2532834498424901,3.6307615206246897,5.0442673727472949,6.6363636363636358,4.5,8.7727272727272716,0.001953125,0.001953125,-1.808391188874233,4.3431230915889829
R20,ramp,GLOBAL_SCORE_SAME_SCREEN,5.4264914722850923,1.9548856402365498,3.4716058320485397,0.68152714074234511,0.54818063914306692,0.015519809617333662,0.66803719297008857,0.11020162218483784,0.0013791685077673449,0.10882245367707048,0.75724463546115772,1.2727272727272725,-0.34088670560163958,-0.48307673524635636,-0.18785514531447819,-2.6331098098525731,-3.0796431510781033,-2.216764983976208,-2.5,-4.045454545454545,-1.1818181818181819,0.0078125,0.00390625,0.97352113295678011,-1.314407838558423
R20,ramp,NO_BACKOFF_EXACT,5.4745203490707661,1.8929977619971752,3.5815225870735885,0.66885994619760292,0.53079640368256886,0.040135321806519263,0.60761573989991335,0.10166150612760021,0.0037014604510272075,0.097960045676572988,0.75645044365529013,4.2272727272727266,0.54117775491258069,0.40358296525507931,0.72292298967396906,-0.17155859093401232,-0.2359096522339435,-0.11469299778189222,0.45454545454545442,0.090909090909090939,0.8181818181818179,0.001953125,0.0625,-0.16306796895339976,0.70424572386598483
R20,ramp,NO_G,5.4261815605705568,1.9105901953180671,3.5155913652524875,0.67437286450060652,0.53573809843562858,0.045893355128536005,0.62409529167525091,0.10637317823294783,0.00408384957281428,0.10228932866013356,0.75843980339981887,3.3181818181818175,-0.34657832546833856,-0.39512801577619466,-0.30500760769453522,0.4042447412676618,0.25155263662591182,0.57395389117145523,-0.45454545454545453,-0.7272727272727274,-0.22727272727272721,0.001953125,0.015625,0.16002224770046011,-0.50660057316879503
R20,ramp,NO_RWG,5.4186719512802091,1.8814168732377805,3.5372550780424268,0.6702660316533875,0.52754334504228972,0.060371906560324616,0.63144543103891293,0.1097064284408826,0.0055199977089082902,0.10418643073197431,0.76855291832992412,8.545454545454545,-0.48449451070252669,-0.56205528574778896,-0.39221892241729561,1.8520998844465226,1.4796422839292165,2.1646924628865394,4.7727272727272734,3.4999999999999996,5.8636363636363642,0.001953125,0.001953125,-0.37575440010636896,-0.10874011059614896
R20,ramp,NO_SCREEN,5.4494029797367842,1.888583633364449,3.560819346372333,0.66932728776015527,0.5295564799093313,0.054317869195230947,0.60720649360299905,0.10386337060234563,0.0050462210376083089,0.098817149564737292,0.76228642788042866,5.2727272727272734,0.079889873249627819,0.017116601695414957,0.14507663265197976,1.2466961479371568,1.0261817359561975,1.5086690540640018,1.5000000000000002,0.86363636363636365,2.1363636363636371,0.046875,0.0078125,-0.24413474068826063,0.32402461393788207
R20,ramp,OUTCOME_ORACLE,4.5886385826458458,1.6868157858722985,2.9018227967735464,0.70501213558779541,0.47288011825423315,0.0060881027418160372,0.76688592090522056,0.13644887919095744,0.00051975626693766253,0.13592912292401976,0.63315144819212221,0.77272727272727271,-15.728301664061906,-16.932232675446837,-14.589054964752524,-3.5762804974043356,-4.0791647563332347,-3.0990925562677094,-2.9999999999999991,-4.9545454545454541,-1.3636363636363635,0.001953125,0.00390625,-3.94966065463937,-11.778641009422506
R20,ramp,STATE_ORACLE,5.3514190185377926,1.8904916382917172,3.4609273802460727,0.67487214348762536,0.53009243634957515,0.046548279796301904,0.639455499295154,0.10821376040644101,0.0035551887129867859,0.1046585716934542,0.75115345953928525,5.1818181818181808,-1.719614417881643,-1.8658318226455073,-1.5825827159332302,0.46973720804425201,0.089052482059033961,0.87929465184387512,1.4090909090909089,-0.40909090909090928,2.9545454545454541,0.001953125,0.17578125,-0.20909366853619904,-1.5105207493454533
R20,ramp,WIDTH_ONLY,7.1942262331653692,1.3931233281914879,5.80110290497388,0.50210519225478634,0.39038223688321871,0.41902704347634445,0.054577858296368117,0.071213596840685886,0.061417591490940879,0.0097960053497449968,0.79072361298351601,84.13636363636364,32.124082549169586,29.163444899156246,35.310243363080701,37.717613576048507,32.795153834876544,42.720547806314947,80.363636363636374,78.226136363636357,82.409090909090892,0.001953125,0.001953125,-9.3434090947151436,41.467491643884749
R20,ramp,WIDTH_SAME_SCREEN,6.3660109418259969,1.6370253746315693,4.7289855671944263,0.58127571157914137,0.45889404768099429,0.17239651846718623,0.14091082149508555,0.047511614727585548,0.024097249951558791,0.023414364776026732,0.75398440843736636,26.81818181818182,16.913664920523352,15.807152054753514,18.136189477058284,13.054561075132684,10.44321600305082,16.232820179935214,23.045454545454547,15.636363636363635,31.09090909090909,0.001953125,0.001953125,-4.8640762139666931,21.777741134490057
ALL,ordinary,CLARA,2.6433333019755807,1.4384720932382624,1.2048612087373181,0.65584989107359648,0.40343641871564201,0.08826354765013153,0.44702732586537525,0.084675445281085587,0.011230975115530801,0.07344447016555479,0.61825271562569095,1.5545454545454547,0,0,0,0,0,0,0,0,0,1,1,0,0
ALL,ordinary,FEASIBLE_STATE_ORACLE,2.5967909676473386,1.4366657978054354,1.1601251698419028,0.65726560479350338,0.40292903235810629,0.090499777099297407,0.44890833959678256,0.085836754696747564,0.011321908619829239,0.074514846076918315,0.61597002990077643,2.1454545454545451,-1.7607440686143172,-1.8443529634613125,-1.6833956405846608,0.22362294491658774,0.077105528527897593,0.38852003505103205,0.59090909090909072,0.28181818181818163,0.9454545454545451,0.001953125,0.00390625,-0.068334002052524809,-1.6924100665618027
ALL,ordinary,FIX_REFERENCE_PRICE,2.6976035501415727,1.4660119717040825,1.23159157843749,0.67394484668201204,0.41117233963300714,0.064063194895159686,0.53888842065452214,0.096096578791868628,0.00715779655667949,0.088938782235189126,0.61768029578532313,0.45454545454545453,2.0530989461462035,1.9802986460587979,2.1135984076038756,-2.4200352754971859,-2.8007744886300858,-1.9944021793845965,-1.0999999999999999,-1.7363636363636366,-0.51818181818181819,0.001953125,0.00390625,1.0418617449883163,1.011237201157877
ALL,ordinary,GLOBAL_SCORE_SAME_SCREEN,2.6458772125486574,1.4779224582175206,1.167954754331137,0.65711140843246707,0.41451798191206296,0.075252701683960296,0.45126678680224463,0.082575676974033327,0.010226129252863782,0.072349547721169541,0.61921050657659138,1.5727272727272725,0.096238736567033634,-0.021509562597694931,0.22859773779271617,-1.3010845966171243,-1.4879654173663515,-1.1034539609834717,0.018181818181818084,-0.090909090909090995,0.10909090909090899,0.181640625,0.875,1.4924476209554667,-1.3962088843884264
ALL,ordinary,NO_BACKOFF_EXACT,2.6501600391307401,1.4420248716204269,1.2081351675103134,0.6561701447349797,0.40443439017130611,0.085327423760005544,0.44843283533819395,0.083956692853587089,0.010914441878191062,0.073042250975396003,0.6181515325431477,1.4545454545454546,0.25826244272930676,0.22312659819673453,0.29612359913812836,-0.29361238901259801,-0.40205002961691905,-0.18034466593261481,-0.10000000000000001,-0.24545454545454537,0.018181818181818212,0.001953125,0.25,0.1344052367330755,0.12385720599624728
ALL,ordinary,NO_G,2.6290762138492703,1.4248066562594703,1.2042695575897997,0.65296136299081387,0.39959781282272294,0.10124619226619709,0.43613802167369026,0.085478505581407099,0.012905381739560634,0.072573123841846457,0.61897725929372727,3.8545454545454541,-0.53936021294230807,-0.658873935645238,-0.43030472717846469,1.2982644616065557,1.0876609630285123,1.5223187537734741,2.2999999999999998,0.9636363636363634,3.872727272727273,0.001953125,0.00390625,-0.51697744543144719,-0.02238276751086091
ALL,ordinary,NO_RWG,2.612971779551907,1.4312469132324472,1.1817248663194599,0.65489085781473144,0.40140687377018819,0.14173759880372991,0.42080172310590447,0.089225183221954274,0.018333814492886111,0.070891368729068149,0.62115079328567258,4.5545454545454538,-1.1486074193134077,-1.2790093279109587,-1.0280913764518846,5.3474051153598374,4.7253008518587585,5.9925463137257671,3,1.7179545454545455,4.3454545454545457,0.001953125,0.00390625,-0.27333594293293273,-0.87527147638046321
ALL,ordinary,NO_SCREEN,2.630681342649078,1.4097580122864852,1.220923330362593,0.64802451745803091,0.39537066563930007,0.14531135572065274,0.41013368986782639,0.08724067364166091,0.01934260478121801,0.067898068860442903,0.62087136196715764,5.418181818181818,-0.47863655018633988,-0.6234135445568717,-0.34246041478556316,5.7047808070521215,4.753578099936818,6.6109952193696335,3.8636363636363642,2.0272727272727273,5.918181818181818,0.001953125,0.001953125,-1.0862830249335864,0.60764647474726086
ALL,ordinary,OUTCOME_ORACLE,2.314742076693054,1.3509609301565981,0.96378114653645564,0.66328035079551362,0.37885463133315184,0.12119720811042071,0.46943751737690798,0.096669113177694471,0.01710801836662337,0.079561094811071084,0.54655417098402104,9.1999999999999993,-12.4309418353313,-13.238360937911491,-11.71203962610006,3.2933660460289191,2.4485573761653439,4.0837087816297482,7.6454545454545455,5.1636363636363631,10.66363636363636,0.001953125,0.001953125,-3.3106367258438425,-9.1203051094874574
ALL,ordinary,STATE_ORACLE,2.5722759680831624,1.4056268324119481,1.1666491356712141,0.64935074138711657,0.39421022185431764,0.15427782113685395,0.40684233244471413,0.088403319727082541,0.02006410597011548,0.068339213756967068,0.6174482412671487,6.4818181818181806,-2.6881715536709372,-2.8987445276897592,-2.4896625197708104,6.6014273486722423,5.6727180098618737,7.5422930403086879,4.9272727272727277,2.6454545454545455,7.5727272727272723,0.001953125,0.001953125,-1.2425697811837186,-1.4456017724872205
ALL,ordinary,WIDTH_ONLY,2.874694946692133,1.2311359378497451,1.6435590088423875,0.57349289430957762,0.34519592562897949,0.34595360656359675,0.081549390726374058,0.063094194559073197,0.04943500934576045,0.013659185213312736,0.6289217509582512,34.36363636363636,8.7526474449376668,8.3670109482260138,9.1541359038966164,25.769005891346524,22.981542774975608,28.552502411043466,32.809090909090912,25.290909090909086,41.472954545454542,0.001953125,0.001953125,-7.8437386323381162,16.596386077275781
ALL,ordinary,WIDTH_SAME_SCREEN,2.8263501531261861,1.2894999203835034,1.536850232742683,0.59195465560435556,0.36159030274520393,0.18646785648938843,0.1544650921718925,0.050804277997510902,0.025981656382608999,0.024822621614901893,0.62072709552106176,14.281818181818181,6.9237145014524604,6.7039665537703916,7.1538706079035963,9.8204308839256917,8.3417080036751994,11.630192043174398,12.727272727272727,8.5727272727272741,17.563863636363632,0.001953125,0.001953125,-5.6357695317279841,12.55948403318046
ALL,overall,CLARA,2.8531157841501149,1.5751324760926471,1.2779833080574687,0.64374820200425698,0.44163055437955967,0.1023063795531924,0.42427228355141605,0.082350965874586055,0.01312431703019859,0.069226648844387464,0.67270882403583776,3.8272727272727276,0,0,0,0,0,0,0,0,0,1,1,0,0
ALL,overall,FEASIBLE_STATE_ORACLE,2.8176661593751184,1.5727208357307283,1.2449453236443906,0.64489578232819356,0.44095312731160502,0.10415282210485455,0.4277219290927442,0.083561828417461348,0.01312288806708635,0.070438940350374984,0.67093942219572311,4.6090909090909085,-1.2424881237533159,-1.3386991522243452,-1.1534620528927817,0.18464425516621683,0.023993452870541332,0.35835186349290266,0.78181818181818175,0.46363636363636357,1.0727272727272728,0.001953125,0.005859375,-0.084526550773583273,-1.1579615729797481
ALL,overall,FIX_REFERENCE_PRICE,2.9223034533626615,1.6136891706996437,1.3086142826630178,0.66345057980367739,0.45246108657253636,0.074425693928616379,0.51658793435110373,0.092865158658659436,0.0085312374222248008,0.084333921236434614,0.67220294991523288,1.6818181818181819,2.4249863814467032,2.3285123039293558,2.5219829790562551,-2.7880685624576018,-3.2385023850171883,-2.296443641459168,-2.1454545454545455,-2.8909090909090911,-1.3909090909090909,0.001953125,0.001953125,1.3513890610815809,1.073597320365091
ALL,overall,GLOBAL_SCORE_SAME_SCREEN,2.8607986806543528,1.6031025388293536,1.2576961418250012,0.64371572943146449,0.44948731357526317,0.088105055058751075,0.42820759387206875,0.080248930955783712,0.012022721159094581,0.068226209796689113,0.67193662171028379,3.5454545454545445,0.26928092252402891,0.15993235971401287,0.38334085718855826,-1.4201324494441285,-1.6008197452008415,-1.2302290559113849,-0.28181818181818219,-0.64545454545454584,0.027272727272726928,0.001953125,0.1796875,0.98033395251914945,-0.71105302999508824
ALL,overall,NO_BACKOFF_EXACT,2.8619222625306358,1.5769810476329942,1.2849412148976422,0.64369992434332679,0.44214981604819642,0.099056598269812682,0.42519861159057404,0.081588634445923763,0.012771556672105619,0.068817077773818139,0.67269219285055104,3.5454545454545454,0.30866179457011977,0.25437758862556725,0.37451128979653636,-0.3249781283379703,-0.42953172451653088,-0.21354611160972872,-0.28181818181818197,-0.38181818181818222,-0.17272727272727295,0.001953125,0.00390625,0.064791325701412897,0.24387046886869046
ALL,overall,NO_G,2.8385638905444361,1.5636251804142478,1.2749387101301888,0.64113902437568826,0.43839816795304304,0.11657380902570846,0.41445431442056169,0.083464284422735346,0.014961953887906415,0.068502330534828931,0.67292657978323833,6.6363636363636358,-0.51003515828269563,-0.56820238439237558,-0.45394219052483614,1.4267429472516098,1.1941141492805123,1.6691244519721358,2.8090909090909091,2.1000000000000001,3.6000000000000005,0.001953125,0.001953125,-0.40332382381134396,-0.10671133447137271
ALL,overall,NO_RWG,2.818811926344706,1.5381419280767177,1.2806699982679883,0.63375212485173837,0.4312399510042989,0.15980984881696739,0.40024281657203087,0.087798610347604833,0.020916627355593059,0.066881982992011757,0.67816414452502349,16.572727272727274,-1.2023296774696934,-1.3278025260125219,-1.0778518786468847,5.7503469263774996,5.0901781821505363,6.4037935118864242,12.745454545454542,8.9909090909090903,16.118181818181817,0.001953125,0.001953125,-1.2964965607572814,0.09416688328756008
ALL,overall,NO_SCREEN,2.8284489514961186,1.5271000580443412,1.3013488934517785,0.62954644328167786,0.42813830211879972,0.16487561881208698,0.38919056393798057,0.086226475357304461,0.022282047157994499,0.063944428199309941,0.67839315843099546,19.827272727272728,-0.86455771584972307,-1.0033825836943033,-0.72248399665087071,6.2569239258894598,5.1782631095029918,7.2460544612101456,15.999999999999998,11.336363636363636,20.263636363636365,0.001953125,0.001953125,-1.6835074943379384,0.81894977848821882
ALL,overall,OUTCOME_ORACLE,2.4923758499010162,1.4562579111020066,1.0361179387990089,0.6444170760410618,0.40823882264061639,0.13515136828890267,0.45563953590710904,0.095427748276995905,0.019213233113660622,0.076214515163335272,0.59432651957724114,21.727272727272727,-12.643718711070672,-13.552359330082258,-11.812829595341762,3.284498873571029,2.3961199071119599,4.1097798910210583,17.899999999999999,15.354545454545454,20.481818181818184,0.001953125,0.001953125,-4.1664823296349587,-8.4772363814357643
ALL,overall,STATE_ORACLE,2.7813259803569927,1.518420514854963,1.2629054655020304,0.62949027410222447,0.42570022818919917,0.17354235724382663,0.38784827729984389,0.087453673478667254,0.022891086068015491,0.064562587410651739,0.67550284654936399,23.509090909090908,-2.5161896405303752,-2.7582881139381787,-2.2830052935004916,7.1235977690634247,6.0889011084498232,8.1033444051063999,19.681818181818183,15.545454545454545,23.5,0.001953125,0.001953125,-1.9877202864578947,-0.52846935407248807
ALL,overall,WIDTH_ONLY,3.1908692504309135,1.3018139195388962,1.8890553308920173,0.54435937235765341,0.36485567894311338,0.38195324857482893,0.06767253764141723,0.067105564788730976,0.055422383388502791,0.01168318140022818,0.69090018730049418,66.454545454545439,11.838056771376637,11.339511828040742,12.34792014513415,27.964686902163649,24.944562694431156,30.933869568947483,62.627272727272732,55.927272727272715,68.836363636363629,0.001953125,0.001953125,-9.5796517642962336,21.417708535672851
ALL,overall,WIDTH_SAME_SCREEN,3.0773250118491133,1.4118206902936392,1.6655043215554741,0.57990210056216218,0.3957564572450073,0.21419547251551582,0.13365866291883061,0.051799604071601557,0.029827980500485206,0.02197162357111633,0.67687933085728802,24.327272727272724,7.8583991909667805,7.6516580152115568,8.0744199737671511,11.188909296232344,9.4936167632837538,13.267956201605594,20.5,15.436363636363634,27.609090909090906,0.001953125,0.001953125,-5.7239803132509435,13.582379504217704
ALL,ramp,CLARA,3.1812306064854714,1.7544526587087232,1.4267779477767468,0.62471377495408598,0.49187923983749826,0.11616371781085251,0.40299874981537487,0.080300462605004383,0.015013116732168614,0.065287345872835759,0.7567199117736424,18.309090909090909,0,0,0,0,0,0,0,0,0,1,1,0,0
ALL,ramp,FEASIBLE_STATE_ORACLE,3.1511420963183139,1.7522591334030508,1.3988829629152619,0.62600002752752981,0.49126308104376992,0.11765867293086799,0.40755516168934858,0.081484312235517178,0.014907125108803954,0.066577187126713205,0.75479023807587109,18.763636363636362,-0.94581355107727916,-1.0234068775097795,-0.87042846387201001,0.14949551200154759,-0.036958757679026601,0.3466003903942913,0.45454545454545286,-0.44545454545454732,1.1090909090909078,0.001953125,0.3515625,-0.06895209989494433,-0.8768614511823285
ALL,ramp,FIX_REFERENCE_PRICE,3.2630378264013045,1.8034090417395678,1.4596287846617362,0.64455424922510107,0.50563103282369037,0.084383742214284296,0.49498709806130259,0.089813765154365358,0.0098923515848495201,0.079921413569515834,0.75609128503768608,10.409090909090908,2.5715589353709545,2.3868919129548249,2.7696587899263752,-3.1779975596568222,-3.7992129703536217,-2.5206347098899555,-7.9000000000000004,-9.7727272727272751,-6.1818181818181843,0.001953125,0.001953125,1.5389133667656412,1.0326455686053511
ALL,ramp,GLOBAL_SCORE_SAME_SCREEN,3.1893961624366103,1.7693630579336639,1.4200331045029446,0.62346895059797414,0.49606755422652621,0.10042196052578527,0.40547414817081895,0.078098201611152912,0.013799858856132174,0.064298342755020721,0.75329420254946844,16.799999999999997,0.25667915851470546,0.12653489567823972,0.39967016271888589,-1.574175728506725,-1.7827030129729666,-1.3728056396558768,-1.5090909090909095,-2.0818181818181825,-0.89977272727272961,0.005859375,0.005859375,0.46869910010746452,-0.21201994159278209
ALL,ramp,NO_BACKOFF_EXACT,3.1917293249066465,1.7524894254140662,1.4392398994925786,0.62359565507336556,0.49132776981090914,0.11257738828224276,0.40356385570783748,0.079509221574259506,0.014635890360986165,0.06487333121327335,0.75703188330411864,18.363636363636367,0.33002066558054377,0.25225656689881193,0.4258099995819658,-0.35863295286097552,-0.49313967030422162,-0.22733571532128558,0.054545454545454626,-0.39999999999999969,0.57272727272727153,0.001953125,0.859375,-0.061713014160454299,0.39173367974097756
ALL,ramp,NO_G,3.1661468249182718,1.7459159744070973,1.4202308505111734,0.62296902869391668,0.48948129480895153,0.13172331650038008,0.39435803318461721,0.081665653325442178,0.016979291552270882,0.064686361773171261,0.7567947408213247,20.954545454545457,-0.47414926589882667,-0.53313270383693212,-0.42044878431419658,1.5559598689527565,1.265413059639463,1.8770640197776398,2.6454545454545459,1.5634090909090907,3.7090909090909099,0.001953125,0.00390625,-0.26834534674168065,-0.20580391915713686
ALL,ramp,NO_RWG,3.1316421086119166,1.6697428144219923,1.4618992941899238,0.59960738786551704,0.4680843397569559,0.17927198597611918,0.38150578575270844,0.086960234680304713,0.023794231439848226,0.063166003240456486,0.77087135716716038,36.781818181818188,-1.5587835025999142,-1.768891355118176,-1.3625478102553645,6.3108268165266672,5.4406916392565252,7.1748193517834205,18.472727272727273,15.954318181818179,20.745681818181815,0.001953125,0.001953125,-2.6628011221203423,1.1040176195204536
ALL,ramp,NO_SCREEN,3.1379904460355514,1.6743912878974094,1.4635991581381416,0.59975557668317503,0.46939009073319654,0.18481857279106575,0.37029857926601101,0.085632751111125824,0.025314684808950143,0.060318066302175691,0.76966622601842671,37.963636363636368,-1.3592274751087707,-1.5735531568682779,-1.1484767383426144,6.8654854980213234,5.544067949446748,8.1182968030376923,19.654545454545453,17.681818181818183,21.627499999999994,0.001953125,0.001953125,-2.5166792576462487,1.1574517825375041
ALL,ramp,OUTCOME_ORACLE,2.769279079356906,1.5881340831516348,1.1811449962052705,0.61359562177066262,0.44516053883831636,0.15005208939066278,0.44114524376784764,0.09445443157678575,0.021478330620573863,0.072976100956211903,0.66834095477574429,32.372727272727275,-12.949439323535151,-13.925323105666404,-12.002769171139926,3.3888371579810292,2.4140035951546923,4.3111278296242412,14.063636363636364,10.709090909090909,17.127272727272729,0.001953125,0.001953125,-5.2281206907169864,-7.7213186328181438
ALL,ramp,STATE_ORACLE,3.0925847126234571,1.6601849895836072,1.4323997230398489,0.59867982529992314,0.46539955749898254,0.19333812268915876,0.37035284662136531,0.086819885668378588,0.025788261261080431,0.061031624407298146,0.76639062983052575,40.754545454545458,-2.7865283856283396,-3.0705396097720961,-2.4982161472628643,7.7174404878306246,6.4516057266935229,8.9094276106626022,22.445454545454542,19.15431818181818,25.454545454545453,0.001953125,0.001953125,-2.963245384755687,0.17671699912735359
ALL,ramp,WIDTH_ONLY,3.6333919444156706,1.3931233281914879,2.2402686162241827,0.50210519225478634,0.39038223688321871,0.41902704347634445,0.054577858296368117,0.071213596840685886,0.061417591490940879,0.0097960053497449968,0.79072361298351601,84.13636363636364,14.21340964746134,12.84623260415569,15.751788510077397,30.286332566549191,26.438811074789008,34.13265409141556,65.827272727272728,62.763409090909079,68.927272727272722,0.001953125,0.001953125,-11.35816214582511,25.571571793286502
ALL,ramp,WIDTH_SAME_SCREEN,3.4407796213611723,1.5802143598341702,1.8605652615270014,0.56438716700973579,0.44293589745700601,0.24069715857326143,0.11434179874653565,0.052827314230410205,0.033527001055143821,0.01930031317526636,0.76320232131910859,44.809090909090912,8.1587614034193798,7.6306415131318639,8.7429446959920742,12.45334407624089,10.192458214996531,15.082299309267674,26.499999999999996,22.027045454545455,31.409090909090903,0.001953125,0.001953125,-5.4770722537165026,13.635833657135905
