zone_or_farm,price_id,regime,method,ERRF,capacity,exceedance,coverage,width,TUWR,TOWR,ARD,under_gap,over_gap,IS,below_floor
zone1,R01,ordinary,CLARA,1.4507971605017727,1.2543278916583505,0.19646926884342186,0.60572799588946846,0.35187802726000167,0.18158842052688698,0.20548624681468283,0.057867103116563436,0.024961916802187494,0.03290518631437591,0.60752956356030008,0.013636363636363636
zone1,R01,ordinary,FEASIBLE_STATE_ORACLE,1.4352174090978593,1.2362592122814768,0.19895819681638216,0.60155830965882828,0.34680255552492489,0.1913544216046251,0.19220433119474264,0.057007625057144497,0.026036086160738259,0.03097153889640622,0.61078798051677385,0.031818181818181815
zone1,R01,ordinary,FIX_REFERENCE_PRICE,1.5503171548498753,1.3882237430954472,0.16209341175442782,0.67238120138276114,0.38948922148390558,0.072014548647820087,0.53174765682820047,0.099662891488684693,0.0079548243966756048,0.091708067092009057,0.60863629340542558,0.0045454545454545452
zone1,R01,ordinary,GLOBAL_SCORE_SAME_SCREEN,1.4424558309237125,1.2452922784519616,0.19716355247175074,0.60553115570559957,0.3493399336627015,0.18490144911163434,0.20639359784088562,0.058340322716480188,0.025364187158507672,0.032976135557972477,0.6099736230638213,0.018181818181818181
zone1,R01,ordinary,NO_BACKOFF_EXACT,1.4544129310718317,1.2585354490480791,0.19587748202375202,0.6071630328093014,0.35305992540318387,0.17776649640816741,0.21275217324310719,0.058518316558408154,0.024324998708317606,0.034193317850090499,0.60871854056098496,0.018181818181818181
zone1,R01,ordinary,NO_G,1.4356688554270973,1.2355440997433873,0.20012475568370974,0.60009204329517485,0.34660168121647272,0.20081061425050967,0.18236848495992011,0.05650383193051816,0.027454373180835424,0.029049458749682736,0.60761680096687309,0.027272727272727271
zone1,R01,ordinary,NO_RWG,1.4254820856129047,1.2249436025177618,0.20053848309514252,0.59889797078320905,0.34362401345646548,0.26323947556710342,0.16513206122328411,0.062924510426331695,0.036622835776554383,0.026301674649777285,0.61250002931450565,0.05909090909090909
zone1,R01,ordinary,NO_SCREEN,1.4170132370374264,1.2119607036829299,0.20505253335449652,0.59342065902671381,0.3399771317612878,0.2847933347851227,0.15683054233169536,0.065008345731460221,0.040489498891729633,0.024518846839730577,0.61228583709118756,0.054545454545454543
zone1,R01,ordinary,OUTCOME_ORACLE,1.3702401297593607,1.1577130031011693,0.21252712665819112,0.56782210875642325,0.32473901362034413,0.37261721218636296,0.090232436140902775,0.067117768001121528,0.052661993968177473,0.014455774032944024,0.60723281157656472,0.39090909090909093
zone1,R01,ordinary,STATE_ORACLE,1.4007810545141548,1.1928305654172235,0.20795048909693079,0.58777798184909513,0.33460349741698847,0.30332744461241601,0.13267954959482869,0.063653979614282291,0.042723669455779822,0.020930310158502431,0.61702744350476468,0.090909090909090912
zone1,R01,ordinary,WIDTH_ONLY,1.3702401297593607,1.1537784415451811,0.21646168821417944,0.56780618862485455,0.32363379970012268,0.37284481426916932,0.090230950212643393,0.067136546891833251,0.052681818659836455,0.014454728231996783,0.62524198480403992,0.39090909090909093
zone1,R01,ordinary,WIDTH_SAME_SCREEN,1.399028993092571,1.1893941650090896,0.20963482808348091,0.57881247028571459,0.33363821640346786,0.26672557256584517,0.1302592115151226,0.056964463629535257,0.036233734084356602,0.020730729545178621,0.61723723037461753,0.21363636363636362
zone1,R01,overall,CLARA,1.583579621327325,1.3673946509687778,0.21618497035854692,0.58769412689234457,0.38332379088065677,0.20869775298934076,0.17267357068169556,0.056565670111283682,0.028733435552504877,0.027832234558778781,0.65545837268342599,0.10000000000000001
zone1,R01,overall,FEASIBLE_STATE_ORACLE,1.5722551675152452,1.3545405047570047,0.21771466275824006,0.58491715583092574,0.37971307565263079,0.21936463367504835,0.16163207475665112,0.056163308081980313,0.02988549114781042,0.026277816934169855,0.6587064527139459,0.13636363636363635
zone1,R01,overall,FIX_REFERENCE_PRICE,1.7158368719994921,1.5455634089467776,0.17027346305271407,0.66392358746118985,0.43337119480706104,0.080785916193575905,0.50321839898768128,0.094319037892019161,0.0091567887185118463,0.085162249173507287,0.65670507686766011,0.018181818181818181
zone1,R01,overall,GLOBAL_SCORE_SAME_SCREEN,1.5772978368981116,1.3606331255466546,0.21666471135145654,0.58733402782638111,0.38142448598680218,0.21312445989052425,0.17397040072415459,0.057175562669748339,0.029227871040167868,0.027947691629580447,0.6575146531756515,0.11363636363636363
zone1,R01,overall,NO_BACKOFF_EXACT,1.587592025486203,1.3724292116232251,0.21516281386297806,0.58958038546039371,0.38473799331168118,0.20439159247194882,0.17958739269953086,0.05701785077406922,0.028025758318998624,0.028992092455070562,0.65654601190856543,0.10000000000000001
zone1,R01,overall,NO_G,1.5645960094230922,1.3448755338017044,0.21972047562138727,0.58134890976805309,0.37699819617080471,0.23079960908243574,0.15105930527474762,0.055894603054544502,0.031508339941296599,0.024386263113247875,0.65527497837237758,0.14999999999999999
zone1,R01,overall,NO_RWG,1.5345605947817866,1.3062432700902171,0.22831732469156943,0.56924863536841774,0.36614643670128588,0.29666090226563885,0.13647906519586209,0.063434562614303622,0.041529763623792189,0.021904798990511429,0.6612990780114496,0.42727272727272725
zone1,R01,overall,NO_SCREEN,1.5221034427506444,1.2874213713151323,0.23468207143551217,0.56268512273355353,0.36085938648356508,0.32418351634202019,0.12776223704677483,0.066827156071187971,0.0466191524325325,0.020208003638655433,0.66202164674954789,0.49545454545454548
zone1,R01,overall,OUTCOME_ORACLE,1.479226015261403,1.2366433372139216,0.24258267804748121,0.54123126950619938,0.34659589375850619,0.41295564297774989,0.072010199011606615,0.07115109421115659,0.059289517338815378,0.0118615768723412,0.66012652077724332,0.69090909090909092
zone1,R01,overall,STATE_ORACLE,1.5072738123991762,1.2698668250401077,0.23740698735906832,0.55742322919025511,0.35592833415911995,0.34308288506512408,0.10798747515218536,0.066125383582393629,0.048829495847570632,0.017295887734822952,0.66658391865388145,0.58181818181818179
zone1,R01,overall,WIDTH_ONLY,1.479226015261403,1.2328592259366946,0.24636678932470835,0.54120407128093728,0.34553294115254352,0.41314633534072776,0.072009048991481264,0.071172062829811325,0.059311609826497663,0.011860453003313644,0.6766392629098934,0.69090909090909092
zone1,R01,overall,WIDTH_SAME_SCREEN,1.5348765015878365,1.3046048175262981,0.230271684061538,0.5644500162636763,0.36568619721703916,0.30179611666157807,0.10563404052735832,0.058549034987944525,0.041271202093028703,0.017277832894915822,0.66780952820308026,0.43181818181818182
zone1,R01,ramp,CLARA,1.8202349580778017,1.5747125511761642,0.24552240690163749,0.56834624776320064,0.44135327829715409,0.24488077531316985,0.13394346529542178,0.055874289911572082,0.033839112951019358,0.0220351769605527,0.74293810879792332,0.49090909090909091
zone1,R01,ramp,FEASIBLE_STATE_ORACLE,1.8118909181832483,1.5653439601938668,0.2465469579893817,0.56638730058861819,0.43872165161673343,0.25666580187205257,0.12453793619735064,0.055815285055019537,0.03509449281562993,0.02072079223938959,0.7467060508422888,0.51818181818181819
zone1,R01,ramp,FIX_REFERENCE_PRICE,1.991686716213825,1.8041541031888106,0.18753261302501417,0.64951529815421671,0.50580315245800989,0.091761428929543642,0.46581174454061702,0.087824411479388062,0.010756107245257183,0.077068304234130872,0.74464431095173389,0.10000000000000001
zone1,R01,ramp,GLOBAL_SCORE_SAME_SCREEN,1.8158377279480789,1.5699232241009944,0.24591450384708435,0.56782094406271177,0.44000796170300532,0.2506153292221624,0.13563034882814221,0.056638374078803254,0.034441469457319303,0.022196904621483923,0.7451091504526377,0.49090909090909091
zone1,R01,ramp,NO_BACKOFF_EXACT,1.8227723429266283,1.5782019754881982,0.24457036743843047,0.5692337503993532,0.44233345366570298,0.23942575277249051,0.14040797409966932,0.05607824903725913,0.032999367807864471,0.023078881229394648,0.74439664832156083,0.48181818181818181
zone1,R01,ramp,NO_G,1.7949225996225744,1.546246662761511,0.24867593686106323,0.56136960939162261,0.43335724222562222,0.27032637042334051,0.11470956608647649,0.05587734820860904,0.036945316933209849,0.018932031275399164,0.74231703340233124,0.5
zone1,R01,ramp,NO_RWG,1.7100022006962743,1.4337309448133178,0.27627125588295653,0.51811758472740976,0.40175170347612987,0.34386214811126165,0.10410770339874856,0.065671066511403572,0.048673296096914467,0.016997770414489081,0.75496011356961512,0.68181818181818177
zone1,R01,ramp,NO_SCREEN,1.6960264647601959,1.4126090508172378,0.28341741394295794,0.51174835895930948,0.39581858718509599,0.37481825091755694,0.095127627089489145,0.069949674716324239,0.054533899663219434,0.015415775053104786,0.75523951283190627,0.76363636363636367
zone1,R01,ramp,OUTCOME_ORACLE,1.6547713080834701,1.3625583607924905,0.29221294729097946,0.49335276230652825,0.38175940459387503,0.46593924076203358,0.04779717181002191,0.075943253388296231,0.067663760036488926,0.008279493351807294,0.75701168228017957,0.8136363636363636
zone1,R01,ramp,STATE_ORACLE,1.6809143412985277,1.3943671012193959,0.28654724007913174,0.50589688041087755,0.39069444403963483,0.3945262168652437,0.07839045719187869,0.069729751496673278,0.056812719952867248,0.01291703154380602,0.76081225762525895,0.79090909090909089
zone1,R01,ramp,WIDTH_ONLY,1.6547713080834701,1.3589330807166766,0.29583822736679355,0.49331897641776451,0.38074106749392722,0.46610961081980085,0.04779623382930679,0.075965475661069273,0.067687151977025614,0.0082783236840436453,0.77315802602189909,0.81818181818181823
zone1,R01,ramp,WIDTH_SAME_SCREEN,1.771620930023359,1.5104471874229297,0.26117374260042908,0.54742195027576401,0.42330120982714448,0.34502231235123337,0.074964454361575172,0.060372406201601482,0.047544114122545111,0.012828292079056357,0.75808921006146723,0.65909090909090906
zone1,R02,ordinary,CLARA,1.655013143957214,1.2686691528354728,0.38634399112174123,0.61086866925250227,0.35590647141087872,0.15410662445061774,0.23007590268004149,0.057891889241191888,0.021305451175519376,0.036586438065672494,0.60553950970513459,0.013636363636363636
zone1,R02,ordinary,FEASIBLE_STATE_ORACLE,1.6411187744657272,1.2504731693696314,0.39064560509609542,0.60696291267450164,0.35079524010024921,0.16316933075890677,0.21512485148139959,0.056599494778600948,0.022170536280171949,0.034428958498428981,0.60822149185451457,0.031818181818181815
zone1,R02,ordinary,FIX_REFERENCE_PRICE,1.7124105666043035,1.3882237430954472,0.32418682350885564,0.67238120138276114,0.38948922148390558,0.072014548647820087,0.53174765682820047,0.099662891488684693,0.0079548243966756048,0.091708067092009057,0.60863629340542558,0.0045454545454545452
zone1,R02,ordinary,GLOBAL_SCORE_SAME_SCREEN,1.6460637792012462,1.2565961049269059,0.38946767427433993,0.60991215419896361,0.35251516581858483,0.1592248961242991,0.2250463919146351,0.057820027325627611,0.021903943895615289,0.035916083430012291,0.60834844662266596,0.018181818181818181
zone1,R02,ordinary,NO_BACKOFF_EXACT,1.6590181506576578,1.2748815927887207,0.38413655786893675,0.6126870823985513,0.35765153881347644,0.14797866396551282,0.23981182400856815,0.058608201307812573,0.020560504719559759,0.038047696588252786,0.60651348743275779,0.013636363636363636
zone1,R02,ordinary,NO_G,1.639987603349071,1.2432482698509895,0.39673933349808155,0.60270908720361349,0.34876577394332714,0.18488657247190138,0.19138840015975386,0.05637739353118152,0.02543000478312275,0.03094738874805876,0.60604349477482755,0.022727272727272728
zone1,R02,ordinary,NO_RWG,1.6293912020269719,1.230534563883658,0.39885663814331329,0.60063765229954935,0.3451945082221668,0.25462239817569776,0.16711468887671763,0.062191152643540755,0.035277228955310318,0.026913923688230413,0.61160204180360411,0.054545454545454543
zone1,R02,ordinary,NO_SCREEN,1.6243474265598208,1.2163024387862753,0.40804498777354548,0.59481140718037973,0.34119672027346354,0.28004414100367586,0.16405107600111193,0.065406049334367528,0.039856960119453957,0.025549089214913535,0.61230047350014472,0.05909090909090909
zone1,R02,ordinary,OUTCOME_ORACLE,1.5561573185265691,1.2374593522152888,0.31869796631128028,0.58861171180418492,0.34713967348386077,0.2574190769189007,0.11946324869482036,0.054680332091198033,0.035694791456775593,0.018985540634422423,0.5289771488577264,0.06363636363636363
zone1,R02,ordinary,STATE_ORACLE,1.6085654844800781,1.1940500547150821,0.41451542976499595,0.58822465324484308,0.33494605059054416,0.29993202863765406,0.13540908166724064,0.063540430353243207,0.042255785967681293,0.021284644385561886,0.61646672507150679,0.081818181818181818
zone1,R02,ordinary,WIDTH_ONLY,1.5867018179735402,1.1537784415451811,0.43292337642835887,0.56780618862485455,0.32363379970012268,0.37284481426916932,0.090230950212643393,0.067136546891833251,0.052681818659836455,0.014454728231996783,0.62524198480403992,0.39090909090909093
zone1,R02,ordinary,WIDTH_SAME_SCREEN,1.6137451362577715,1.1980056464058642,0.41573948985190667,0.58198923105577838,0.33605717185200012,0.24313341058924917,0.14156000285756268,0.055193443911611496,0.032764124997009605,0.022429318914601849,0.6150042003256162,0.17272727272727273
zone1,R02,overall,CLARA,1.8118252887708342,1.390252979548722,0.42157230922211225,0.59515399410402792,0.3897446696952479,0.17699347762909831,0.19576435140166532,0.055703942137188406,0.024507480592135672,0.031196461545052737,0.65306721899329434,0.05909090909090909
zone1,R02,overall,FEASIBLE_STATE_ORACLE,1.8007446522960897,1.3764357391700535,0.42430891312603597,0.59230641761530389,0.38586342239786919,0.18694538229460941,0.18278842628637698,0.054827370038730568,0.025464658443467139,0.029362711595263418,0.65540103193985599,0.090909090909090912
zone1,R02,overall,FIX_REFERENCE_PRICE,1.8861103350522064,1.5455634089467776,0.34054692610542814,0.66392358746118985,0.43337119480706104,0.080785916193575905,0.50321839898768128,0.094319037892019161,0.0091567887185118463,0.085162249173507287,0.65670507686766011,0.018181818181818181
zone1,R02,overall,GLOBAL_SCORE_SAME_SCREEN,1.8049232816937255,1.3802782943428356,0.42464498735088968,0.59388131606576933,0.386942791828426,0.18348108847938538,0.19180590672079029,0.055864212976466342,0.025236702953488854,0.030627510022977499,0.65516588150060129,0.068181818181818177
zone1,R02,overall,NO_BACKOFF_EXACT,1.8155175443630345,1.396417084516985,0.41910045984605016,0.59730139972906926,0.39147615985487216,0.17018915009632146,0.20457040879542754,0.056196014847151844,0.02368176239768462,0.032514252449467207,0.65351452267192833,0.054545454545454543
zone1,R02,overall,NO_G,1.7919427354268578,1.3587553874777503,0.43318734794910768,0.58538933194042497,0.38089703147306475,0.21220389807107631,0.15983505175625642,0.055265798772212306,0.029134302944035521,0.026131495828176785,0.65355427521315312,0.10909090909090909
zone1,R02,overall,NO_RWG,1.7668360158859013,1.3138938348050166,0.4529421810808843,0.57131750542709914,0.368295471733533,0.28645291262733391,0.13870344432744264,0.062190215566749731,0.039762907827011876,0.022427307739737834,0.65997711717285945,0.40000000000000002
zone1,R02,overall,NO_SCREEN,1.7588508809284116,1.2925471748221975,0.46630370610621524,0.56427954969712313,0.36229921892936989,0.31877902365862992,0.13413689088207756,0.06696134523128458,0.045866833608620781,0.021094511622663761,0.66211024099431881,0.48636363636363639
zone1,R02,overall,OUTCOME_ORACLE,1.6937953983171812,1.3356666982837886,0.35812870003339292,0.56393368978821778,0.37441144462082854,0.29058333575241774,0.094833618235832695,0.055960821413856741,0.040254602737323508,0.01570621867653323,0.5745193265788876,0.42727272727272725
zone1,R02,overall,STATE_ORACLE,1.7443756537405888,1.27208485263543,0.47229080110515931,0.5582561479362913,0.3565513756184801,0.33919673391971567,0.11053030376287984,0.065866337437918962,0.048272495480832185,0.017593841957086721,0.66577219066926163,0.57272727272727275
zone1,R02,overall,WIDTH_ONLY,1.7255928045861109,1.2328592259366946,0.49273357864941669,0.54120407128093728,0.34553294115254352,0.41314633534072776,0.072009048991481264,0.071172062829811325,0.059311609826497663,0.011860453003313644,0.6766392629098934,0.69090909090909092
zone1,R02,overall,WIDTH_SAME_SCREEN,1.7742538191816322,1.3208958031971003,0.45335801598453157,0.569691122855846,0.37026231678748917,0.27605751930386341,0.11541413975143093,0.056212608424916988,0.037447410669907956,0.018765197755009039,0.66516687990913592,0.34999999999999998
zone1,R02,ramp,CLARA,2.083640507431757,1.6081895623820297,0.4754509450497274,0.57859196798303203,0.45075693313026244,0.20835947009068762,0.15490739162945005,0.054065210417783734,0.029049482950376123,0.02501572746740759,0.74025327956192688,0.37272727272727274
zone1,R02,ramp,FEASIBLE_STATE_ORACLE,2.0756265737241946,1.5986942030419711,0.47693237068222399,0.57676132143985537,0.44808969736058302,0.21935283594380522,0.14334581819113945,0.053506735495308308,0.03010975022328195,0.023396985272026348,0.74234808426870291,0.40000000000000002
zone1,R02,ramp,FIX_REFERENCE_PRICE,2.1792193292388395,1.8041541031888106,0.37506522605002834,0.64951529815421671,0.50580315245800989,0.091761428929543642,0.46581174454061702,0.087824411479388062,0.010756107245257183,0.077068304234130872,0.74464431095173389,0.10000000000000001
zone1,R02,ramp,GLOBAL_SCORE_SAME_SCREEN,2.0796285167866686,1.6013913682880094,0.47823714849865878,0.57747589147795886,0.44884732804767247,0.21635906859745632,0.15167086341714339,0.05442896989230428,0.029901532283186587,0.024527437609117672,0.74195113705263815,0.37727272727272726
zone1,R02,ramp,NO_BACKOFF_EXACT,2.0859754846064491,1.6125150434841906,0.47346044112225827,0.57972663164692084,0.45197195591176836,0.20018283261660466,0.16300241763800094,0.054281442466070737,0.028075364075486119,0.026206078390584607,0.74000739131710136,0.35454545454545455
zone1,R02,ramp,NO_G,2.0578365739211635,1.5714234836688439,0.48641309025231927,0.56892532837431908,0.44042938292992923,0.24863178214916704,0.1230430246847872,0.054673261543098546,0.034186548932996143,0.020486712610102379,0.74030024748188017,0.40909090909090912
zone1,R02,ramp,NO_RWG,1.9907294496134558,1.442945715720886,0.54778373389256985,0.52043033797910598,0.40434012227039057,0.33233991055181067,0.10637904526280159,0.064018536466119019,0.046586592265646355,0.017431944200472661,0.75333870467662378,0.67272727272727273
zone1,R02,ramp,NO_SCREEN,1.9807666882341939,1.4172182483744422,0.56354843985975112,0.51299902561969968,0.39711330560004099,0.36879631554477388,0.10085945821551333,0.069892368200979466,0.053696719986350311,0.016195648214629137,0.75554153557434356,0.75454545454545452
zone1,R02,ramp,OUTCOME_ORACLE,1.9185560069187295,1.4864214468342825,0.43213456008444684,0.51601370629997212,0.41655240629100765,0.33667838180794374,0.064600879791818333,0.058384944862288027,0.046893437073354673,0.011491507788933358,0.65692074443748549,0.69999999999999996
zone1,R02,ramp,STATE_ORACLE,1.9670618015133716,1.3973365478985531,0.56972525361481818,0.50703640595232058,0.39152855827535321,0.39034671363804957,0.080829826399187676,0.069384031347002259,0.056201027534357843,0.013183003812644395,0.75954864214498408,0.77727272727272723
zone1,R02,ramp,WIDTH_ONLY,1.9506095354502637,1.3589330807166766,0.5916764547335871,0.49331897641776451,0.38074106749392722,0.46610961081980085,0.04779623382930679,0.075965475661069273,0.067687151977025614,0.0082783236840436453,0.77315802602189909,0.81818181818181823
zone1,R02,ramp,WIDTH_SAME_SCREEN,2.0486875822022332,1.538333108352294,0.51035447384993948,0.5558826584642389,0.43113433368370746,0.31619768737652354,0.08267748560152445,0.057434744515553256,0.043346935811936729,0.014087808703616523,0.75470395199507945,0.59545454545454546
zone1,R05P6179775281,ordinary,CLARA,2.2988608877832442,1.3882237430954472,0.91063714468779666,0.67238120138276114,0.38948922148390558,0.072014548647820087,0.53174765682820047,0.099662891488684693,0.0079548243966756048,0.091708067092009057,0.60863629340542558,0.0045454545454545452
zone1,R05P6179775281,ordinary,FEASIBLE_STATE_ORACLE,2.2692357940077081,1.3901972947378576,0.87903849926985056,0.67632929032765565,0.39004358992278487,0.07138924948111347,0.54287292858235359,0.10092178898751814,0.0075723313104009522,0.093349457677117151,0.6062535450648241,0.013636363636363636
zone1,R05P6179775281,ordinary,FIX_REFERENCE_PRICE,2.2988608877832442,1.3882237430954472,0.91063714468779666,0.67238120138276114,0.38948922148390558,0.072014548647820087,0.53174765682820047,0.099662891488684693,0.0079548243966756048,0.091708067092009057,0.60863629340542558,0.0045454545454545452
zone1,R05P6179775281,ordinary,GLOBAL_SCORE_SAME_SCREEN,2.3283765790676609,1.3906189470741197,0.93775763199354156,0.64922329691106639,0.39016203159027407,0.042807201351502559,0.42738461217279394,0.068688159862699341,0.0058092321363677341,0.062878927726331607,0.59505121905975111,0
zone1,R05P6179775281,ordinary,NO_BACKOFF_EXACT,2.302401050395372,1.3909856094426691,0.91141544095270211,0.67211619567852954,0.39026502663761958,0.067514630964978825,0.53027925785116448,0.097547049470250516,0.0074790183200558052,0.090068031150194669,0.60848062141484549,0.0045454545454545452
zone1,R05P6179775281,ordinary,NO_G,2.2872633177356354,1.371104741854803,0.91615857588083205,0.66931142437388835,0.38468051327024133,0.088453604692565455,0.52832181278196932,0.10147893138654,0.0099499797922577172,0.091528951594282273,0.61078908769751639,0.013636363636363636
zone1,R05P6179775281,ordinary,NO_RWG,2.2781132496600702,1.3756029584001348,0.90251029125993565,0.67384462976882442,0.38594405724364916,0.11126189645727581,0.51577822878517954,0.10322387623755899,0.012886932446725133,0.090336943790833846,0.61479156757452669,0.022727272727272728
zone1,R05P6179775281,ordinary,NO_SCREEN,2.2897717965026496,1.360963941462592,0.92880785504005736,0.6667524705553709,0.38183197383422701,0.10989380728062174,0.51188500342077248,0.10184547038598554,0.013017381044052565,0.088828089341932953,0.61328623394618309,0.013636363636363636
zone1,R05P6179775281,ordinary,OUTCOME_ORACLE,2.0104777873715229,1.3206669694871009,0.68981081788442178,0.69403015946749047,0.37051259968380806,0.014911162140603061,0.63564199077738714,0.1024514785354956,0.0016685054617176806,0.10078297307377793,0.50990252116874668,0
zone1,R05P6179775281,ordinary,STATE_ORACLE,2.2516350953059572,1.3606164188863008,0.89101867641965604,0.671050158188506,0.38173435513302156,0.11777467000429828,0.51401346632405731,0.10253803486237312,0.013202521711458375,0.089335513150914717,0.61202128913265574,0.054545454545454543
zone1,R05P6179775281,ordinary,WIDTH_ONLY,2.3698553416248402,1.1537784415451811,1.2160769000796596,0.56780618862485455,0.32363379970012268,0.37284481426916932,0.090230950212643393,0.067136546891833251,0.052681818659836455,0.014454728231996783,0.62524198480403992,0.39090909090909093
zone1,R05P6179775281,ordinary,WIDTH_SAME_SCREEN,2.365218751109766,1.2183463780254526,1.1468723730843131,0.58841607520902472,0.34177086050918787,0.20184938733752056,0.16360343354536844,0.052906621956952497,0.027341795436767707,0.025564826520184783,0.61154758016011268,0.095454545454545459
zone1,R05P6179775281,overall,CLARA,2.5021558980069698,1.5455634089467776,0.95659248906019123,0.66392358746118985,0.43337119480706104,0.080785916193575905,0.50321839898768128,0.094319037892019161,0.0091567887185118463,0.085162249173507287,0.65670507686766011,0.018181818181818181
zone1,R05P6179775281,overall,FEASIBLE_STATE_ORACLE,2.4746612161817305,1.5453017145440717,0.92935950163765735,0.66605085106499506,0.43329768514337974,0.079826600800286682,0.51540181654733086,0.095585535246936665,0.0086809555615071851,0.086904579685429459,0.65413736776673914,0.018181818181818181
zone1,R05P6179775281,overall,FIX_REFERENCE_PRICE,2.5021558980069698,1.5455634089467776,0.95659248906019123,0.66392358746118985,0.43337119480706104,0.080785916193575905,0.50321839898768128,0.094319037892019161,0.0091567887185118463,0.085162249173507287,0.65670507686766011,0.018181818181818181
zone1,R05P6179775281,overall,GLOBAL_SCORE_SAME_SCREEN,2.5385451756773092,1.5213550425565994,1.0171901331207087,0.63683456641328251,0.4265710918884717,0.050716339786298574,0.38604044570085355,0.063283322394677016,0.0070737368908448707,0.056209585503832121,0.64095115938577207,0
zone1,R05P6179775281,overall,NO_BACKOFF_EXACT,2.5056715873183273,1.5451088237745148,0.96056276354381165,0.66286647989659286,0.43324350234294223,0.076206426478607883,0.50078459496884686,0.092219453896381337,0.0086449015754098395,0.083574552320971468,0.65589816821441749,0.0090909090909090905
zone1,R05P6179775281,overall,NO_G,2.4880405634465173,1.5321357130911177,0.95590485035539785,0.66157187273861695,0.42959937012850502,0.099677124644420051,0.5004152726501423,0.096502212980860688,0.011380906438317377,0.08512130654254331,0.65789290409440981,0.036363636363636362
zone1,R05P6179775281,overall,NO_RWG,2.4734963506825167,1.5058423783900161,0.96765397229249894,0.65711790913968482,0.42221360195403862,0.12443941046355265,0.48826096731523139,0.098422934343622037,0.014656323259740185,0.083766611083881823,0.66215084975041549,0.11818181818181818
zone1,R05P6179775281,overall,NO_SCREEN,2.4875652092876059,1.5089897054327819,0.97857550385482295,0.65552732681544768,0.42309768258402874,0.12303600857436374,0.48418002406525723,0.0973051905696216,0.014938660730680559,0.082366529838940994,0.66338658156510844,0.10454545454545454
zone1,R05P6179775281,overall,OUTCOME_ORACLE,2.1726378652939577,1.4505956893672907,0.72204217592666553,0.68027758362424839,0.40669486908248664,0.016317776712551198,0.6119125124519158,0.096642582539555003,0.0019164926656646513,0.094726089873890335,0.54818774834121808,0
zone1,R05P6179775281,overall,STATE_ORACLE,2.4491753037248913,1.4989669502033476,0.95020835352154331,0.65597506130508343,0.42028230190160337,0.13091755729093543,0.48815577822870132,0.097944107428183436,0.014989316234775285,0.082954791193408123,0.65989530830253329,0.13636363636363635
zone1,R05P6179775281,overall,WIDTH_ONLY,2.6169423120305635,1.2328592259366946,1.3840830860938669,0.54120407128093728,0.34553294115254352,0.41314633534072776,0.072009048991481264,0.071172062829811325,0.059311609826497663,0.011860453003313644,0.6766392629098934,0.69090909090909092
zone1,R05P6179775281,overall,WIDTH_SAME_SCREEN,2.589986447604995,1.3492780528181636,1.2407083947868298,0.57851176639817847,0.37823485881587765,0.2304116265877896,0.13447761806147848,0.052920633344926957,0.031335886389816554,0.021584746955110402,0.66108365726196217,0.20909090909090908
zone1,R05P6179775281,ramp,CLARA,2.8577081089473184,1.8041541031888106,1.0535540057585064,0.64951529815421671,0.50580315245800989,0.091761428929543642,0.46581174454061702,0.087824411479388062,0.010756107245257183,0.077068304234130872,0.74464431095173389,0.10000000000000001
zone1,R05P6179775281,ramp,FEASIBLE_STATE_ORACLE,2.830412529354438,1.7990320872044556,1.0313804421499817,0.6481252758905045,0.5043643839230787,0.089829072668622764,0.47925348808692381,0.088963894293421289,0.010170216825359268,0.078793677468061998,0.74013556954033011,0.10000000000000001
zone1,R05P6179775281,ramp,FIX_REFERENCE_PRICE,2.8577081089473184,1.8041541031888106,1.0535540057585064,0.64951529815421671,0.50580315245800989,0.091761428929543642,0.46581174454061702,0.087824411479388062,0.010756107245257183,0.077068304234130872,0.74464431095173389,0.10000000000000001
zone1,R05P6179775281,ramp,GLOBAL_SCORE_SAME_SCREEN,2.9019187436792326,1.74109620213619,1.1608225415430415,0.6164722748723076,0.4880902589039029,0.057327023366121256,0.3277140379888791,0.056231417690256483,0.008302238536432173,0.047929179153824296,0.72549518712084027,0.10000000000000001
zone1,R05P6179775281,ramp,NO_BACKOFF_EXACT,2.8602843198975219,1.7993188276835796,1.0609654922139413,0.64765117638853409,0.5044449290014843,0.08626309931784229,0.46228116594656887,0.085634233696467207,0.010122491356957818,0.0755117423395094,0.74295775214667914,0.086363636363636365
zone1,R05P6179775281,ramp,NO_G,2.8412168837755329,1.7940454982067853,1.0471713855687468,0.64818939199350067,0.50296365667654208,0.11353047612575613,0.46485271975492126,0.090404823007008625,0.013225470353718752,0.077179352653289859,0.74498811011533961,0.10000000000000001
zone1,R05P6179775281,ramp,NO_RWG,2.8077276990412527,1.7019943980942986,1.1057333009469537,0.62413422678691011,0.47710660608314714,0.13981714484804914,0.45359227768571114,0.092534336177677562,0.016898931601132813,0.075635404576544746,0.75285675798364238,0.29090909090909089
zone1,R05P6179775281,ramp,NO_SCREEN,2.8284743848176488,1.7438295419541152,1.0846448428635325,0.63642237360724851,0.48885805098758994,0.13821840832671159,0.44871062324156619,0.09167443099318294,0.017278835523251747,0.0743955954699312,0.75454408189175615,0.25
zone1,R05P6179775281,ramp,OUTCOME_ORACLE,2.4586771824398626,1.6496481658062296,0.8090290166336328,0.65210982028282205,0.46240260824941998,0.018679137652355592,0.57359139259080028,0.088956808509363924,0.0023488903741353613,0.086607918135228557,0.61719005470088462,0.05909090909090909
zone1,R05P6179775281,ramp,STATE_ORACLE,2.7818077060486286,1.7104042949923568,1.0714034110562713,0.62745868628768764,0.4794689366724893,0.14577570436064696,0.45493715927882888,0.092136966238849066,0.017194325874527329,0.07494264036432173,0.74873355797895569,0.2818181818181818
zone1,R05P6179775281,ramp,WIDTH_ONLY,3.020945594013269,1.3589330807166766,1.6620125132965924,0.49331897641776451,0.38074106749392722,0.46610961081980085,0.04779623382930679,0.075965475661069273,0.067687151977025614,0.0082783236840436453,0.77315802602189909,0.81818181818181823
zone1,R05P6179775281,ramp,WIDTH_SAME_SCREEN,2.9653089194850941,1.5819609069686273,1.3833480125164663,0.5688419861275017,0.44338933329503705,0.26531339206288557,0.098337313013068403,0.052995389340098294,0.036447059551685791,0.016548329788412485,0.74949975676488723,0.45909090909090911
zone1,R10,ordinary,CLARA,2.9936230867645053,1.4289490719974005,1.5646740147671041,0.68498084347745158,0.40092892061366792,0.052008598247835956,0.60229577404943979,0.10957206895051151,0.0049346203970735275,0.10463744855343797,0.61018099167613216,0.0045454545454545452
zone1,R10,ordinary,FEASIBLE_STATE_ORACLE,2.9388666828723351,1.4441591367271132,1.4947075461452219,0.69213846831566583,0.40520141070628363,0.050192934852379731,0.6298386639620619,0.11432226545450173,0.004381366616643601,0.10994089883785813,0.60679698160454276,0
zone1,R10,ordinary,FIX_REFERENCE_PRICE,3.0091578606397262,1.3882237430954472,1.6209341175442784,0.67238120138276114,0.38948922148390558,0.072014548647820087,0.53174765682820047,0.099662891488684693,0.0079548243966756048,0.091708067092009057,0.60863629340542558,0.0045454545454545452
zone1,R10,ordinary,GLOBAL_SCORE_SAME_SCREEN,3.0279444203373607,1.5591332468945489,1.4688111734428115,0.70452145726317428,0.43749750906792345,0.012725668351414973,0.70058411667120624,0.12160093116640475,0.0010195059070249211,0.12058142525937983,0.616803615149497,0
zone1,R10,ordinary,NO_BACKOFF_EXACT,2.9976901604027981,1.4321602592543692,1.5655299011484283,0.68455605154418286,0.40183093950607474,0.048694715799914454,0.60072812030772949,0.10735385471286839,0.0046147464074234026,0.10273910830544497,0.60883529035455208,0
zone1,R10,ordinary,NO_G,2.9831828378857042,1.4193968440485845,1.5637859938371188,0.6843117508372053,0.39824571051568575,0.062798131230396306,0.60322925726599708,0.11191597612027569,0.0059843599578075926,0.10593161616246809,0.61148961773562516,0.0045454545454545452
zone1,R10,ordinary,NO_RWG,2.9676199359519821,1.4352761539691641,1.5323437819828172,0.69017805496169127,0.40270619083045534,0.077441589073502431,0.60391280151553939,0.11491952798213043,0.0075989173679706732,0.10732061061415975,0.61777916424807933,0.018181818181818181
zone1,R10,ordinary,NO_SCREEN,2.9912747681559959,1.4111677398589142,1.5801070282970815,0.68220304327657377,0.39593416439499185,0.071372627251779064,0.59222264907361633,0.11044940460222928,0.0070871837511615101,0.10336222085106775,0.61450322107534749,0.022727272727272728
zone1,R10,ordinary,OUTCOME_ORACLE,2.545493170299169,1.3284950775378654,1.2169980927613042,0.72139840952328282,0.37271150643964079,0.0074275117889956522,0.73687476837754839,0.13093749353646375,0.00071521935656751934,0.13022227417989624,0.51027515492411935,0
zone1,R10,ordinary,STATE_ORACLE,2.9212322039061829,1.4269248619178325,1.4943073419883504,0.69069414606754398,0.40036032227671042,0.072677754458410695,0.6179321580621705,0.11495174581285737,0.0064852351603463801,0.10846651065251096,0.60826734306983454,0.013636363636363636
zone1,R10,ordinary,WIDTH_ONLY,3.3183953236869761,1.1537784415451811,2.1646168821417948,0.56780618862485455,0.32363379970012268,0.37284481426916932,0.090230950212643393,0.067136546891833251,0.052681818659836455,0.014454728231996783,0.62524198480403992,0.39090909090909093
zone1,R10,ordinary,WIDTH_SAME_SCREEN,3.2516351236387901,1.2307066546996115,2.0209284689391782,0.59188283463745306,0.34524284833900776,0.18046028289565705,0.17216408222189761,0.051511675855129682,0.024636890165658322,0.026874785689471357,0.60947247697383744,0.077272727272727271
zone1,R10,overall,CLARA,3.2273406260720106,1.6000119147436302,1.6273287113283792,0.68031128394530593,0.44866571890730067,0.057909240671894603,0.5778615458057047,0.10405336038213879,0.0056411392573262808,0.098412221124812488,0.66005633211667247,0.0090909090909090905
zone1,R10,overall,FEASIBLE_STATE_ORACLE,3.1801868379907634,1.6115948114833476,1.5685920265074138,0.68634417540504566,0.4519193415869967,0.055627916560245141,0.60817632312105629,0.10885390990165252,0.0049530961415704599,0.10390081376008205,0.65602874821122614,0
zone1,R10,overall,FIX_REFERENCE_PRICE,3.2482980394739189,1.5455634089467776,1.7027346305271407,0.66392358746118985,0.43337119480706104,0.080785916193575905,0.50321839898768128,0.094319037892019161,0.0091567887185118463,0.085162249173507287,0.65670507686766011,0.018181818181818181
zone1,R10,overall,GLOBAL_SCORE_SAME_SCREEN,3.2605153054562548,1.7214006367888355,1.5391146686674195,0.70095735936811432,0.48276367453797492,0.014008635462749641,0.68348479528966466,0.1162726151845489,0.0011693498021918918,0.11510326538235699,0.66605049084629064,0
zone1,R10,overall,NO_BACKOFF_EXACT,3.2337305150050191,1.5989680798260302,1.6347624351789882,0.67883888492616917,0.44837250685179486,0.054729539768297163,0.57562616035294489,0.10188206333212553,0.0052935004750953932,0.096588562857030102,0.65847957174914207,0.0045454545454545452
zone1,R10,overall,NO_G,3.2157074360506535,1.5955190306291684,1.6201884054214835,0.68050846151816258,0.44740367280773269,0.070094637625634101,0.57975463501001545,0.10675347319468155,0.0068505687636959472,0.099902904430985581,0.66129681863152423,0.018181818181818181
zone1,R10,overall,NO_RWG,3.2013890145787363,1.584450876863138,1.6169381377155971,0.6801174359007357,0.44429464085098269,0.085237426561523014,0.58094374942793414,0.10976316490263985,0.00856218582907654,0.10120097907356326,0.66517127444654256,0.050000000000000003
zone1,R10,overall,NO_SCREEN,3.2220569468600022,1.5798484806469477,1.6422084662130532,0.6767690373328541,0.44300183292508649,0.078942625969675592,0.56801263367657473,0.10517495415880557,0.00801553942406996,0.097159414734735577,0.66479781477087019,0.045454545454545456
zone1,R10,overall,OUTCOME_ORACLE,2.7317537104894951,1.4611587141728442,1.2705949963166487,0.71067761297620602,0.40966201088179938,0.0077006222319218921,0.72306403167289557,0.12502897517039535,0.00078201787367894145,0.12424695729671638,0.54877520450548867,0
zone1,R10,overall,STATE_ORACLE,3.159301884503336,1.5847841651605923,1.5745177193427415,0.68253376521631304,0.4443882611592565,0.07954698664312039,0.59616355855105085,0.10954601760688644,0.0072287722283780357,0.10231724537850841,0.65698184426299933,0.027272727272727271
zone1,R10,overall,WIDTH_ONLY,3.6965271191837799,1.2328592259366946,2.4636678932470835,0.54120407128093728,0.34553294115254352,0.41314633534072776,0.072009048991481264,0.071172062829811325,0.059311609826497663,0.011860453003313644,0.6766392629098934,0.69090909090909092
zone1,R10,overall,WIDTH_SAME_SCREEN,3.5457137501034963,1.3638038921158724,2.1819098579876228,0.58266770168766546,0.38231515075343631,0.20691346750002265,0.14187973947049479,0.051051848454495348,0.028278564697373464,0.022773283757121902,0.65891561906278018,0.14999999999999999
zone1,R10,ramp,CLARA,3.6586300825488669,1.8702438056845971,1.7883862768642669,0.66763836175253644,0.52436767563098374,0.065172087299524131,0.54572314945082068,0.097110430900184855,0.0065725113896584917,0.090537919510526338,0.74991356805776488,0.045454545454545456
zone1,R10,ramp,FEASIBLE_STATE_ORACLE,3.6141419244023734,1.8749009329907849,1.7392409914115856,0.6707578926548331,0.52567585745856471,0.06248152729568298,0.57781959765879987,0.10179462227334821,0.0056977670233056815,0.096096855250042509,0.74256539610341643,0.054545454545454543
zone1,R10,ramp,FIX_REFERENCE_PRICE,3.6794802334389538,1.8041541031888106,1.8753261302501416,0.64951529815421671,0.50580315245800989,0.091761428929543642,0.46581174454061702,0.087824411479388062,0.010756107245257183,0.077068304234130872,0.74464431095173389,0.10000000000000001
zone1,R10,ramp,GLOBAL_SCORE_SAME_SCREEN,3.6866674734148726,1.9757122624523757,1.7109552109624904,0.68739207805470381,0.55399364663316897,0.014747397475304198,0.6585059699599739,0.10909491830743574,0.0012768705615890119,0.10781804774584673,0.75387892306749049,0
zone1,R10,ramp,NO_BACKOFF_EXACT,3.6655732824522116,1.8643371122541985,1.8012361701980111,0.66511915563947677,0.52270849208311909,0.061872363494067141,0.54322209587196923,0.094952737952565244,0.0061758801183353015,0.088776857834229936,0.74792358280222671,0.045454545454545456
zone1,R10,ramp,NO_G,3.6451662640161864,1.8730368003646791,1.7721294636515048,0.669816383518821,0.52515222469842249,0.078408358761104052,0.54891987094778028,0.10010818948006378,0.0078980371130384659,0.092210152367025303,0.75107342573732971,0.050000000000000003
zone1,R10,ramp,NO_RWG,3.6247233722192447,1.8104786862075697,1.8142446860116732,0.65781403166703256,0.50757972072170654,0.094306710325362156,0.54953033561915177,0.1030162048686034,0.0096842015382863737,0.09333200333031702,0.7555772321949914,0.14999999999999999
zone1,R10,ramp,NO_SCREEN,3.648505669688622,1.8436616665223919,1.8048440031662276,0.66294594471796842,0.51690078260789241,0.087174432582204531,0.5365739824627006,0.098430938964424661,0.0091363599134243485,0.089294579051000286,0.75569790589122487,0.12272727272727273
zone1,R10,ramp,OUTCOME_ORACLE,3.0840910746976187,1.6642300629652305,1.4198610117323887,0.68767066266973131,0.46649864677722913,0.0075969943939459741,0.69899174921216312,0.11717445083698387,0.00088368229734116493,0.11629076853964271,0.61796291000878678,0.018181818181818181
zone1,R10,ramp,STATE_ORACLE,3.5787667366450302,1.82297312524155,1.7557936114034787,0.66316632984374291,0.51108939460765612,0.08777771159121843,0.56647883462304205,0.10258899680550798,0.0081319948666751431,0.09445700193883283,0.74430710313532045,0.12272727272727273
zone1,R10,ramp,WIDTH_ONLY,4.3173153543846121,1.3589330807166766,2.9583822736679353,0.49331897641776451,0.38074106749392722,0.46610961081980085,0.04779623382930679,0.075965475661069273,0.067687151977025614,0.0082783236840436453,0.77315802602189909,0.81818181818181823
zone1,R10,ramp,WIDTH_SAME_SCREEN,4.0289289985443864,1.5986592159970368,2.4302697825473487,0.57347918955715993,0.44807986953897233,0.23969181285045085,0.10448366325138031,0.05063258591664422,0.033041881599540399,0.0175907043171038,0.74716760738360521,0.40454545454545454
zone1,R20,ordinary,CLARA,4.521403482466563,1.4657903884938208,3.0556130939727408,0.69253599015057432,0.41127760502277477,0.040312346999132005,0.64481219734598572,0.11525336008842102,0.0033659745251330203,0.11188738556328798,0.61195180541320915,0
zone1,R20,ordinary,FEASIBLE_STATE_ORACLE,4.416357296772027,1.4913060974758294,2.9250511992961963,0.70025453039916519,0.41844493900648511,0.030595602932498557,0.67992320789834559,0.11941930933749582,0.0022251489996512911,0.11719416033784454,0.60579505215520979,0
zone1,R20,ordinary,FIX_REFERENCE_PRICE,4.630091978184006,1.3882237430954472,3.2418682350885568,0.67238120138276114,0.38948922148390558,0.072014548647820087,0.53174765682820047,0.099662891488684693,0.0079548243966756048,0.091708067092009057,0.60863629340542558,0.0045454545454545452
zone1,R20,ordinary,GLOBAL_SCORE_SAME_SCREEN,4.4967955338885988,1.558872227311312,2.9379233065772836,0.70451464449692003,0.43742418896027263,0.013263032008927471,0.7008288157138054,0.12159149418805658,0.0010526553391239141,0.12053883884893267,0.61664649234088842,0
zone1,R20,ordinary,NO_BACKOFF_EXACT,4.5325223826695007,1.4669291031886584,3.0655932794808414,0.69161361912324504,0.41159746870109987,0.03742632457988198,0.64191616705537868,0.11272425140895373,0.0031619463006769761,0.10956230510827673,0.61082741809616359,0
zone1,R20,ordinary,NO_G,4.5120504805319896,1.4632061314651961,3.0488443490667914,0.6935845362138755,0.41055169012709364,0.042061518329751434,0.65133341444949722,0.11754025177326861,0.0035902302228491838,0.11395002155041942,0.61302212423822444,0
zone1,R20,ordinary,NO_RWG,4.4737484974529451,1.4892744767914612,2.9844740206614815,0.69946436675960388,0.4178742590389658,0.045393488783616542,0.66533114170045438,0.12014517895205375,0.0036958762086720318,0.11644930274338171,0.6169752152081398,0.0045454545454545452
zone1,R20,ordinary,NO_SCREEN,4.5286667554619804,1.452811781595148,3.0758549738668308,0.69056236012751449,0.40763192892764188,0.048745370183804898,0.63809920191496683,0.11522079616314503,0.0041673331925057332,0.11105346297063927,0.61538800464547871,0.0045454545454545452
zone1,R20,ordinary,OUTCOME_ORACLE,3.7599884891251256,1.3335604163180208,2.4264280728071035,0.73922463093945123,0.37413435441159459,0.0054266733767288104,0.78378841096027541,0.14999657447917691,0.00041409722439269831,0.14958247725478421,0.51105729661496002,0
zone1,R20,ordinary,STATE_ORACLE,4.3902767210473534,1.4798457407485353,2.9104309802988162,0.69975065827828087,0.41522573767859355,0.039877054560937861,0.6767436008336466,0.11976890418070796,0.0029209881775401074,0.11684791600316785,0.60386511500039008,0
zone1,R20,ordinary,WIDTH_ONLY,5.4830122058287731,1.1537784415451811,4.3292337642835896,0.56780618862485455,0.32363379970012268,0.37284481426916932,0.090230950212643393,0.067136546891833251,0.052681818659836455,0.014454728231996783,0.62524198480403992,0.39090909090909093
zone1,R20,ordinary,WIDTH_SAME_SCREEN,5.2286641553485662,1.2471805668349842,3.9814835885135804,0.59689356663141069,0.34987035174782039,0.14875729634462723,0.18842431632169776,0.050063210272900241,0.020504047712963814,0.029559162559936424,0.60783455236233785,0.054545454545454543
zone1,R20,overall,CLARA,4.8166962363339758,1.6412371570753266,3.1754590792586495,0.68942601468601594,0.46024584315777678,0.043938920391030423,0.62284453715143684,0.10973092166494756,0.0038115564294686709,0.10591936523547887,0.6625331532455474,0.0045454545454545452
zone1,R20,overall,FEASIBLE_STATE_ORACLE,4.7303042562742661,1.6603283016374621,3.0699759546368033,0.69606113068926989,0.46560852421455651,0.032833274691805185,0.66054000844292349,0.11385492990033602,0.002473653210042664,0.11138127669029335,0.65598619783112189,0
zone1,R20,overall,FIX_REFERENCE_PRICE,4.9510326700010596,1.5455634089467776,3.4054692610542814,0.66392358746118985,0.43337119480706104,0.080785916193575905,0.50321839898768128,0.094319037892019161,0.0091567887185118463,0.085162249173507287,0.65670507686766011,0.018181818181818181
zone1,R20,overall,GLOBAL_SCORE_SAME_SCREEN,4.7999208053055016,1.7208952922988912,3.0790255130066133,0.70086838124828976,0.48262172383855229,0.014600934767793596,0.68372719533621307,0.11625774772481341,0.0012108810456138278,0.11504686667919958,0.66596782684903399,0
zone1,R20,overall,NO_BACKOFF_EXACT,4.8346147285648904,1.6374265020011713,3.197188226563719,0.68743424957994737,0.45917543442908137,0.04109537827541701,0.61934997537400005,0.10727727409766268,0.0035982133603392565,0.10367906073732339,0.66088724701330626,0
zone1,R20,overall,NO_G,4.8029856867351066,1.6448858278503258,3.1580998588847815,0.69137576018965707,0.46127075067884399,0.046341566905353668,0.63074094900962041,0.11225860304650395,0.0040666445465315738,0.10819195849997239,0.6640802499732682,0.0045454545454545452
zone1,R20,overall,NO_RWG,4.779266853260423,1.6496482361624072,3.129618617098016,0.69368696979505295,0.46260850582268703,0.049888041631104871,0.64600298391508093,0.11481902478717054,0.0041375606051381594,0.11068146418203238,0.66585092675494895,0.0090909090909090905
zone1,R20,overall,NO_SCREEN,4.8184977696429518,1.6298392866634854,3.1886584829794655,0.6876859689443674,0.4570441941656867,0.053424793273307278,0.61596669727476527,0.10975707900399652,0.0047045328273655563,0.10505254617663096,0.66469930170812674,0.0045454545454545452
zone1,R20,overall,OUTCOME_ORACLE,3.9989427595845237,1.4680074292519973,2.5309353303325248,0.73037026520995463,0.411585807252348,0.0056012879021798429,0.77555222323907147,0.14415178131652406,0.00043991743367556514,0.14371186388284846,0.54986437878276861,0
zone1,R20,overall,STATE_ORACLE,4.7048981891305024,1.64477677624675,3.0601214128837513,0.69488203583544406,0.46124011820592964,0.042984938991467235,0.65702636171016493,0.11421242072466675,0.0032462196040680719,0.1109662011205987,0.65390351940994695,0
zone1,R20,overall,WIDTH_ONLY,6.1601950124308615,1.2328592259366946,4.9273357864941669,0.54120407128093728,0.34553294115254352,0.41314633534072776,0.072009048991481264,0.071172062829811325,0.059311609826497663,0.011860453003313644,0.6766392629098934,0.69090909090909092
zone1,R20,overall,WIDTH_SAME_SCREEN,5.6609657395599324,1.387720805458347,4.2732449341015846,0.58962978821406864,0.38903338483840094,0.17073669039590203,0.1564386784823549,0.048707851215402657,0.023537668617675693,0.025170182597726957,0.65696156550426266,0.06363636363636363
zone1,R20,ramp,CLARA,5.4139710120708058,1.9164990078206443,3.4974720042501577,0.67713445107681469,0.53736070993886231,0.049264780589724978,0.59397530579481717,0.10273822977785978,0.0044102739522569349,0.098327955825602845,0.7524882733478514,0.027272727272727271
zone1,R20,ramp,FEASIBLE_STATE_ORACLE,5.3343628663192426,1.9241260046627826,3.4102368616564549,0.68223408523035889,0.53950312478215978,0.035084416950485156,0.63258313284982948,0.10651450463584858,0.0026837008851353611,0.10383080375071323,0.74326237744344414,0.018181818181818181
zone1,R20,ramp,FIX_REFERENCE_PRICE,5.554806363689095,1.8041541031888106,3.7506522605002832,0.64951529815421671,0.50580315245800989,0.091761428929543642,0.46581174454061702,0.087824411479388062,0.010756107245257183,0.077068304234130872,0.74464431095173389,0.10000000000000001
zone1,R20,ramp,GLOBAL_SCORE_SAME_SCREEN,5.3976552448498509,1.9746506463240117,3.4230045985258326,0.68724219021527677,0.55369543985553871,0.015324582851335452,0.65872475371452421,0.10907641222769418,0.0013230634157646891,0.10775334881192949,0.75360465504719953,0
zone1,R20,ramp,NO_BACKOFF_EXACT,5.4368182849707392,1.9056689448939856,3.5311493400767504,0.67401586325236007,0.53431855743137402,0.045425323811568136,0.59011468484654628,0.10022453000602483,0.004069051657565618,0.096155478348459195,0.75121303140967488,0.022727272727272728
zone1,R20,ramp,NO_G,5.3930039938440659,1.9273523572539071,3.4656516365901551,0.6805329277162695,0.54040940359989131,0.051880557984685695,0.60153685869869689,0.10541635139368125,0.0046649077074155925,0.10075144368626565,0.75387166886896539,0.018181818181818181
zone1,R20,ramp,NO_RWG,5.3777713924787172,1.8960552505300103,3.481716141948703,0.67764971745708946,0.53161808148643719,0.054431944910386512,0.61794052586503834,0.10774660390896514,0.0045737237216565549,0.10317288018730857,0.75638033051487474,0.072727272727272724
zone1,R20,ramp,NO_SCREEN,5.4101961130237299,1.9050069323880501,3.5051891806356759,0.67556613504993446,0.53413259886229103,0.058889902623821065,0.58706753989566274,0.10277742171914463,0.0053382086252047496,0.097439213093939853,0.75410320859607471,0.050000000000000003
zone1,R20,ramp,OUTCOME_ORACLE,4.499295128438515,1.6735485837405284,2.8257465446979846,0.710491300220773,0.46911620879276233,0.0056179797445666136,0.76071699020877948,0.13649286054543919,0.0004614849402775731,0.13603137560516163,0.61944893630891962,0
zone1,R20,ramp,STATE_ORACLE,5.2978881931817385,1.8956710244511012,3.4022171687306324,0.67998960612241943,0.53151015281258662,0.045401245229846739,0.62919910519912858,0.10688203291940231,0.0034994894608017489,0.10338254345860055,0.74025809200449555,0.05909090909090909
zone1,R20,ramp,WIDTH_ONLY,7.2756976280525461,1.3589330807166766,5.9167645473358705,0.49331897641776451,0.38074106749392722,0.46610961081980085,0.04779623382930679,0.075965475661069273,0.067687151977025614,0.0082783236840436453,0.77315802602189909,0.81818181818181823
zone1,R20,ramp,WIDTH_SAME_SCREEN,6.3733395725316875,1.6294755184705327,4.7438640540611541,0.58223015012987411,0.45673613427871834,0.19891614331882485,0.11696259960646371,0.047304892222178589,0.027618788360479461,0.019686103861699111,0.74502783298081532,0.32727272727272727
zone10,R01,ordinary,CLARA,1.7795530574189424,1.557494907413328,0.2220581500056148,0.6050344709681037,0.43694820636525905,0.16906007893411817,0.19550271602362479,0.052938774968094807,0.022539983619882218,0.030398791348212582,0.7144058532472628,0.086363636363636365
zone10,R01,ordinary,FEASIBLE_STATE_ORACLE,1.7593776947364246,1.5330888971210206,0.22628879761540396,0.59755835326489626,0.43009258549663337,0.18048220210152377,0.17338469658960917,0.051726137293708979,0.02398608675388501,0.027740050539823959,0.71729704615341017,0.12727272727272726
zone10,R01,ordinary,FIX_REFERENCE_PRICE,1.881682494823576,1.6979104797843119,0.18377201503926421,0.66699368476472143,0.47639078287396253,0.064897693980154825,0.52701022624339655,0.088623833440110059,0.006736794666745172,0.081887038773364881,0.71001055508414279,0.0090909090909090905
zone10,R01,ordinary,GLOBAL_SCORE_SAME_SCREEN,1.7680095649676404,1.5443558820055783,0.22365368296206248,0.60206948380287995,0.43325746889117206,0.17424482287829204,0.1908103374161865,0.052988652156931805,0.02328503964374706,0.029703612513184732,0.7155863614418001,0.095454545454545459
zone10,R01,ordinary,NO_BACKOFF_EXACT,1.7818393778535906,1.5605093385754791,0.22133003927811132,0.60605417594767763,0.43779495669170615,0.16881516917493433,0.20062164082432651,0.053433902463303991,0.022433006422518224,0.03100089604078575,0.71441195908535882,0.05909090909090909
zone10,R01,ordinary,NO_G,1.7687615298366159,1.5441737084752467,0.22458782136136926,0.60016208858600029,0.43320629655119131,0.17775561580569699,0.170591721688023,0.051258491685878572,0.023945691993782423,0.027312799692096143,0.71405378556611965,0.14999999999999999
zone10,R01,ordinary,NO_RWG,1.7566982288640243,1.5311800064272316,0.22551822243679262,0.59666721855081806,0.42955638024556908,0.24582164847210194,0.14380855909708071,0.055759980450995582,0.032991383876446345,0.022768596574549219,0.71651940729831265,0.15454545454545454
zone10,R01,ordinary,NO_SCREEN,1.7560651749056888,1.5280674826456091,0.22799769226007968,0.59513486864634602,0.42868207581252898,0.24680796672802563,0.13598186510805063,0.055385371945596742,0.0338758854265419,0.021509486519054828,0.71686348508718589,0.18636363636363637
zone10,R01,ordinary,OUTCOME_ORACLE,1.7035350704259142,1.4650469656457661,0.23848810478014801,0.57253362599262836,0.41097968339684271,0.33656826999066397,0.071683913717749584,0.058729477985289817,0.046106193879019666,0.012623284106270137,0.70975326694534169,0.34545454545454546
zone10,R01,ordinary,STATE_ORACLE,1.7341947228747758,1.5011892218925058,0.23300550098226983,0.58662990930643499,0.42113200256727529,0.27801622850747615,0.10477045409604507,0.055527741169128821,0.037950616518357579,0.017577124650771225,0.71993201809803253,0.24090909090909091
zone10,R01,ordinary,WIDTH_ONLY,1.7035350704259142,1.4608320855737138,0.24270298485220043,0.57237083987485549,0.40979572832042349,0.33815455249565091,0.07163666967583654,0.058859485351391384,0.046248222899205958,0.012611262452185416,0.72806631524550847,0.34999999999999998
zone10,R01,ordinary,WIDTH_SAME_SCREEN,1.7258681262494804,1.4889476652281852,0.23692046102129535,0.5816555781881726,0.41769336305482568,0.23613686327582295,0.12034159551320071,0.052146996724421635,0.031951112313072662,0.020195884411348956,0.7248105048286001,0.25
zone10,R01,overall,CLARA,1.886339986815269,1.6533260837710297,0.23301390304423961,0.59206114385415598,0.46358105000592653,0.17920511687343188,0.18072169331186341,0.052631554425003307,0.024166221739286529,0.028465332685716764,0.74734006921799734,0.086363636363636365
zone10,R01,overall,FEASIBLE_STATE_ORACLE,1.8747609433932622,1.6391822183982889,0.23557872499497359,0.58819113271478085,0.45960805411470745,0.1912253128039075,0.16006187974714886,0.051606753982712604,0.02559501508813217,0.026011738894580406,0.74916773171269735,0.12272727272727273
zone10,R01,overall,FIX_REFERENCE_PRICE,2.0200664086543725,1.8343605457136769,0.18570586294069577,0.65951524360870228,0.51443342695610805,0.068791671441848667,0.51735965007260309,0.086934010069761217,0.0072855667926820331,0.079648443277079164,0.74407676197536765,0
zone10,R01,overall,GLOBAL_SCORE_SAME_SCREEN,1.8806897158235671,1.6467941644099924,0.23389555141357482,0.59079227740046591,0.46174624119664653,0.18341919078447957,0.17608382742745857,0.052618029806208534,0.024815511846469195,0.027802517959739318,0.74741217079849454,0.095454545454545459
zone10,R01,overall,NO_BACKOFF_EXACT,1.8882441947565431,1.6558605741249333,0.23238362063161042,0.5929363366421333,0.46429298549859621,0.17822538976834973,0.18680523395433765,0.053094568334732278,0.023976110580745971,0.029118457753986283,0.747740326952821,0.068181818181818177
zone10,R01,overall,NO_G,1.8738568494463455,1.6384007217798915,0.23545612766645446,0.58737836481749572,0.45938853259268542,0.18918465944415389,0.15553921142945587,0.051067554973729487,0.025684728737808155,0.025382826235921301,0.74636928877813447,0.15454545454545454
zone10,R01,overall,NO_RWG,1.8413019951059399,1.5967294278778694,0.24457256722807025,0.57380769575917412,0.44768311295728647,0.25790847568646952,0.12755710226219039,0.05552268594186726,0.034825200996846391,0.020697484945020828,0.75266231855268473,0.34545454545454546
zone10,R01,overall,NO_SCREEN,1.837637100175834,1.5903687250107035,0.24726837516513234,0.57187060623601027,0.44589639866875558,0.25929166296688688,0.12171380544510406,0.05560074448472873,0.035897099518961986,0.019703644965766695,0.75320622607385102,0.35454545454545455
zone10,R01,overall,OUTCOME_ORACLE,1.7893991690321656,1.5310239634767091,0.25837520555545612,0.5509912885632291,0.42922652183336513,0.34845205321918404,0.062484512697976696,0.05987892480140046,0.048399119987900224,0.011479804813500206,0.74717433546731893,0.61818181818181817
zone10,R01,overall,STATE_ORACLE,1.8189093602154316,1.5665780486860748,0.25233131152935734,0.56420443408698151,0.43921362442026507,0.29027349892701915,0.092934270564869165,0.056000612225116625,0.039964583965187053,0.016036028259929534,0.75620886613519911,0.48636363636363639
zone10,R01,overall,WIDTH_ONLY,1.7893991690321656,1.5275310720100301,0.26186809702213498,0.55083555467788092,0.42824537254497214,0.34997559725409277,0.062451601591322341,0.060019598860218938,0.048550233084624653,0.011469365775594251,0.76447596839165066,0.61818181818181817
zone10,R01,overall,WIDTH_SAME_SCREEN,1.8405982478221365,1.594033050795499,0.24656519702663682,0.57278944707851109,0.44692570366448597,0.24861481262533114,0.11014575829207976,0.052848072916966631,0.033892583105935119,0.018955489811031491,0.75721184356863591,0.32727272727272727
zone10,R01,ramp,CLARA,1.9971319114674109,1.7516570126693725,0.24547489879803883,0.58312589896181144,0.49096120424396883,0.18346304298433233,0.1740456791675104,0.052508509877770289,0.024880096120671172,0.02762841375709911,0.7892574499521664,0.21363636363636362
zone10,R01,ramp,FEASIBLE_STATE_ORACLE,1.9907881278404422,1.7435939989644222,0.24719412887602027,0.58125580815256195,0.48869631275381442,0.1955932745536022,0.15404231838023383,0.051561521648540047,0.026303337125789975,0.025258184522750075,0.7907053335549622,0.23181818181818181
zone10,R01,ramp,FIX_REFERENCE_PRICE,2.145013878633192,1.9510400726200912,0.19397380601310038,0.64855068046549247,0.54696768175821564,0.07067403231584328,0.51229747169749973,0.086015584243287563,0.0075588809256932456,0.078456703317594301,0.78339554056753424,0.0090909090909090905
zone10,R01,ramp,GLOBAL_SCORE_SAME_SCREEN,1.9958694188384212,1.750016144907764,0.24585327393065756,0.58314790908762204,0.49050028633340459,0.18719951896785345,0.1695957062172436,0.052486587183441839,0.025497367777775889,0.026989219405665944,0.7891541749056008,0.22272727272727272
zone10,R01,ramp,NO_BACKOFF_EXACT,1.9963905848448356,1.7506774200802591,0.24571316476457666,0.58266190588290778,0.49068603778635289,0.18187437617391672,0.18065531285021283,0.052967975844499485,0.024650332568798342,0.028317643275701129,0.79074964064008246,0.22272727272727272
zone10,R01,ramp,NO_G,1.98361217452655,1.7358185256450422,0.24779364888150851,0.57880397777658177,0.48651219103488702,0.1936565516513381,0.14878201628264878,0.050993392818524406,0.026440796198741012,0.024552596619783394,0.78828021912194091,0.22727272727272727
zone10,R01,ramp,NO_RWG,1.9247086329340961,1.6586325817751153,0.26607605115898098,0.55254606196629352,0.4648307461276045,0.2628413190783559,0.12118024887614036,0.055580378074982249,0.035684940141953343,0.019895437933028913,0.80057815917278274,0.49545454545454548
zone10,R01,ramp,NO_SCREEN,1.9197926667320979,1.6512618084691406,0.26853085826295825,0.55067654510858244,0.46276030418772324,0.26454006021328413,0.11583070677386628,0.055799234947453064,0.0368198633724044,0.018979371575048667,0.80076636619096486,0.55454545454545456
zone10,R01,ramp,OUTCOME_ORACLE,1.8732065824130681,1.5930552508194706,0.28015133159359756,0.5302980535572771,0.44641014754455843,0.35333720127426255,0.058320222616961841,0.060413567867002665,0.049432779979195138,0.010980787887807509,0.79446321844164192,0.77727272727272723
zone10,R01,ramp,STATE_ORACLE,1.9023716650867344,1.6284279721547816,0.27394369293195348,0.5431113392643937,0.456346305223016,0.29528543506927113,0.087919245367070048,0.056297636125878694,0.040894955801631869,0.015402680324246833,0.80438063085518929,0.6863636363636364
zone10,R01,ramp,WIDTH_ONLY,1.8732065824130681,1.5897102371660787,0.28349634524698947,0.53013580501033297,0.4454705369677629,0.35482693210952876,0.058291545951817875,0.060556857593623892,0.049586079276691425,0.010970778316932458,0.81276485797584985,0.78636363636363638
zone10,R01,ramp,WIDTH_SAME_SCREEN,1.9550939690108629,1.6963816713352231,0.2587122976756398,0.56581419178666681,0.47543442297033184,0.25342419325301541,0.10523084815455085,0.053098012339620568,0.034721914238306832,0.018376098101313743,0.79910278110546762,0.41818181818181815
zone10,R02,ordinary,CLARA,2.0082779008827392,1.569720283176272,0.4385576177064674,0.60912600040042442,0.4403823006806929,0.14580827769527915,0.2161505401993041,0.052757581519737438,0.019253765649957604,0.033503815869779824,0.7128188015251089,0.050000000000000003
zone10,R02,ordinary,FEASIBLE_STATE_ORACLE,1.9918374746858802,1.5510786149540492,0.44075885973183115,0.6029071150900418,0.43514587702276503,0.15440292683108994,0.19563325747708052,0.051134989635811735,0.020324853924198812,0.030810135711612917,0.71197721764169619,0.077272727272727271
zone10,R02,ordinary,FIX_REFERENCE_PRICE,2.0654545098628403,1.6979104797843119,0.36754403007852843,0.66699368476472143,0.47639078287396253,0.064897693980154825,0.52701022624339655,0.088623833440110059,0.006736794666745172,0.081887038773364881,0.71001055508414279,0.0090909090909090905
zone10,R02,ordinary,GLOBAL_SCORE_SAME_SCREEN,1.9989341324962071,1.5562482112628877,0.44268592123331951,0.60577473514756641,0.4365980108173827,0.15162492305144096,0.20949492508845621,0.052546578186839582,0.020088138733702292,0.032458439453137283,0.71363184167362603,0.045454545454545456
zone10,R02,ordinary,NO_BACKOFF_EXACT,2.0118095737932888,1.5768348146670581,0.43497475912623085,0.61146863717280453,0.44238076458259906,0.14467669602439687,0.22435647676502263,0.053511563052197168,0.018954265534254697,0.03455729751794246,0.71269004897087052,0.040909090909090909
zone10,R02,ordinary,NO_G,1.9951373353728461,1.5471400380892957,0.44799729728355064,0.60144414011470348,0.43403953520682309,0.15926802642934249,0.18454092360491947,0.050646143794230061,0.021407560864370925,0.029238582929859119,0.71429218060491995,0.13181818181818181
zone10,R02,ordinary,NO_RWG,1.985117607225418,1.53670864542401,0.44840896180140843,0.59849686166636584,0.43110936872781019,0.23614550626987058,0.14812490359496427,0.055007726884606839,0.031582623783727004,0.023425103100879828,0.71595391835929978,0.14999999999999999
zone10,R02,ordinary,NO_SCREEN,1.9846799112101881,1.5302680816543672,0.45441182955582071,0.59580218270576035,0.42930022160150605,0.24394975056487267,0.137435504957407,0.055274893200138571,0.033527310348434217,0.021747582851704344,0.7166379492046604,0.18181818181818182
zone10,R02,ordinary,OUTCOME_ORACLE,1.9158511059547012,1.5503807248463752,0.36547038110832614,0.59354632763798965,0.43494984047566543,0.21164901197241792,0.098186619792649546,0.046403712269609966,0.02931698820046361,0.017086724069146346,0.63123014126454347,0.10909090909090909
zone10,R02,ordinary,STATE_ORACLE,1.9658844725043378,1.5074973080687251,0.45838716443561278,0.58824459581677579,0.42290393688643801,0.27462699790487949,0.10610160452524732,0.055152890412757359,0.037429102854481033,0.017723787558276312,0.71593881286641481,0.23636363636363636
zone10,R02,ordinary,WIDTH_ONLY,1.9462380552781144,1.4608320855737138,0.48540596970440086,0.57237083987485549,0.40979572832042349,0.33815455249565091,0.07163666967583654,0.058859485351391384,0.046248222899205958,0.012611262452185416,0.72806631524550847,0.34999999999999998
zone10,R02,ordinary,WIDTH_SAME_SCREEN,1.9689905355940402,1.4990417663011786,0.46994876929286167,0.58481672256694395,0.42052878470454291,0.21331574056407812,0.13482303145084781,0.050893574488689038,0.028610239700135744,0.022283334788553277,0.72285074049354603,0.21363636363636362
zone10,R02,overall,CLARA,2.1309676312443768,1.6742709802315623,0.45669665101281454,0.59840394751275805,0.46946444788809871,0.15584343714381232,0.20135258438914919,0.052210460392339474,0.020710423162555967,0.031500037229783499,0.74495583268462129,0.045454545454545456
zone10,R02,overall,FEASIBLE_STATE_ORACLE,2.1209716225474065,1.6612164008897963,0.45975522165760963,0.59485969364682001,0.46579743121906364,0.16464481183260224,0.18193247305292823,0.050782448138578622,0.021760949891708806,0.029021498246869795,0.74523140725645076,0.077272727272727271
zone10,R02,overall,FIX_REFERENCE_PRICE,2.2057722715950683,1.8343605457136769,0.37141172588139154,0.65951524360870228,0.51443342695610805,0.068791671441848667,0.51735965007260309,0.086934010069761217,0.0072855667926820331,0.079648443277079164,0.74407676197536765,0
zone10,R02,overall,GLOBAL_SCORE_SAME_SCREEN,2.1254594816313075,1.6660853658177002,0.45937411581360665,0.59662614057308727,0.46716511799656468,0.16126030540189407,0.19488390099484781,0.052017269206951482,0.02151808487457638,0.030499184332375071,0.74514893374538516,0.05909090909090909
zone10,R02,overall,NO_BACKOFF_EXACT,2.1331803731575159,1.6792772209975557,0.45390315215996008,0.59990645845141199,0.47087069529427661,0.15344226088797144,0.20988036765759652,0.052832758014130871,0.020288646712547542,0.032544111301583321,0.74500604703481477,0.036363636363636362
zone10,R02,overall,NO_G,2.1170399214353233,1.652496228617778,0.46454369281754521,0.5918975347028772,0.46334794462579992,0.17029980131831643,0.16953233270356574,0.050317732040973395,0.022992508858903093,0.027325223182070275,0.74440266820522061,0.095454545454545459
zone10,R02,overall,NO_RWG,2.0888618210840657,1.6022460869571782,0.48661573412688669,0.57556381786936528,0.4492327362941711,0.2500578523877458,0.13158240577606753,0.054891971686952694,0.033580468214804558,0.021311503472148104,0.75215634526900177,0.31363636363636366
zone10,R02,overall,NO_SCREEN,2.0861123030313995,1.5930862033056357,0.493026099725765,0.57254505110301246,0.44665973526845582,0.25608030363870371,0.12314847828203539,0.055424002632036548,0.035471426300383316,0.019952576331653187,0.752964549847848,0.34999999999999998
zone10,R02,overall,OUTCOME_ORACLE,2.0235784457860326,1.6278555901379874,0.39572285564804482,0.57240152114710663,0.45642641696293762,0.22262135808404038,0.087424505073514944,0.046510515407222189,0.030753300121429288,0.015757215285792877,0.66591185422329768,0.29090909090909089
zone10,R02,overall,STATE_ORACLE,2.0707827377028272,1.5689993342295165,0.50178340347331096,0.56488567913610854,0.43989376080887227,0.28678322327365907,0.094086340775227276,0.055592338913640502,0.039402622292859839,0.016189716620780621,0.75463825147264307,0.48181818181818181
zone10,R02,overall,WIDTH_ONLY,2.0512672660543005,1.5275310720100301,0.52373619404426996,0.55083555467788092,0.42824537254497214,0.34997559725409277,0.062451601591322341,0.060019598860218938,0.048550233084624653,0.011469365775594251,0.76447596839165066,0.61818181818181817
zone10,R02,overall,WIDTH_SAME_SCREEN,2.0972354347894564,1.6117155497341793,0.48551988505527627,0.57816334112400103,0.45189269774838486,0.22576399517148601,0.12428998463075576,0.051504617247351635,0.030485708608428971,0.021018908638922629,0.75465147297146185,0.23181818181818181
zone10,R02,ramp,CLARA,2.2572765340800713,1.7782268843589508,0.47904964972112019,0.59096522411361618,0.49842465134778297,0.16018720822563495,0.19473453075828975,0.051998584655593837,0.021354830280415914,0.030643754375177908,0.78590570336633281,0.13181818181818181
zone10,R02,ramp,FEASIBLE_STATE_ORACLE,2.2513408466153648,1.769613872558329,0.48172697405703524,0.58920297467576144,0.49600526601053002,0.16886833442170612,0.17574662143075698,0.050646107802682631,0.022396153232493003,0.028249954570189612,0.78647995383524538,0.14999999999999999
zone10,R02,ramp,FIX_REFERENCE_PRICE,2.3389876846462929,1.9510400726200912,0.38794761202620076,0.64855068046549247,0.54696768175821564,0.07067403231584328,0.51229747169749973,0.086015584243287563,0.0075588809256932456,0.078456703317594301,0.78339554056753424,0.0090909090909090905
zone10,R02,ramp,GLOBAL_SCORE_SAME_SCREEN,2.2550670128859749,1.7743393131190177,0.48072769976695695,0.59046048153191222,0.49733263695454338,0.16531778029437397,0.18839092931038093,0.051818230903877077,0.022151450401906081,0.029666780501970989,0.78616416337378803,0.14999999999999999
zone10,R02,ramp,NO_BACKOFF_EXACT,2.2572425442325645,1.7790819515028637,0.47816059272970007,0.59082964400292748,0.49866483874775869,0.15707850008260027,0.20369593558368632,0.052590214336664026,0.020886985126830175,0.031703229209833823,0.78692643545499175,0.14999999999999999
zone10,R02,ramp,NO_G,2.2429467548268045,1.7567626111493131,0.48618414367749091,0.58538538332507029,0.4923953611203567,0.17487130849857099,0.16275365443367193,0.05018137650971622,0.023683792378878393,0.026497584130837817,0.78476293970494682,0.16363636363636364
zone10,R02,ramp,NO_RWG,2.1937685200785308,1.6642008862903324,0.52956763378819727,0.55425366859701786,0.46639487660940709,0.25558080641393677,0.12508964589890564,0.054984502046145203,0.034493707549704676,0.020490794496440534,0.80004840767576946,0.4681818181818182
zone10,R02,ramp,NO_SCREEN,2.1897614577143325,1.6541668642089544,0.5355945935053783,0.55126989811502625,0.46357633108092949,0.26129095590352797,0.11731979813982166,0.055607033463343621,0.036375087196229908,0.019231946267113702,0.80044223590149954,0.55454545454545456
zone10,R02,ramp,OUTCOME_ORACLE,2.1291721956417686,1.6992621741982517,0.42991002144351681,0.55199317726436981,0.47624355298803644,0.22783397891795396,0.082581663927772955,0.046692402911697628,0.031507418021551985,0.015184984890145619,0.70381652681614759,0.48181818181818181
zone10,R02,ramp,STATE_ORACLE,2.1761369652891043,1.6296011107824611,0.54653585450664333,0.54349718510030742,0.45667583854539784,0.29177042346262827,0.089004526060356318,0.055878155019672721,0.040317656666565768,0.015560498353106951,0.80358186328370818,0.67272727272727273
zone10,R02,ramp,WIDTH_ONLY,2.1567029276600582,1.5897102371660787,0.56699269049397893,0.53013580501033297,0.4454705369677629,0.35482693210952876,0.058291545951817875,0.060556857593623892,0.049586079276691425,0.010970778316932458,0.81276485797584985,0.78636363636363638
zone10,R02,ramp,WIDTH_SAME_SCREEN,2.2266931729877419,1.7193422123288713,0.50735096065887009,0.57273626088693919,0.48188401313708701,0.23061207217093468,0.11927096859738655,0.051709109447716062,0.031275908363178603,0.020433201084537455,0.79572516930932724,0.34999999999999998
zone10,R05P6179775281,ordinary,CLARA,2.730337530566695,1.6979104797843119,1.0324270507823832,0.66699368476472143,0.47639078287396253,0.064897693980154825,0.52701022624339655,0.088623833440110059,0.006736794666745172,0.081887038773364881,0.71001055508414279,0.0090909090909090905
zone10,R05P6179775281,ordinary,FEASIBLE_STATE_ORACLE,2.6954561043955567,1.7044134659955874,0.99104263839996931,0.67199337758000732,0.47821746439398377,0.063987374647170858,0.52421918116146926,0.090035014033165384,0.0066248322185113537,0.083410181814654039,0.70475182577473594,0.013636363636363636
zone10,R05P6179775281,ordinary,FIX_REFERENCE_PRICE,2.730337530566695,1.6979104797843119,1.0324270507823832,0.66699368476472143,0.47639078287396253,0.064897693980154825,0.52701022624339655,0.088623833440110059,0.006736794666745172,0.081887038773364881,0.71001055508414279,0.0090909090909090905
zone10,R05P6179775281,ordinary,GLOBAL_SCORE_SAME_SCREEN,2.7622382804200298,1.6878966491740022,1.0743416312460279,0.64308461693168706,0.47357790910702152,0.05502906494842099,0.39176253054981003,0.060808257272925124,0.0068220451623972195,0.053986212110527898,0.69650740797747768,0.0090909090909090905
zone10,R05P6179775281,ordinary,NO_BACKOFF_EXACT,2.7355100231990264,1.698889422772373,1.0366206004266529,0.6664553706603511,0.47666576685937301,0.065835058622183279,0.51627251993692902,0.087199955753717556,0.0070145887505897063,0.080185367003127839,0.7120824547721083,0.013636363636363636
zone10,R05P6179775281,ordinary,NO_G,2.7225478413638422,1.6775002336488052,1.0450476077150375,0.66211127564935057,0.47065756766735956,0.07909515022235214,0.50992868852664852,0.088977387095772367,0.0085758739920091601,0.080401513103763186,0.71281607284549875,0.054545454545454543
zone10,R05P6179775281,ordinary,NO_RWG,2.7102346217227131,1.6837543693471591,1.0264802523755543,0.66505752521273576,0.47241434735790833,0.12152880178003658,0.47946682172108473,0.090320152759814518,0.013564227628093013,0.076755925131721497,0.71767792613723824,0.05909090909090909
zone10,R05P6179775281,ordinary,NO_SCREEN,2.7228252674578539,1.6734003319895545,1.0494249354683001,0.66067485169608664,0.46950590989790691,0.10999917506663863,0.49859822829455752,0.090174897295309475,0.012196792541123495,0.077978104754185956,0.71784659179475507,0.077272727272727271
zone10,R05P6179775281,ordinary,OUTCOME_ORACLE,2.4431153994847969,1.6388625854587393,0.80425281402605753,0.68884511128398285,0.45980429570385767,0.013582792854710349,0.62256338375924891,0.092143330401420712,0.0014971331606580566,0.090646197240762658,0.61256934274472674,0
zone10,R05P6179775281,ordinary,STATE_ORACLE,2.680490576850342,1.6760515082030449,1.0044390686472973,0.66505566893120971,0.47025062231742665,0.1230135788705915,0.48482189194286374,0.091199104760588526,0.013249224704264356,0.077949880056324167,0.70651994064084012,0.068181818181818177
zone10,R05P6179775281,ordinary,WIDTH_ONLY,2.8243320004737162,1.4608320855737138,1.3634999149000024,0.57237083987485549,0.40979572832042349,0.33815455249565091,0.07163666967583654,0.058859485351391384,0.046248222899205958,0.012611262452185416,0.72806631524550847,0.34999999999999998
zone10,R05P6179775281,ordinary,WIDTH_SAME_SCREEN,2.8166654802842661,1.5182355641808158,1.29842991610345,0.59113975297821941,0.42592030096286804,0.1647981696157074,0.15967218909239292,0.048040530667263347,0.022201909803163961,0.025838620864099368,0.71494486579563699,0.15909090909090909
zone10,R05P6179775281,overall,CLARA,2.8776519105490448,1.8343605457136769,1.0432913648353692,0.65951524360870228,0.51443342695610805,0.068791671441848667,0.51735965007260309,0.086934010069761217,0.0072855667926820331,0.079648443277079164,0.74407676197536765,0
zone10,R05P6179775281,overall,FEASIBLE_STATE_ORACLE,2.8529803425503313,1.8337995547141517,1.0191807878361807,0.66116782436698129,0.51427584521466896,0.067026225199507586,0.51316552986588149,0.088127745433785598,0.0070546238299646217,0.081073121603820991,0.73899288875592117,0
zone10,R05P6179775281,overall,FIX_REFERENCE_PRICE,2.8776519105490448,1.8343605457136769,1.0432913648353692,0.65951524360870228,0.51443342695610805,0.068791671441848667,0.51735965007260309,0.086934010069761217,0.0072855667926820331,0.079648443277079164,0.74407676197536765,0
zone10,R05P6179775281,overall,GLOBAL_SCORE_SAME_SCREEN,2.9147850000698146,1.7916344052299324,1.1231505948398823,0.6316800972185268,0.50243170210112442,0.059301433625754019,0.37548098207441188,0.059126625101145087,0.0074400410022583937,0.051686584098886663,0.72931155812616522,0
zone10,R05P6179775281,overall,NO_BACKOFF_EXACT,2.8819819421679611,1.8293991220183472,1.0525828201496152,0.65756722704226322,0.51303976861472345,0.069468092340422977,0.50544988264593949,0.085386289899394577,0.007517046608095085,0.077869243291299448,0.74425580981015782,0.0045454545454545452
zone10,R05P6179775281,overall,NO_G,2.8669621214677941,1.8201538455781463,1.046808275889648,0.65609019751365116,0.51044278085062256,0.083229758719905594,0.49910742876837344,0.087196386869611425,0.0091640754883029196,0.078032311381308492,0.74342365061939497,0.0090909090909090905
zone10,R05P6179775281,overall,NO_RWG,2.853447427443649,1.7831728489555498,1.0702745784880998,0.64735637332922458,0.50005486045101744,0.12707121002542091,0.46657849435512116,0.088700086166685788,0.014380414674471475,0.074319671492214315,0.75380067757682701,0.095454545454545459
zone10,R05P6179775281,overall,NO_SCREEN,2.8641277132277354,1.7964666557860638,1.0676610574416732,0.65033720212948298,0.50378907585284627,0.11365907038228115,0.48849552291120846,0.088656966156907824,0.012858230228490104,0.075798735928417654,0.75369090409694373,0.06363636363636363
zone10,R05P6179775281,overall,OUTCOME_ORACLE,2.5687758790172768,1.740138176503355,0.82863770251392244,0.67368371398825855,0.48796646931276,0.013945819748172465,0.61501833540605566,0.090031663616626512,0.0015663315627039666,0.088465332053922513,0.64285461137628852,0
zone10,R05P6179775281,overall,STATE_ORACLE,2.8298984140880732,1.7841601246551337,1.0457382894329403,0.64912216195010741,0.50033218508573163,0.12650809789064174,0.47352989952194657,0.08938155332113272,0.013840816476962376,0.075540736844170328,0.7474173293103461,0.1409090909090909
zone10,R05P6179775281,overall,WIDTH_ONLY,2.9987001564040461,1.5275310720100301,1.4711690843940168,0.55083555467788092,0.42824537254497214,0.34997559725409277,0.062451601591322341,0.060019598860218938,0.048550233084624653,0.011469365775594251,0.76447596839165066,0.61818181818181817
zone10,R05P6179775281,overall,WIDTH_SAME_SCREEN,2.9714099508129306,1.6466830891233155,1.3247268616896153,0.58807877300239431,0.46171504027342297,0.17704695992062014,0.14867016060467264,0.048398512371388883,0.023895508166167836,0.024503004205221023,0.74673675957538033,0.11818181818181818
zone10,R05P6179775281,ramp,CLARA,3.0407805558397585,1.9510400726200912,1.0897404832196651,0.64855068046549247,0.54696768175821564,0.07067403231584328,0.51229747169749973,0.086015584243287563,0.0075588809256932456,0.078456703317594301,0.78339554056753424,0.0090909090909090905
zone10,R05P6179775281,ramp,FEASIBLE_STATE_ORACLE,3.0202383015379395,1.9503207524916497,1.0699175490462882,0.64942724223251935,0.54676562554236163,0.068497296474385058,0.50780801030373135,0.087167683873327823,0.007269715671367403,0.079897968201960406,0.77770736804654073,0.0090909090909090905
zone10,R05P6179775281,ramp,FIX_REFERENCE_PRICE,3.0407805558397585,1.9510400726200912,1.0897404832196651,0.64855068046549247,0.54696768175821564,0.07067403231584328,0.51229747169749973,0.086015584243287563,0.0075588809256932456,0.078456703317594301,0.78339554056753424,0.0090909090909090905
zone10,R05P6179775281,ramp,GLOBAL_SCORE_SAME_SCREEN,3.0786592727855928,1.8871813648917657,1.1914779078938262,0.61964391569704591,0.52902984250868634,0.061261695171479669,0.36740040156768894,0.058345951866851764,0.0077120603971251372,0.050633891469726626,0.76720734298294857,0.0090909090909090905
zone10,R05P6179775281,ramp,NO_BACKOFF_EXACT,3.0449034165049693,1.9397631783477391,1.1051402381572279,0.64490161891064146,0.54380001482777973,0.071154053000511308,0.49955264474433381,0.084401403340984005,0.0077726323629813496,0.07662877097800265,0.78351346365340047,0.022727272727272728
zone10,R05P6179775281,ramp,NO_G,3.029279368302837,1.9424413443540181,1.0868380239488173,0.6466451513688759,0.54455230864976834,0.085120533889305836,0.49366466788693453,0.086234490745557016,0.0094435487997617598,0.076790941945795249,0.78148717976423432,0.0090909090909090905
zone10,R05P6179775281,ramp,NO_RWG,3.0119810674877026,1.8655770405950816,1.1464040268926201,0.62634667419745815,0.5229612120882694,0.12892515953185688,0.46031886940007416,0.087791841617841732,0.014743840540171733,0.073048001077669997,0.80007486104119308,0.17272727272727273
zone10,R05P6179775281,ramp,NO_SCREEN,3.022162384779866,1.900543862108073,1.121618522671791,0.63684202117528566,0.53278335296270496,0.11467507433817944,0.48349613487301774,0.087815078718140691,0.013171978508464962,0.074643100209675725,0.79835665421275148,0.14545454545454545
zone10,R05P6179775281,ramp,OUTCOME_ORACLE,2.7096584668509851,1.8282309217969579,0.88142754505402632,0.65658769490944513,0.51247072927980786,0.014315734530089382,0.61072139809949566,0.08890480902328593,0.0016249350986766687,0.087279873924609258,0.67597178817752901,0.027272727272727271
zone10,R05P6179775281,ramp,STATE_ORACLE,2.9884174297657844,1.880999711689471,1.1074177180763121,0.63305473666459755,0.52729342306983962,0.12761285716789286,0.4682372443676629,0.08843990888960708,0.014116568947673222,0.074323339941933839,0.79363071456525169,0.21363636363636362
zone10,R05P6179775281,ramp,WIDTH_ONLY,3.1823863340592786,1.5897102371660787,1.5926760968931994,0.53013580501033297,0.4454705369677629,0.35482693210952876,0.058291545951817875,0.060556857593623892,0.049586079276691425,0.010970778316932458,0.81276485797584985,0.78636363636363638
zone10,R05P6179775281,ramp,WIDTH_SAME_SCREEN,3.1399088769036507,1.7639413548945651,1.3759675220090846,0.58469743665657203,0.49441186217239408,0.18207237463135509,0.1433471403412459,0.048510746232252336,0.024624012614230653,0.023886733618021672,0.78556427531981554,0.17727272727272728
zone10,R10,ordinary,CLARA,3.5111361321491854,1.7390650365760127,1.7720710955731727,0.68094843983221309,0.48795105163567637,0.051086459375057847,0.58809984338845245,0.09785939805903951,0.0046532364144889569,0.093206161644550534,0.7117660328895119,0.0045454545454545452
zone10,R10,ordinary,FEASIBLE_STATE_ORACLE,3.4506042977474434,1.7581365914954581,1.6924677062519855,0.68951915580139356,0.49330822998383522,0.041926851492793141,0.61674346718959772,0.10249424047521223,0.0034972188255344631,0.098997021649677761,0.70564028653672262,0
zone10,R10,ordinary,FIX_REFERENCE_PRICE,3.5356306301769544,1.6979104797843119,1.8377201503926421,0.66699368476472143,0.47639078287396253,0.064897693980154825,0.52701022624339655,0.088623833440110059,0.006736794666745172,0.081887038773364881,0.71001055508414279,0.0090909090909090905
zone10,R10,ordinary,GLOBAL_SCORE_SAME_SCREEN,3.5200552617094276,1.8463310833477558,1.6737241783616719,0.70190070138971916,0.51808196365021153,0.011796447507247646,0.68426317245814972,0.10966474817861971,0.00093464615481602287,0.10873010202380369,0.71037323192084512,0
zone10,R10,ordinary,NO_BACKOFF_EXACT,3.5213804244250251,1.740684271339437,1.7806961530855885,0.68014689103758852,0.48840589286135744,0.050464457283661023,0.5769104346957824,0.095872160380340923,0.0046801310202528937,0.091192029360088009,0.7133554275082904,0.0090909090909090905
zone10,R10,ordinary,NO_G,3.5058271501497158,1.7306524062511917,1.7751747438985241,0.68013819610130255,0.48558795322982773,0.052927806786642335,0.59561952040307919,0.10021842387816901,0.0048714127064417882,0.095347011171727225,0.71274828881231056,0.036363636363636362
zone10,R10,ordinary,NO_RWG,3.4861019223583019,1.7413814447121123,1.7447204776461895,0.68395478428985979,0.48860172807840097,0.087834144996012914,0.57522005922531971,0.10275769096580067,0.0084280051047270071,0.094329685861073653,0.72005684392417368,0.027272727272727271
zone10,R10,ordinary,NO_SCREEN,3.5130002419275121,1.7215492157467696,1.7914510261807424,0.67682810692320916,0.48303087724543942,0.071225782264651455,0.57313671629271967,0.098125023105652784,0.0068964854881702359,0.091228537617482536,0.71790090695348074,0.036363636363636362
zone10,R10,ordinary,OUTCOME_ORACLE,3.0678270816284892,1.6456001781800413,1.4222269034484474,0.71282983925628052,0.46169687792894248,0.0071692214664125205,0.72158290855820784,0.11600774229531993,0.00069936122192892621,0.11530838107339099,0.61293905351337641,0
zone10,R10,ordinary,STATE_ORACLE,3.4374089155808614,1.7433753263495699,1.694033589231291,0.68728991477733314,0.48916180719004632,0.069900078296978141,0.59880940223045298,0.10263654761017534,0.0059077100935578525,0.096728837516617469,0.70357615708599963,0.018181818181818181
zone10,R10,ordinary,WIDTH_ONLY,3.8878619340957186,1.4608320855737138,2.4270298485220043,0.57237083987485549,0.40979572832042349,0.33815455249565091,0.07163666967583654,0.058859485351391384,0.046248222899205958,0.012611262452185416,0.72806631524550847,0.34999999999999998
zone10,R10,ordinary,WIDTH_SAME_SCREEN,3.8176040311729724,1.5288595292270524,2.2887445019459194,0.59459508448949749,0.42890456080731654,0.14732015282194938,0.17011031551182393,0.047099721591011716,0.019755313803282739,0.02734440778772897,0.71291671016293945,0.14545454545454545
zone10,R10,overall,CLARA,3.6690947863576175,1.8765671416850485,1.7925276446725715,0.673139631642241,0.52628921234132486,0.053543316983805857,0.57950977512033774,0.096064400812210432,0.0050007919099735983,0.091063608902236817,0.74397916152348442,0
zone10,R10,overall,FEASIBLE_STATE_ORACLE,3.6275139276154804,1.8921343205004753,1.7353796071150078,0.68019284930089785,0.53066201537936597,0.043678811434396447,0.60954128311804889,0.10060429970483505,0.0036841292767820139,0.096920170428053037,0.73857844094118008,0
zone10,R10,overall,FIX_REFERENCE_PRICE,3.6914191751206316,1.8343605457136769,1.8570586294069573,0.65951524360870228,0.51443342695610805,0.068791671441848667,0.51735965007260309,0.086934010069761217,0.0072855667926820331,0.079648443277079164,0.74407676197536765,0
zone10,R10,overall,GLOBAL_SCORE_SAME_SCREEN,3.6770560156981933,1.9635833820799558,1.713472633618244,0.69259285800060855,0.55073197649719541,0.011959944528113458,0.67959619717257802,0.10786600025475158,0.00097897141363712447,0.10688702884111446,0.74354821433858143,0
zone10,R10,overall,NO_BACKOFF_EXACT,3.6802421971528236,1.8719579953244572,1.80828420182837,0.67104735163807527,0.52499450830745076,0.052995050004428966,0.56745035558850709,0.093974181960804884,0.0050190403721484473,0.088955141588656417,0.74389942739204218,0
zone10,R10,overall,NO_G,3.6600321742346829,1.8787046074207598,1.781327566813925,0.67510666449023971,0.52688962406483975,0.054899473468747517,0.58652453750201772,0.098334069969510385,0.0051139926518360265,0.093220077317674357,0.74375328568954557,0
zone10,R10,overall,NO_RWG,3.6502354175821803,1.8527319644770142,1.797503453105169,0.67053791694131359,0.51959393784468688,0.09091120729893748,0.56698967081954788,0.1010235146452681,0.0088358525433053295,0.092187662101962747,0.75537095975799562,0.05909090909090909
zone10,R10,overall,NO_SCREEN,3.6681023148863243,1.8571939682286716,1.810908346657655,0.66902556832945526,0.52084730968503956,0.073744646193448629,0.56436423485726617,0.096310025183708348,0.0072358141897903554,0.089074210993917949,0.75081202945659686,0.013636363636363636
zone10,R10,overall,OUTCOME_ORACLE,3.2118415194181669,1.7484942119297686,1.4633473074883998,0.69919220374363977,0.49031367027523576,0.0076348091095756934,0.71644731225233838,0.11396257964713019,0.00072262914882172222,0.11323995049830847,0.64341406818537972,0
zone10,R10,overall,STATE_ORACLE,3.6124314520478693,1.8667198131001839,1.7457116389476881,0.67546168578189325,0.52352310880625097,0.071828938757024383,0.59083953513470999,0.10077708935841834,0.0061869398691237814,0.094590149489294534,0.74209303440958929,0.027272727272727271
zone10,R10,overall,WIDTH_ONLY,4.1462120422313786,1.5275310720100301,2.6186809702213503,0.55083555467788092,0.42824537254497214,0.34997559725409277,0.062451601591322341,0.060019598860218938,0.048550233084624653,0.011469365775594251,0.76447596839165066,0.61818181818181817
zone10,R10,overall,WIDTH_SAME_SCREEN,3.9886932538799442,1.6602382031284579,2.3284550507514874,0.59203968582640687,0.4655226565670022,0.15875734311076486,0.158798434377183,0.047269831238125413,0.021305387466663755,0.025964443771461634,0.74340449421110166,0.095454545454545459
zone10,R10,ramp,CLARA,3.8700977949266719,1.9921687426026444,1.877929052324026,0.66082711286421303,0.55852067894432611,0.054868858107584441,0.57424738549378929,0.095028581648028049,0.0051703554322492769,0.089858226215778769,0.78056524002525651,0.0045454545454545452
zone10,R10,ramp,FEASIBLE_STATE_ORACLE,3.8349861400485468,2.0067804835986887,1.8282056564498563,0.66711590542784482,0.56262510057242832,0.044587441869018744,0.60485483711565891,0.099476531488760483,0.0037831549592400649,0.095693376529520424,0.77453613549709721,0
zone10,R10,ramp,FIX_REFERENCE_PRICE,3.8907781327510964,1.9510400726200912,1.9397380601310039,0.64855068046549247,0.54696768175821564,0.07067403231584328,0.51229747169749973,0.086015584243287563,0.0075588809256932456,0.078456703317594301,0.78339554056753424,0.0090909090909090905
zone10,R10,ramp,GLOBAL_SCORE_SAME_SCREEN,3.8695277479001002,2.0593202200652647,1.8102075278348322,0.67833863064886202,0.577383453512476,0.012001875499563514,0.67578988151273789,0.10673607678912701,0.001002073792238185,0.10573400299688884,0.77903091145952319,0
zone10,R10,ramp,NO_BACKOFF_EXACT,3.8836122323551794,1.9812329295731534,1.9023793027820248,0.65741848981496209,0.55544882135177231,0.054359476085711053,0.56175892378151349,0.092869637164146632,0.0051926656216708805,0.087676971542475723,0.78059350804822958,0.013636363636363636
zone10,R10,ramp,NO_G,3.8592805665396925,2.000603244558242,1.8586773219814492,0.66408476076220413,0.56088992106668512,0.056071495437648347,0.58124334864736016,0.097241682569274512,0.005238694651645226,0.092002987917629259,0.77970652718722044,0
zone10,R10,ramp,NO_RWG,3.8536616477014123,1.9436927230072261,1.9099689246941853,0.65269788435751508,0.54490381950741107,0.09181058825376108,0.56217730518752407,0.099965085618979807,0.0090127818446829131,0.090952303774296889,0.80015800220929767,0.10000000000000001
zone10,R10,ramp,NO_SCREEN,3.8677920519146283,1.969992771492117,1.8977992804225099,0.65639988992747955,0.55229147357620056,0.074864646126290388,0.5592409853068212,0.095270449244476585,0.0073976682679585334,0.087872780976518045,0.79106365522163669,0.036363636363636362
zone10,R10,ramp,OUTCOME_ORACLE,3.3935596693264665,1.8374181634793743,1.556141505847092,0.68245250951288472,0.51505141514565511,0.0078648605833292334,0.71288331951176531,0.11277490038334195,0.00074550387794431816,0.11202939650539764,0.67653494193816655,0
zone10,R10,ramp,STATE_ORACLE,3.8154381927539083,1.9711586580227176,1.8442795347311893,0.66053504425062237,0.55261896979266145,0.072778107247593482,0.58594991016419873,0.099681325390400102,0.0063298894997782223,0.093351435890621864,0.78325138466061306,0.068181818181818177
zone10,R10,ramp,WIDTH_ONLY,4.4246736896359726,1.5897102371660787,2.834963452469895,0.53013580501033297,0.4454705369677629,0.35482693210952876,0.058291545951817875,0.060556857593623892,0.049586079276691425,0.010970778316932458,0.81276485797584985,0.78636363636363638
zone10,R10,ramp,WIDTH_SAME_SCREEN,4.195431987308349,1.7790633279643215,2.4163686593440263,0.58876929023458047,0.49865960741670767,0.16352822340502832,0.15320684211733959,0.047305922154243535,0.021981974039468128,0.025323948114775386,0.78015066143234613,0.12272727272727273
zone10,R20,ordinary,CLARA,5.2375629790771328,1.7739605657061257,3.4636024133710057,0.68962691654749619,0.49775316655986557,0.034052679749761332,0.63304666103815854,0.10300118031693627,0.0027350278800226729,0.10026615243691359,0.7130139242238015,0
zone10,R20,ordinary,FEASIBLE_STATE_ORACLE,5.1285272252905836,1.7964785315382004,3.3320486937523826,0.69773238984326569,0.50407843786101014,0.025723554344209861,0.66177432041724982,0.10759445971084243,0.001910961391044307,0.10568349831979812,0.70468863042789975,0
zone10,R20,ordinary,FIX_REFERENCE_PRICE,5.3733507805695959,1.6979104797843119,3.6754403007852843,0.66699368476472143,0.47639078287396253,0.064897693980154825,0.52701022624339655,0.088623833440110059,0.006736794666745172,0.081887038773364881,0.71001055508414279,0.0090909090909090905
zone10,R20,ordinary,GLOBAL_SCORE_SAME_SCREEN,5.1941067159926524,1.8457679049904068,3.348338811002245,0.70174963355908948,0.51792376748241686,0.011545274607161064,0.68336081388772407,0.10958024337137702,0.00094912849793549919,0.10863111487344154,0.71007114695958951,0
zone10,R20,ordinary,NO_BACKOFF_EXACT,5.2664209244896698,1.770920406642351,3.4955005178473186,0.68745547958244024,0.49689918929476024,0.033446540169561577,0.62166176228517567,0.10073479744945218,0.0027294698445315861,0.098005327604920603,0.71216682750626381,0
zone10,R20,ordinary,NO_G,5.2195191377292138,1.7786646566580284,3.4408544810711854,0.69167818249922897,0.49907454042275967,0.035982980042851033,0.6465436571887816,0.10572368481145962,0.0029714612339419998,0.10275222357751762,0.7142816734446048,0.018181818181818181
zone10,R20,ordinary,NO_RWG,5.1873923023737261,1.7910105210875034,3.3963817812862227,0.69447922733285183,0.50254247986924117,0.056096064451303662,0.6424612132880767,0.10797363287238389,0.0045078147642369122,0.10346581810814698,0.71585575591157224,0.0090909090909090905
zone10,R20,ordinary,NO_SCREEN,5.2469540228751423,1.7646801743611673,3.4822738485139744,0.68756124182038203,0.49514631505847273,0.044303671230871894,0.62474727105007455,0.10280496952502473,0.0037706029209936699,0.099034366604031032,0.71680359432394403,0.013636363636363636
zone10,R20,ordinary,OUTCOME_ORACLE,4.4877563155822928,1.6500810826822927,2.8376752328999992,0.72858062161449078,0.46295555896890078,0.0054571648930529957,0.76922306825179554,0.13243790236400529,0.00046991140632488985,0.13196799095768041,0.61363552577949232,0
zone10,R20,ordinary,STATE_ORACLE,5.1081421573758305,1.7897394628524328,3.3184026945233973,0.69746024040134713,0.50218544103916518,0.036633926512537773,0.6576322374143817,0.10793593215892849,0.0026460594428009679,0.10528987271612754,0.70144535184414181,0
zone10,R20,ordinary,WIDTH_ONLY,6.314891782617722,1.4608320855737138,4.8540596970440086,0.57237083987485549,0.40979572832042349,0.33815455249565091,0.07163666967583654,0.058859485351391384,0.046248222899205958,0.012611262452185416,0.72806631524550847,0.34999999999999998
zone10,R20,ordinary,WIDTH_SAME_SCREEN,6.0650503139035914,1.5434995607871023,4.5215507531164887,0.59880376674574809,0.43301692922306095,0.11830410556189914,0.18678212658691065,0.045938592896100958,0.016278716137858334,0.029659876758242613,0.71146177236847785,0.12272727272727273
zone10,R20,overall,CLARA,5.4222362235509136,1.9095551913419795,3.5126810322089383,0.68237381966840072,0.53555551842473204,0.03509117885038595,0.62607188471567565,0.10117524786889008,0.002863799052812714,0.098311448816077354,0.74405465513032953,0
zone10,R20,overall,FEASIBLE_STATE_ORACLE,5.3475885583820091,1.9277219342128846,3.4198666241691291,0.68859315259490494,0.54065853608509851,0.026328824267845018,0.65644527648227269,0.10573265538084999,0.0019972515828866663,0.10373540379796332,0.73785710643100721,0
zone10,R20,overall,FIX_REFERENCE_PRICE,5.5484778045275895,1.8343605457136769,3.7141172588139146,0.65951524360870228,0.51443342695610805,0.068791671441848667,0.51735965007260309,0.086934010069761217,0.0072855667926820331,0.079648443277079164,0.74407676197536765,0
zone10,R20,overall,GLOBAL_SCORE_SAME_SCREEN,5.3901451651019139,1.9628647884071706,3.4272803766947515,0.69247361240060079,0.55053012434191861,0.011842920661271843,0.67869424176281956,0.10778146452105147,0.00099967999986321659,0.10678178452118825,0.74336808223673978,0
zone10,R20,overall,NO_BACKOFF_EXACT,5.450688500278055,1.9043207214836622,3.5463677787943979,0.68000078111302664,0.53408516172295739,0.034599325694542798,0.61352907061078243,0.098779821884724908,0.0028585022287092505,0.095921319656015649,0.74338990516533754,0
zone10,R20,overall,NO_G,5.4040988398465517,1.916079611462832,3.488019228383723,0.68448995462200568,0.53738822070587056,0.036809429929211011,0.63879501378054526,0.10379710911712968,0.0030839307442121155,0.10071317837291757,0.74471275636142098,0
zone10,R20,overall,NO_RWG,5.3914751892115014,1.9072401950015869,3.4842349942099164,0.68356866875818956,0.53490523855383609,0.057854009857225545,0.63494296965909292,0.1061440720404595,0.0047490646354989294,0.10139500740496059,0.75264043909134182,0.0090909090909090905
zone10,R20,overall,NO_SCREEN,5.4308360585168378,1.8993648463314003,3.531471212185441,0.68012121685645532,0.53269306196108646,0.045514541152684648,0.61716712229280213,0.10091552829156922,0.0038957217175899094,0.097019806573979295,0.74678978536847596,0
zone10,R20,overall,OUTCOME_ORACLE,4.6724404468112741,1.7539465631339843,2.9184938836772916,0.7160858183723533,0.49184522960226268,0.0059208619240569407,0.76606085711898975,0.13045389569936133,0.00049085485412587722,0.12996304084523544,0.64430935944973255,0
zone10,R20,overall,STATE_ORACLE,5.3325715306611521,1.9167242482722948,3.4158472823888602,0.68742122103282111,0.53756929846133761,0.037184584969739476,0.65215786545169252,0.10605133079172406,0.0027568754162029859,0.10329445537552107,0.73873714506257737,0
zone10,R20,overall,WIDTH_ONLY,6.7648930124527276,1.5275310720100301,5.2373619404427005,0.55083555467788092,0.42824537254497214,0.34997559725409277,0.062451601591322341,0.060019598860218938,0.048550233084624653,0.011469365775594251,0.76447596839165066,0.61818181818181817
zone10,R20,overall,WIDTH_SAME_SCREEN,6.2600854762417386,1.6792178387794936,4.5808676374622479,0.59788028427614615,0.47085401489594458,0.12797746589877906,0.17488136601018464,0.045726105569992903,0.017547503883228375,0.028178601686764494,0.74101596199556519,0.040909090909090909
zone10,R20,ramp,CLARA,5.7125768042465905,2.0209213971092952,3.6916554071372927,0.66940404264208841,0.56659726728889059,0.035871307685622453,0.62141638751884531,0.10008093353113444,0.0029410223288706835,0.097139911202263757,0.77925536915520477,0.0045454545454545452
zone10,R20,ramp,FEASIBLE_STATE_ORACLE,5.6497563009229266,2.037445354167581,3.6123109467553438,0.67492231143386905,0.57123882826031913,0.026630762959791145,0.65216874406933378,0.10457855505976056,0.002041000709082173,0.10253755435067839,0.77303177775865528,0
zone10,R20,ramp,FIX_REFERENCE_PRICE,5.8305161928821008,1.9510400726200912,3.8794761202620078,0.64855068046549247,0.54696768175821564,0.07067403231584328,0.51229747169749973,0.086015584243287563,0.0075588809256932456,0.078456703317594301,0.78339554056753424,0.0090909090909090905
zone10,R20,ramp,GLOBAL_SCORE_SAME_SCREEN,5.6791498570968191,2.0585557757446291,3.6205940813521882,0.67822720272593839,0.57716872196173574,0.011924074524387865,0.67487534543306427,0.10665027126732142,0.0010244907072206463,0.10562578056010076,0.77889094053562735,0
zone10,R20,ramp,NO_BACKOFF_EXACT,5.7476851009479404,2.0118842475561949,3.7358008533917433,0.6663327555284968,0.56405874213352525,0.035498802704127121,0.60818237174416467,0.097605388482642094,0.002941558592456059,0.094663829890186027,0.77896045948532522,0.013636363636363636
zone10,R20,ramp,NO_G,5.6918030674291735,2.0291645267527807,3.6626385406763915,0.67169659860063524,0.56891275314380241,0.037466460539731766,0.63394256625412315,0.10264636935104203,0.003151268148549114,0.099495101202492914,0.77919894578791138,0
zone10,R20,ramp,NO_RWG,5.6890715918925583,2.0026000887207127,3.6864715031718442,0.66783598978802183,0.56145083234827808,0.058251527725136608,0.63028711270175197,0.10501275710567437,0.0048344682844422403,0.10017828882123214,0.79505124735885069,0.031818181818181815
zone10,R20,ramp,NO_SCREEN,5.7219521952242891,2.0094509811505183,3.7125012140737685,0.66691755085428484,0.5633752403341783,0.046260460861535999,0.61214907776569649,0.099794861259332623,0.0039691950512336415,0.095825666208098972,0.78365768294008209,0.0045454545454545452
zone10,R20,ramp,OUTCOME_ORACLE,4.9466942757197021,1.8434157455802938,3.1032785301394092,0.69984945718306069,0.51673612921894718,0.0061546583509505736,0.7635930500879855,0.12925078595347447,0.00050623447475764524,0.12874455147871683,0.67751045690725231,0
zone10,R20,ramp,STATE_ORACLE,5.6336831778083756,2.0220601036312624,3.6116230741771114,0.67315618891516837,0.56691712867146582,0.037322026566077422,0.64805256125335042,0.10490144544154713,0.0028105849847179323,0.10209086045682918,0.77666561017919,0.0045454545454545452
zone10,R20,ramp,WIDTH_ONLY,7.259637142105869,1.5897102371660787,5.66992690493979,0.53013580501033297,0.4454705369677629,0.35482693210952876,0.058291545951817875,0.060556857593623892,0.049586079276691425,0.010970778316932458,0.81276485797584985,0.78636363636363638
zone10,R20,ramp,WIDTH_SAME_SCREEN,6.5473287724577816,1.8006243655477576,4.7467044069100224,0.59543320316468984,0.50471607864800982,0.13214122799408887,0.16890343904602767,0.045615787136961232,0.01812285732381292,0.027492929813148291,0.77682089445124891,0.077272727272727271
zone2,R01,ordinary,CLARA,1.4302647907449912,1.2462070549837923,0.18405773576119902,0.59945396525417771,0.34987982960128033,0.23071559473845013,0.19112916090043794,0.063264297665748176,0.032705606795024302,0.030558690870723861,0.59188444353616498,0.10909090909090909
zone2,R01,ordinary,FEASIBLE_STATE_ORACLE,1.4100643308922192,1.2230885437684316,0.1869757871237871,0.59539077879011093,0.34338586577674102,0.24600633567442973,0.18256025717825253,0.063630434385484047,0.034270474378693183,0.029359960006790847,0.59277267317326698,0.11818181818181818
zone2,R01,ordinary,FIX_REFERENCE_PRICE,1.5283645126924477,1.3747295712633094,0.15363494142913831,0.66252701751408705,0.38598166001687539,0.092665779163938852,0.51974738813954291,0.096586997964760307,0.011886920617165451,0.084700077347594854,0.59340077093113575,0.0045454545454545452
zone2,R01,ordinary,GLOBAL_SCORE_SAME_SCREEN,1.4242685552499588,1.2384961939907946,0.1857723612591641,0.59872290793632443,0.3477138574122362,0.23538604207256042,0.19570020699165117,0.064468237110092169,0.03331649944073857,0.031151737669353589,0.59048851685391801,0.10454545454545454
zone2,R01,ordinary,NO_BACKOFF_EXACT,1.4332534180355041,1.2492758179596943,0.18397760007580991,0.60015096253604283,0.35074184167316297,0.2245525704976041,0.2009268423882557,0.063508209217110242,0.031972833265693848,0.031535375951416394,0.592011157822245,0.10000000000000001
zone2,R01,ordinary,NO_G,1.4169578800734104,1.2297513161784905,0.18720656389491983,0.59328109879274893,0.34525743106046525,0.24839820728525402,0.17054578972073187,0.062918114541929554,0.035073941231010243,0.027844173310919294,0.59161604146633828,0.16818181818181818
zone2,R01,ordinary,NO_RWG,1.4051030790606867,1.2152400482732886,0.18986303078739755,0.58702922180259309,0.34118123221068952,0.32445791937745611,0.13841629158049223,0.072340222437375284,0.049487747895611257,0.022852474541764024,0.59146142923660705,0.22272727272727272
zone2,R01,ordinary,NO_SCREEN,1.3861332864142544,1.19044853035507,0.19568475605918448,0.5789610444750265,0.33421732268309984,0.36018182261068843,0.11636456741338549,0.074473001104037068,0.055728271279239107,0.018744729824797933,0.59404621417913606,0.25454545454545452
zone2,R01,ordinary,OUTCOME_ORACLE,1.3198214245369064,1.1134257610062153,0.20639566353069103,0.55064443991418677,0.31258171331544415,0.45973663511245705,0.056255186349028437,0.081076346222524048,0.071328438336515851,0.0097479078860081888,0.59142315142836244,0.65909090909090906
zone2,R01,ordinary,STATE_ORACLE,1.3664888519470169,1.1691577077453368,0.19733114420167985,0.57498830383962263,0.3282367545342984,0.37506879235489204,0.10457154293968794,0.074161000152504888,0.057258478326211219,0.016902521826293627,0.59575848489936223,0.2818181818181818
zone2,R01,ordinary,WIDTH_ONLY,1.3198214245369064,1.1111538807066001,0.2086675438303062,0.55063730888919937,0.31194354469195673,0.46008657570856598,0.056231737575579657,0.081142750510618047,0.0714001275209903,0.0097426229896277385,0.60555585349422814,0.65909090909090906
zone2,R01,ordinary,WIDTH_SAME_SCREEN,1.3493737025767987,1.1473034671071283,0.20207023546967026,0.56314025370301035,0.32209792289435246,0.3610736327083317,0.086584259548903614,0.066258910040910141,0.051568198745272811,0.014690711295637295,0.60100644690008642,0.46363636363636362
zone2,R01,overall,CLARA,1.5501384299677123,1.3447382673386006,0.20540016262911157,0.57530983479462849,0.37750082262771928,0.27001016648243281,0.16004262392395557,0.065594749414776665,0.039818165038954509,0.025776584375822108,0.64946642405652222,0.31363636363636366
zone2,R01,overall,FEASIBLE_STATE_ORACLE,1.5341038066033954,1.3268476960316085,0.20725611057178692,0.57292843140389715,0.37247538124935098,0.2854264943240919,0.15321468461565543,0.065983379267373285,0.041148462601246265,0.024834916666126985,0.65166069946665584,0.33636363636363636
zone2,R01,overall,FIX_REFERENCE_PRICE,1.686098444636728,1.5264279255607855,0.15967051907594229,0.65303999845610761,0.42853724347664762,0.11048081948577043,0.49263101911716833,0.094384803195245517,0.014977114794413044,0.079407688400832441,0.65058282068167983,0.077272727272727271
zone2,R01,overall,GLOBAL_SCORE_SAME_SCREEN,1.5456914687501764,1.3392575568608311,0.20643391188934515,0.57583084374288096,0.37596129721261567,0.27329012290451882,0.16539677430587166,0.066408094129278589,0.039948697106191033,0.026459397023087521,0.64958871743825042,0.31818181818181818
zone2,R01,overall,NO_BACKOFF_EXACT,1.5557005525287275,1.3512441484971158,0.204456404031612,0.5768956974694559,0.37932831733516709,0.26425093537646671,0.16868130849904356,0.065859803464259806,0.039159911960057595,0.026699891504202163,0.65094446328716093,0.30454545454545456
zone2,R01,overall,NO_G,1.537132979354549,1.3293706977192901,0.20776228163525901,0.57062906229509791,0.37318408958858712,0.2875845806321411,0.14103428628762871,0.065182232750342864,0.041937083166533481,0.023245149583809348,0.64760942266756449,0.40000000000000002
zone2,R01,overall,NO_RWG,1.4993372472043913,1.2777718158084783,0.22156543139591262,0.55066104952101702,0.35869002163611213,0.36806096893122159,0.11309257621021893,0.077058812943072139,0.058260672571227107,0.018798140371845049,0.65619451411990881,0.61818181818181817
zone2,R01,overall,NO_SCREEN,1.4746317221353265,1.2443144399513693,0.23031728218395686,0.53926982476480134,0.34929188235040692,0.41015769027590698,0.092304658306461104,0.081463773256521002,0.066333782329878813,0.015129990926642212,0.65984502791012523,0.75454545454545452
zone2,R01,overall,OUTCOME_ORACLE,1.4177117434632773,1.177183541900787,0.2405282015624903,0.51514089325431789,0.33043488851597436,0.51014720961954563,0.042652912258326729,0.090332444209699631,0.082619891437675605,0.0077125527720240967,0.65937542955350892,0.88181818181818183
zone2,R01,overall,STATE_ORACLE,1.4585908043430753,1.2266638640241667,0.23192694031890868,0.53599989723415908,0.3443338554045639,0.42560997674598899,0.081388690543760606,0.081307525150499396,0.067834439400462146,0.013473085750037266,0.66256961333976772,0.79545454545454541
zone2,R01,overall,WIDTH_ONLY,1.4177117434632773,1.1750130543441486,0.24269868911912867,0.5150300711452328,0.32982520100006474,0.51060022061751531,0.042604167437463952,0.090437273096115267,0.082731189394531543,0.0077060837015837857,0.67431792144836289,0.88181818181818183
zone2,R01,overall,WIDTH_SAME_SCREEN,1.4738061011078911,1.2492882905710538,0.22451781053683736,0.54092885538034929,0.35068903140088087,0.41069271544341746,0.068221764766736304,0.072461711116039995,0.060500976972924177,0.011960734143115841,0.66293690131892991,0.8136363636363636
zone2,R01,ramp,CLARA,1.756242595203575,1.5062743417258471,0.24996825347772761,0.53032432864180012,0.42291489608001132,0.32384812352265419,0.12587068995828565,0.070376812300352198,0.049669512559247578,0.020707299741104617,0.7783690931581827,0.67272727272727273
zone2,R01,ramp,FEASIBLE_STATE_ORACLE,1.743877179630791,1.4928914454161861,0.25098573421460518,0.52883820492271516,0.41915565554358986,0.34020481011133791,0.12022901067714985,0.070833490488543371,0.050894446274876659,0.019939044213666702,0.78282791082194181,0.6863636363636364
zone2,R01,ramp,FIX_REFERENCE_PRICE,1.9346204695488882,1.7504897611682007,0.18413070838068754,0.62206361089121276,0.49151473300202098,0.13437432284824966,0.45673151956066804,0.092267250862067871,0.019328122787309557,0.072939128074758303,0.77016363997435744,0.25454545454545452
zone2,R01,ramp,GLOBAL_SCORE_SAME_SCREEN,1.7534963626262778,1.5031586027257802,0.25033775990049784,0.53183187277666633,0.42203968849572276,0.32544246193551574,0.13251954269802579,0.0708241652420048,0.049322072609129609,0.021502092632875183,0.77970584477782812,0.65909090909090906
zone2,R01,ramp,NO_BACKOFF_EXACT,1.7615511650313413,1.5127582890007845,0.24879287603055669,0.5311271773552193,0.42473622958420715,0.31866393645670704,0.13347465001048314,0.070757772331485017,0.049186738253090473,0.021571034078394558,0.7816040274160907,0.67272727272727273
zone2,R01,ramp,NO_G,1.745459002533396,1.4946846798878632,0.2507743226455329,0.52971755730093528,0.4196593730918135,0.34275601269289169,0.1097046553113739,0.070011592601620293,0.051579524478046257,0.018432068123574043,0.77450550889028646,0.69999999999999996
zone2,R01,ramp,NO_RWG,1.6587653452443656,1.3717950163450161,0.28697032889934987,0.48361754720898742,0.38513980468090131,0.43003359628973309,0.090655983742946381,0.087156769552620181,0.071890791267562842,0.015265978285057311,0.80473685955876573,0.78636363636363638
zone2,R01,ramp,NO_SCREEN,1.6300949367273372,1.3322981895228025,0.29779674720453531,0.47011753515162374,0.37404519040499856,0.47618243491298068,0.070797520663374192,0.093058155677687451,0.081180779894844013,0.011877375782843442,0.80937482657657578,0.88181818181818183
zone2,R01,ramp,OUTCOME_ORACLE,1.5806713402519428,1.2730809790573676,0.30759036119457522,0.45019408265648808,0.35741114252144995,0.57776471725319845,0.029569131953694355,0.10357783097607257,0.097950707566823003,0.0056271234092495469,0.8095287283365985,0.94090909090909092
zone2,R01,ramp,STATE_ORACLE,1.6163646294793987,1.3169393276851054,0.29942530179429389,0.46707718025994188,0.36973090337193792,0.49303890118650634,0.060022954751510815,0.09305719783623502,0.082737845017561901,0.010319352818673105,0.81421609122647132,0.90909090909090906
zone2,R01,ramp,WIDTH_ONLY,1.5806713402519428,1.2709245225010619,0.30974681775088114,0.45002155670186528,0.35680539629776853,0.57827746851102002,0.029508389007575919,0.10370585370963117,0.098085782497307802,0.0056200712123233437,0.82822418775612583,0.94545454545454544
zone2,R01,ramp,WIDTH_SAME_SCREEN,1.6841635414338822,1.4136596844127189,0.27050385702116375,0.49852587124537762,0.39689954290216661,0.47762262570244229,0.049326261528211422,0.081539542585161467,0.07252685331555353,0.0090126892696079132,0.79763277202810567,0.92272727272727273
zone2,R02,ordinary,CLARA,1.6251769599243353,1.2630591264167457,0.36211783350758975,0.60638773851764471,0.35461355753188534,0.20006821929785049,0.21355564647002551,0.062131619046154864,0.028146991543143332,0.033984627503011518,0.59105277816958912,0.050000000000000003
zone2,R02,ordinary,FEASIBLE_STATE_ORACLE,1.6084355698642665,1.2423563968026357,0.36607917306163057,0.60221895883826315,0.34879818404477575,0.21169717223102025,0.20289415175317116,0.0617868398745283,0.029326294897928182,0.032460544976600093,0.59069163722181106,0.06363636363636363
zone2,R02,ordinary,FIX_REFERENCE_PRICE,1.6819994541215859,1.3747295712633094,0.30726988285827661,0.66252701751408705,0.38598166001687539,0.092665779163938852,0.51974738813954291,0.096586997964760307,0.011886920617165451,0.084700077347594854,0.59340077093113575,0.0045454545454545452
zone2,R02,ordinary,GLOBAL_SCORE_SAME_SCREEN,1.6217139161026017,1.2563079922864211,0.36540592381618053,0.60551035321881763,0.35271717154022109,0.2057465448696347,0.21646447474947311,0.063027082365759379,0.028760901887588165,0.034266180478171197,0.58953373428644418,0.050000000000000003
zone2,R02,ordinary,NO_BACKOFF_EXACT,1.6303633858715618,1.2699035414387514,0.36045984443281076,0.60806170935651649,0.3565361460212127,0.18937976393744385,0.22683424916230588,0.06221789958185317,0.026860871702123496,0.035357027879729656,0.59130427147088871,0.045454545454545456
zone2,R02,ordinary,NO_G,1.6090569827099663,1.2367771433965038,0.37227983931346237,0.59678075926611662,0.34723097803181741,0.22203189526224773,0.18386592308300886,0.061514316079777712,0.03156423632146365,0.029950079758314051,0.59084447774417903,0.1409090909090909
zone2,R02,ordinary,NO_RWG,1.598265349281401,1.2213522737092379,0.37691307557216247,0.58972228733401233,0.34289814946797881,0.31523144967456956,0.14524225570362559,0.071484622992728911,0.047385843711231147,0.024098779281497749,0.59090221603258364,0.18636363636363637
zone2,R02,ordinary,NO_SCREEN,1.5834556516959828,1.1938283723245222,0.38962727937146069,0.58009316469535122,0.33516671649474372,0.35567767041365733,0.12090099917886221,0.074610845879016049,0.055255870912145767,0.019354974966870268,0.594066893323001,0.25
zone2,R02,ordinary,OUTCOME_ORACLE,1.5066510036550864,1.1949430237870915,0.31170797986799498,0.56592949726739417,0.33547982083816219,0.38114122614797924,0.067752008909979788,0.06880603164420894,0.05723106384646115,0.011574967797747757,0.51698243712549308,0.44545454545454544
zone2,R02,ordinary,STATE_ORACLE,1.5636572225371945,1.1699393910709446,0.39371783146625033,0.57514609940416994,0.32845632850216566,0.37355432577808995,0.10469157848904832,0.074011848374228861,0.057099678447064053,0.016912169927164794,0.59511717112851958,0.27727272727272728
zone2,R02,ordinary,WIDTH_ONLY,1.5284889683672129,1.1111538807066001,0.41733508766061239,0.55063730888919937,0.31194354469195673,0.46008657570856598,0.056231737575579657,0.081142750510618047,0.0714001275209903,0.0097426229896277385,0.60555585349422814,0.65909090909090906
zone2,R02,ordinary,WIDTH_SAME_SCREEN,1.5582514306406972,1.1578553756579577,0.40039605498273939,0.56699157930961319,0.32506194215020334,0.33525911195580949,0.094163352146281937,0.063151404234078848,0.047180644829120336,0.015970759404958478,0.59962331601616736,0.41363636363636364
zone2,R02,overall,CLARA,1.7671051893340526,1.3659727603586631,0.40113242897538953,0.58389963386247623,0.38346556785807384,0.23527293756119322,0.18128820393007072,0.063165495982546352,0.034168176292267802,0.028997319690278526,0.64685646007785147,0.17727272727272728
zone2,R02,overall,FEASIBLE_STATE_ORACLE,1.7539494422405078,1.3501723756046708,0.4037770666358369,0.58134628544362377,0.37902725753391903,0.24843575011733643,0.17192190581485739,0.063025621307412169,0.03534173109219757,0.027683890215214564,0.64840907982300722,0.20000000000000001
zone2,R02,overall,FIX_REFERENCE_PRICE,1.8457689637126704,1.5264279255607855,0.31934103815188458,0.65303999845610761,0.42853724347664762,0.11048081948577043,0.49263101911716833,0.094384803195245517,0.014977114794413044,0.079407688400832441,0.65058282068167983,0.077272727272727271
zone2,R02,overall,GLOBAL_SCORE_SAME_SCREEN,1.7645572547997423,1.3609610840453665,0.40359617075437559,0.58386410134025901,0.38205779361276615,0.24084452489294592,0.18461022201026286,0.063880549816538387,0.034546211853369216,0.029334337963169126,0.6472075473314487,0.17727272727272728
zone2,R02,overall,NO_BACKOFF_EXACT,1.774437350399074,1.3764183190567034,0.39801903134237077,0.58646899702142941,0.38639971355977043,0.22476751142927992,0.19307240708730175,0.0632129704909562,0.032934225766419564,0.030278744724536587,0.6473574562695642,0.17272727272727273
zone2,R02,overall,NO_G,1.7525051627393446,1.3444835197913374,0.4080216429480073,0.57660251741999391,0.37742926432792634,0.25805624095944474,0.15406558814713159,0.062892376515554765,0.037678465739145552,0.025213910776409183,0.64476590077272222,0.29090909090909089
zone2,R02,overall,NO_RWG,1.7240774111511858,1.2853741036190061,0.43870330753217956,0.5542730595657458,0.36082549574019279,0.35671702184790893,0.12016525633484219,0.075544970027765529,0.055558634611745032,0.019986335416020518,0.65479072292504059,0.58181818181818179
zone2,R02,overall,NO_SCREEN,1.7062150206464406,1.2475345095219488,0.45868051112449126,0.54037871173586716,0.35019639627472698,0.40456792839494871,0.096760149083380168,0.081439714670215657,0.065764477656743592,0.015675237013472086,0.65951744343489704,0.72727272727272729
zone2,R02,overall,OUTCOME_ORACLE,1.6384784202465053,1.2781276349594495,0.36035078528705605,0.53230871128163182,0.35878997083582354,0.42878610433221803,0.052116195957681674,0.075768994301623829,0.066510389319832247,0.0092586049817916273,0.57112249362064937,0.82272727272727275
zone2,R02,overall,STATE_ORACLE,1.6904070927239849,1.2273815940559809,0.46302549866800341,0.53618859231423077,0.34453546496406229,0.4241074328710831,0.08144537848556907,0.081125394422509878,0.067646803534727185,0.013478590887782695,0.66197154691020033,0.79545454545454541
zone2,R02,overall,WIDTH_ONLY,1.6604104325824061,1.1750130543441486,0.48539737823825735,0.5150300711452328,0.32982520100006474,0.51060022061751531,0.042604167437463952,0.090437273096115267,0.082731189394531543,0.0077060837015837857,0.67431792144836289,0.88181818181818183
zone2,R02,overall,WIDTH_SAME_SCREEN,1.7078277810348237,1.2659384962680063,0.44188928476681755,0.54688784566908566,0.35536605547305844,0.38392241221152901,0.074877565388920111,0.068622358818657039,0.055532125600893614,0.013090233217763435,0.66018495287140666,0.76363636363636367
zone2,R02,ramp,CLARA,2.0202669417211707,1.5361863805031049,0.48408056121806531,0.54103988515895296,0.43131715416351063,0.28524818115652056,0.14383467115438553,0.066381051394031734,0.042861874353620127,0.023519177040411603,0.77206185905276625,0.54090909090909089
zone2,R02,ramp,FEASIBLE_STATE_ORACLE,2.0101976902861676,1.5260183605230948,0.48417932976307243,0.54003914005433651,0.42846096877586765,0.29958359872551282,0.1357575041461791,0.066376367611555187,0.043999699045972153,0.022376668565583027,0.7759871995941936,0.54090909090909089
zone2,R02,ramp,FIX_REFERENCE_PRICE,2.118751177929576,1.7504897611682007,0.36826141676137508,0.62206361089121276,0.49151473300202098,0.13437432284824966,0.45673151956066804,0.092267250862067871,0.019328122787309557,0.072939128074758303,0.77016363997435744,0.25454545454545452
zone2,R02,ramp,GLOBAL_SCORE_SAME_SCREEN,2.0185902014149217,1.5329020509144622,0.48568815050045921,0.54178113007692152,0.43039458967231892,0.28962266132464198,0.14822385878960673,0.066840956794454259,0.042888892986079036,0.023952063808375217,0.77377106928223871,0.53181818181818186
zone2,R02,ramp,NO_BACKOFF_EXACT,2.0268729895474595,1.5455947398907943,0.48127824965666494,0.54328008777557679,0.43395995174432217,0.27393078818847361,0.15431023506461714,0.066434128382049845,0.041690138580245568,0.024743989801804266,0.77276403372085434,0.52727272727272723
zone2,R02,ramp,NO_G,2.0078373989023222,1.5206061668026272,0.48723123209969499,0.53842770016691743,0.42694068964090454,0.30974552617993611,0.12082345018824517,0.066585471755234604,0.046485660530749075,0.020099811224485526,0.76769244267362613,0.58636363636363631
zone2,R02,ramp,NO_RWG,1.9487300674797838,1.3803986711015102,0.56833139637827357,0.48778857608792719,0.38755656163497282,0.41750171318560214,0.097703860483219107,0.085192212120690475,0.068802929645026087,0.016389282475664371,0.80271333861671301,0.77727272727272723
zone2,R02,ramp,NO_SCREEN,1.9290204866654679,1.3355970241713415,0.59342346249412647,0.47117553003591089,0.37497182935121737,0.46982979753082221,0.075219458832284342,0.092940552849749142,0.080554168136897239,0.012386384712851894,0.80883353539432157,0.86818181818181817
zone2,R02,ramp,OUTCOME_ORACLE,1.8680231431480683,1.4041541554094388,0.46386898773863,0.46860403836147402,0.39422945048551483,0.49461482996859069,0.037074303291467145,0.087225097571824686,0.080306394895154648,0.0069187026766700235,0.68827181592487974,0.88636363636363635
zone2,R02,ramp,STATE_ORACLE,1.9157005241169931,1.3182167448567224,0.59748377926027096,0.46730561008852389,0.37008972842014493,0.4915803975212612,0.060039735093147868,0.092854979071301261,0.082531829772733878,0.010323149298567367,0.81353160887932996,0.90909090909090906
zone2,R02,ramp,WIDTH_ONLY,1.8904181580028241,1.2709245225010619,0.61949363550176229,0.45002155670186528,0.35680539629776853,0.57827746851102002,0.029508389007575919,0.10370585370963117,0.098085782497307802,0.0056200712123233437,0.82822418775612583,0.94545454545454544
zone2,R02,ramp,WIDTH_SAME_SCREEN,1.9688974687158258,1.4413245241892052,0.52757294452662062,0.50808686488957633,0.40467056531129197,0.44910671566412524,0.054635094789512166,0.076677450384866772,0.066761272785036296,0.0099161775998304492,0.7913897925662764,0.88181818181818183
zone2,R05P6179775281,ordinary,CLARA,2.2378472197416146,1.3747295712633094,0.86311764847830508,0.66252701751408705,0.38598166001687539,0.092665779163938852,0.51974738813954291,0.096586997964760307,0.011886920617165451,0.084700077347594854,0.59340077093113575,0.0045454545454545452
zone2,R05P6179775281,ordinary,FEASIBLE_STATE_ORACLE,2.2029566523910677,1.3700975891477376,0.83285906324332992,0.66402000280037987,0.38468054144508546,0.081558767260664453,0.52195243636712951,0.092391467022858817,0.009090080563526691,0.083301386459332105,0.58962771785614654,0.013636363636363636
zone2,R05P6179775281,ordinary,FIX_REFERENCE_PRICE,2.2378472197416146,1.3747295712633094,0.86311764847830508,0.66252701751408705,0.38598166001687539,0.092665779163938852,0.51974738813954291,0.096586997964760307,0.011886920617165451,0.084700077347594854,0.59340077093113575,0.0045454545454545452
zone2,R05P6179775281,ordinary,GLOBAL_SCORE_SAME_SCREEN,2.2595221321488426,1.3808338113593859,0.87868832078945658,0.643958387561679,0.38769633420116634,0.085255683303303423,0.40495293205266508,0.072038934164825291,0.0142387921760029,0.057800141988822343,0.58117505581496665,0
zone2,R05P6179775281,ordinary,NO_BACKOFF_EXACT,2.2439463783744444,1.3817616829648591,0.8621846954095852,0.66353646087950546,0.38795697229259146,0.087332929862551353,0.51353689508056599,0.094274223551959441,0.011343888123370342,0.082930335428589075,0.59335019556483481,0.0045454545454545452
zone2,R05P6179775281,ordinary,NO_G,2.2270877459551981,1.3590073145507331,0.86808043140446445,0.66030945969703725,0.38156529577176962,0.1049140210482387,0.51469381647302392,0.097849918677472128,0.013119439956711748,0.084730478720760366,0.59408416266597719,0.036363636363636362
zone2,R05P6179775281,ordinary,NO_RWG,2.2144629412606198,1.3731204911764698,0.84134245008414943,0.66663975148228716,0.38552967122843718,0.13781829663461259,0.5120510880635244,0.10526966090260031,0.019281735170826417,0.085987925731773884,0.59701330511393313,0.027272727272727271
zone2,R05P6179775281,ordinary,NO_SCREEN,2.2214602437955748,1.3404565130372075,0.88100373075836691,0.65558759816977175,0.37635439647021751,0.14453413792134023,0.49248020564173201,0.10126217654448018,0.020071809322710826,0.08119036722176938,0.59726640346910154,0.036363636363636362
zone2,R05P6179775281,ordinary,OUTCOME_ORACLE,1.9229141398473397,1.294913271383368,0.62800086846397163,0.68357588842299,0.36356135106183546,0.01887421788435778,0.60257683301585607,0.096183110147409392,0.0024630524354314447,0.093720057711977944,0.49164439137445526,0
zone2,R05P6179775281,ordinary,STATE_ORACLE,2.1797164902898647,1.3265256596051134,0.85319083068475055,0.65488684738476644,0.37244123539378637,0.13937568389811686,0.48252150512405134,0.095339800306349864,0.016870168389646781,0.078469631916703059,0.59461735839899443,0.045454545454545456
zone2,R05P6179775281,ordinary,WIDTH_ONLY,2.2834434527869725,1.1111538807066001,1.1722895720803717,0.55063730888919937,0.31194354469195673,0.46008657570856598,0.056231737575579657,0.081142750510618047,0.0714001275209903,0.0097426229896277385,0.60555585349422814,0.65909090909090906
zone2,R05P6179775281,ordinary,WIDTH_SAME_SCREEN,2.2855643417638545,1.1796152168447782,1.1059491249190763,0.57339438123243591,0.3311742570903215,0.28666142272450157,0.11276013766091399,0.058620312713961668,0.039920132303534077,0.018700180410427564,0.59557179383489112,0.30909090909090908
zone2,R05P6179775281,overall,CLARA,2.4234533136278769,1.5264279255607855,0.89702538806709142,0.65303999845610761,0.42853724347664762,0.11048081948577043,0.49263101911716833,0.094384803195245517,0.014977114794413044,0.079407688400832441,0.65058282068167983,0.077272727272727271
zone2,R05P6179775281,overall,FEASIBLE_STATE_ORACLE,2.389214935040715,1.5141302109311141,0.87508472410960081,0.65505660202710014,0.42508282925483015,0.097521070064066448,0.49447451235813772,0.089330837475672387,0.011334988101971729,0.077995849373700632,0.64430390153196881,0.050000000000000003
zone2,R05P6179775281,overall,FIX_REFERENCE_PRICE,2.4234533136278769,1.5264279255607855,0.89702538806709142,0.65303999845610761,0.42853724347664762,0.11048081948577043,0.49263101911716833,0.094384803195245517,0.014977114794413044,0.079407688400832441,0.65058282068167983,0.077272727272727271
zone2,R05P6179775281,overall,GLOBAL_SCORE_SAME_SCREEN,2.4636092912144112,1.5031557883250821,0.96045350288932929,0.62000782261038501,0.42200012627560773,0.11678429187836428,0.36030522858699349,0.071681164221814878,0.020624553006527001,0.051056611215287817,0.63277966789799756,0.027272727272727271
zone2,R05P6179775281,overall,NO_BACKOFF_EXACT,2.4302488469067596,1.5281728846275262,0.90207596227923315,0.65183168100024769,0.42902740051786686,0.10608302882452607,0.48676963999650197,0.092421859865965891,0.014593618769670712,0.077828241096295173,0.65018768827005302,0.077272727272727271
zone2,R05P6179775281,overall,NO_G,2.4114362127662194,1.5138564342074261,0.89757977855879312,0.65198179046801863,0.42500592568076029,0.12266636771123339,0.48828910937639747,0.095713302590212865,0.016129114548851829,0.079584188041361012,0.64872888779757831,0.06363636363636363
zone2,R05P6179775281,overall,NO_RWG,2.4006594364953338,1.4929413561417386,0.90771808035359536,0.64555441626280063,0.41913090375219647,0.15872048482860324,0.48390747157179698,0.10438447262087183,0.023940643521551577,0.080443829099320269,0.65778525622049278,0.14999999999999999
zone2,R05P6179775281,overall,NO_SCREEN,2.4076284049566157,1.4801508167584814,0.92747758819813386,0.640093543620468,0.41553805561083179,0.16893635625253439,0.46663002587252389,0.10100942913757505,0.025056640512977481,0.075952788624597548,0.66158083661758371,0.23181818181818181
zone2,R05P6179775281,overall,OUTCOME_ORACLE,2.071644010894194,1.4262282452165793,0.64541576567761549,0.6742116639250334,0.40039126585187124,0.024975004600859919,0.58364213061508563,0.092882903168460679,0.0031455492525832209,0.089737353915877435,0.5307759137243252,0
zone2,R05P6179775281,overall,STATE_ORACLE,2.3624460642102578,1.4598252154046791,0.9026208488055788,0.6417574909127397,0.40982861702830348,0.16020114582387643,0.45664708206625887,0.093542312359432195,0.020286285580540738,0.073256026778891425,0.65176149831701813,0.20000000000000001
zone2,R05P6179775281,overall,WIDTH_ONLY,2.5384888359122866,1.1750130543441486,1.3634757815681384,0.5150300711452328,0.32982520100006474,0.51060022061751531,0.042604167437463952,0.090437273096115267,0.082731189394531543,0.0077060837015837857,0.67431792144836289,0.88181818181818183
zone2,R05P6179775281,overall,WIDTH_SAME_SCREEN,2.5036665055746239,1.2991028422269819,1.2045636633476426,0.5572767298149971,0.36468188298962467,0.33255389575425126,0.091329299360280364,0.062852850487268352,0.047329113394784052,0.015523737092484276,0.65427813379953159,0.6045454545454545
zone2,R05P6179775281,ramp,CLARA,2.7849319430821766,1.7504897611682007,1.0344421819139751,0.62206361089121276,0.49151473300202098,0.13437432284824966,0.45673151956066804,0.092267250862067871,0.019328122787309557,0.072939128074758303,0.77016363997435744,0.25454545454545452
zone2,R05P6179775281,ramp,FEASIBLE_STATE_ORACLE,2.748049045531527,1.7420639906311932,1.0059850549003329,0.63272914009930037,0.48914794352533358,0.11668143789409345,0.45799007595455021,0.085576230405196907,0.013972921436500661,0.071603308968696225,0.7605256109207611,0.20454545454545456
zone2,R05P6179775281,ramp,FIX_REFERENCE_PRICE,2.7849319430821766,1.7504897611682007,1.0344421819139751,0.62206361089121276,0.49151473300202098,0.13437432284824966,0.45673151956066804,0.092267250862067871,0.019328122787309557,0.072939128074758303,0.77016363997435744,0.25454545454545452
zone2,R05P6179775281,ramp,GLOBAL_SCORE_SAME_SCREEN,2.8525072345125011,1.6888141723336347,1.1636930621788657,0.57193834075376171,0.4741901293968056,0.16133619596813892,0.29880992791381933,0.072455919210211203,0.029539396019083439,0.042916523191127764,0.73950310664205354,0.35909090909090907
zone2,R05P6179775281,ramp,NO_BACKOFF_EXACT,2.7918633595534672,1.7420674355147743,1.0497959240386918,0.61643198595254867,0.48914891118926057,0.13225131215595595,0.45129660762755724,0.090886032427325042,0.01942294378164857,0.071463088645676465,0.76989531491040997,0.25
zone2,R05P6179775281,ramp,NO_G,2.772488839637552,1.7443061446063393,1.0281826950312125,0.62479853485204462,0.48977776205767787,0.14509168162037406,0.45421821444556842,0.093350426475497295,0.019963706164175775,0.073386720311321499,0.76654114376969218,0.21363636363636362
zone2,R05P6179775281,ramp,NO_RWG,2.7649094906425944,1.6607209818147846,1.1041885088278089,0.59254845363523556,0.46629878374544326,0.1896792321636169,0.44865807952265435,0.10504391918544091,0.031263176371711235,0.073780742813729677,0.79632427746849466,0.34090909090909088
zone2,R05P6179775281,ramp,NO_SCREEN,2.7701558610448536,1.6757687409115456,1.0943871201333066,0.59713587009672386,0.47052568236812914,0.20179283008817889,0.4342480825630971,0.10171704498645925,0.032004604727361115,0.069712440259098146,0.80154531649932526,0.37727272727272726
zone2,R05P6179775281,ramp,OUTCOME_ORACLE,2.3743465132817128,1.6266474101227384,0.74769910315897425,0.64722184433095153,0.45672755574205981,0.034839059685084696,0.55789543366215977,0.089369789941326438,0.0041984714854468846,0.085171318455879552,0.61313791509561832,0.11818181818181818
zone2,R05P6179775281,ramp,STATE_ORACLE,2.7136357831938072,1.6677316747650142,1.0459041084287921,0.61268728462834221,0.46826807951797994,0.18627601549025141,0.42424444639797748,0.091607879081731597,0.024410145669848796,0.067197733411882787,0.77927151517212845,0.34545454545454546
zone2,R05P6179775281,ramp,WIDTH_ONLY,3.0110751840228662,1.2709245225010619,1.7401506615218043,0.45002155670186528,0.35680539629776853,0.57827746851102002,0.029508389007575919,0.10370585370963117,0.098085782497307802,0.0056200712123233437,0.82822418775612583,0.94545454545454544
zone2,R05P6179775281,ramp,WIDTH_SAME_SCREEN,2.9118306143360315,1.4929335487298854,1.4188970656061455,0.5256211194851208,0.41916748231710105,0.3914755607011669,0.068301759932552636,0.069091236265914235,0.057101074923825795,0.011990161342088418,0.77887722495306433,0.77727272727272723
zone2,R10,ordinary,CLARA,2.8992287798659473,1.4119541279543066,1.4872746519116413,0.67326524257623643,0.39643799616603198,0.064687158698274141,0.57973898058139062,0.10323862177955558,0.007325885838413375,0.095912735941142191,0.59590129313483398,0.0045454545454545452
zone2,R10,ordinary,FEASIBLE_STATE_ORACLE,2.8381066060503208,1.4237986908071096,1.4143079152432114,0.68123457631383688,0.39976512056288666,0.05276868907224113,0.60703495157229104,0.10433791033406774,0.0047603842284922003,0.099577526105575534,0.59197530439258894,0
zone2,R10,ordinary,FIX_REFERENCE_PRICE,2.9110789855546919,1.3747295712633094,1.5363494142913829,0.66252701751408705,0.38598166001687539,0.092665779163938852,0.51974738813954291,0.096586997964760307,0.011886920617165451,0.084700077347594854,0.59340077093113575,0.0045454545454545452
zone2,R10,ordinary,GLOBAL_SCORE_SAME_SCREEN,2.938476458640721,1.5495337696055886,1.3889426890351331,0.69353413617126725,0.4350839629220104,0.013606162876767134,0.67453503844002471,0.11327721925054264,0.0011994872457140571,0.1120777320048286,0.61045210919258597,0
zone2,R10,ordinary,NO_BACKOFF_EXACT,2.9090739526972262,1.4155372039115763,1.4935367487856508,0.67287412601462271,0.39744447817650069,0.060868822623051912,0.57050604815347083,0.099897703662410381,0.0069464611658342059,0.092951242496576159,0.59542342987285379,0.0045454545454545452
zone2,R10,ordinary,NO_G,2.8864462237616841,1.404568789243871,1.4818774345178138,0.67436405028657176,0.39436346282040391,0.07377616971292883,0.5886307687849972,0.10662362396991246,0.0082191294937795593,0.098404494476132878,0.59766348388698021,0.013636363636363636
zone2,R10,ordinary,NO_RWG,2.8626000545681309,1.4299607396675604,1.4326393149005712,0.68206773172488044,0.4014960331641369,0.091938358103932513,0.60102019033793208,0.11314177962629565,0.011472320907560557,0.10166945871873505,0.60118493260823025,0.013636363636363636
zone2,R10,ordinary,NO_SCREEN,2.8897427912355163,1.3911019604150352,1.4986408308204819,0.670110196507824,0.39058064573365231,0.093936070294229651,0.56550483141112418,0.10543941143739861,0.010929461246115072,0.094509950191283526,0.59848396719857466,0.013636363636363636
zone2,R10,ordinary,OUTCOME_ORACLE,2.4090866474532233,1.3043175333644546,1.104769114088769,0.71470656927039844,0.36620299768573616,0.0081930129771943735,0.72513941853693964,0.12760067224999777,0.0008657767039537736,0.126734895546044,0.49197409947121479,0
zone2,R10,ordinary,STATE_ORACLE,2.818379263750169,1.3958915264658349,1.4224877372843341,0.67767968473604523,0.39192602945578686,0.080142865833079655,0.58554625847667929,0.10493623726493745,0.0075082051533140572,0.097428032111623361,0.59562286376842444,0.013636363636363636
zone2,R10,ordinary,WIDTH_ONLY,3.1978293190096609,1.1111538807066001,2.0866754383030619,0.55063730888919937,0.31194354469195673,0.46008657570856598,0.056231737575579657,0.081142750510618047,0.0714001275209903,0.0097426229896277385,0.60555585349422814,0.65909090909090906
zone2,R10,ordinary,WIDTH_SAME_SCREEN,3.1412933333724764,1.1903076353518529,1.9509856980206242,0.57681088347909615,0.33417774543500545,0.25938526048896793,0.11934186417380388,0.056080799951735927,0.036309002720289418,0.019771797231446488,0.59445254026162619,0.25909090909090909
zone2,R10,overall,CLARA,3.1077104570308283,1.5794310648766603,1.5282793921541689,0.67017238617782326,0.44342576575638765,0.076889740136070611,0.5573599442056334,0.10029477001209011,0.0091422821871891928,0.091152487824900902,0.6524792935307796,0.027272727272727271
zone2,R10,overall,FEASIBLE_STATE_ORACLE,3.0541405462829676,1.5791880303455426,1.4749525159374257,0.67669229976768008,0.44335749762966931,0.062251017894767169,0.58412176339762545,0.10037833191657221,0.0058765990470435224,0.094501732869528662,0.64406259141019684,0.0045454545454545452
zone2,R10,overall,FIX_REFERENCE_PRICE,3.123133116320207,1.5264279255607855,1.596705190759423,0.65303999845610761,0.42853724347664762,0.11048081948577043,0.49263101911716833,0.094384803195245517,0.014977114794413044,0.079407688400832441,0.65058282068167983,0.077272727272727271
zone2,R10,overall,GLOBAL_SCORE_SAME_SCREEN,3.1527717999966138,1.7116608580112764,1.4411109419853378,0.69367888326824167,0.48056896607509864,0.017203148249899939,0.6575070402617671,0.10923264358339305,0.0015143220615810216,0.10771832152181202,0.65970220271017788,0
zone2,R10,overall,NO_BACKOFF_EXACT,3.1220226237166395,1.5765948337150173,1.5454277900016233,0.66772002819771548,0.4426290716098587,0.073854695805792001,0.54839725363317593,0.097320957385606782,0.0088371407240142377,0.088483816661592538,0.65119098354813443,0.022727272727272728
zone2,R10,overall,NO_G,3.0962481588754489,1.577039568847155,1.5192085900282946,0.67164551021666596,0.4427539972087739,0.086412449222761159,0.567118074681077,0.10380635657061184,0.010125857846516784,0.093680498724095021,0.65274809188502281,0.045454545454545456
zone2,R10,overall,NO_RWG,3.0828264177675058,1.5718237105645836,1.5110027072029226,0.67064796080266975,0.44128886847771503,0.10684211308756886,0.57887852988212674,0.11124239508423302,0.014494401907753739,0.096747993176479294,0.66106871571916048,0.095454545454545459
zone2,R10,overall,NO_SCREEN,3.1004296230595809,1.5528433415158709,1.5475862815437111,0.66445439017490537,0.43595730413818856,0.10996709910675873,0.54283708369425587,0.1033384714144938,0.013672728424595829,0.089665742989897962,0.66112201581917784,0.11363636363636363
zone2,R10,overall,OUTCOME_ORACLE,2.5700623712887007,1.439099606498123,1.1309627647905782,0.7093215912601144,0.40400681677365319,0.011345644510594693,0.7125498405692402,0.1242573265566046,0.0011443100769489053,0.12311301647965567,0.53106374790737698,0
zone2,R10,overall,STATE_ORACLE,3.0333761784657987,1.5454931814809734,1.487882996984826,0.67140065491193535,0.43389265244299291,0.09280445374711338,0.56274573530487737,0.10130672996795546,0.0090669699000824298,0.092239760067873017,0.64683023238432324,0.054545454545454543
zone2,R10,overall,WIDTH_ONLY,3.6019999455354323,1.1750130543441486,2.4269868911912869,0.5150300711452328,0.32982520100006474,0.51060022061751531,0.042604167437463952,0.090437273096115267,0.082731189394531543,0.0077060837015837857,0.67431792144836289,0.88181818181818183
zone2,R10,overall,WIDTH_SAME_SCREEN,3.4294322119999108,1.3160699529691211,2.1133622590307919,0.56226238340162327,0.36944792533292209,0.30362321276261234,0.097220220077528799,0.059639463730035522,0.043164427465154281,0.016475036264881199,0.65113854314024,0.52272727272727271
zone2,R10,ramp,CLARA,3.565026554609529,1.8236634385742838,1.741363116035243,0.65004246875906546,0.51206913676777466,0.090969916406754309,0.52756689726983175,0.096498899746052233,0.011228382479043149,0.085270517267009086,0.76408106346489468,0.18636363636363637
zone2,R10,ramp,FEASIBLE_STATE_ORACLE,3.5136478842785777,1.8173556115046077,1.6962922727739678,0.65668266458187363,0.51029727523134893,0.073688570127831504,0.55363687434015818,0.095408860846130872,0.0070851344992491636,0.088323726346881695,0.74771658165989241,0.10909090909090909
zone2,R10,ramp,FIX_REFERENCE_PRICE,3.5917968449750779,1.7504897611682007,1.8413070838068755,0.62206361089121276,0.49151473300202098,0.13437432284824966,0.45673151956066804,0.092267250862067871,0.019328122787309557,0.072939128074758303,0.77016363997435744,0.25454545454545452
zone2,R10,ramp,GLOBAL_SCORE_SAME_SCREEN,3.6052352091143223,1.9454349995664064,1.6598002095479099,0.67679714131932756,0.54627463142848354,0.02009920887351779,0.63184593570527814,0.10363328581930654,0.0017834618592873683,0.10184982396001917,0.75518750041919303,0.036363636363636362
zone2,R10,ramp,NO_BACKOFF_EXACT,3.5862515527504564,1.8102332534193777,1.7760182993310754,0.64391512191287525,0.50829661284785721,0.09005250827162789,0.51855453115711403,0.093988242477941963,0.011174025976720816,0.082814216501221144,0.76176790262678284,0.18636363636363637
zone2,R10,ramp,NO_G,3.5545521105986704,1.8264087441065657,1.7281433664921022,0.65169362165544475,0.51284029000717968,0.10173340060502177,0.53867373079647796,0.10025349211982572,0.012444576005360126,0.087808916114465577,0.76357081405558358,0.15909090909090909
zone2,R10,ramp,NO_RWG,3.5563407977681338,1.7693465711726653,1.7869942265954659,0.63302184058755584,0.49681158974484824,0.1285320574488831,0.54902657646396402,0.10957312265801365,0.019067624684137072,0.090505497973876567,0.79374503032365407,0.23181818181818181
zone2,R10,ramp,NO_SCREEN,3.5628553713711635,1.7799535607687598,1.7829018106024008,0.63882530843509588,0.49979108120442534,0.12961662100857077,0.51387811122732141,0.10085289248240012,0.017118170930470713,0.083734721551929389,0.79289907761145884,0.25
zone2,R10,ramp,OUTCOME_ORACLE,2.9510433854256437,1.643376025503773,1.3076673599218698,0.68706903409731979,0.46142660500639537,0.016403715139838362,0.69390742245436565,0.12049364482987558,0.0015572708424658587,0.11893637398740972,0.61260693852212156,0.068181818181818177
zone2,R10,ramp,STATE_ORACLE,3.4886197034396167,1.7735370514451414,1.7150826519944737,0.64934367358508172,0.49798869094498199,0.10735536088443172,0.53377380193338686,0.096824858359003493,0.010751396961141855,0.086073461397861609,0.75884922755502993,0.18181818181818182
zone2,R10,ramp,WIDTH_ONLY,4.3683927000098732,1.2709245225010619,3.0974681775088113,0.45002155670186528,0.35680539629776853,0.57827746851102002,0.029508389007575919,0.10370585370963117,0.098085782497307802,0.0056200712123233437,0.82822418775612583,0.94545454545454544
zone2,R10,ramp,WIDTH_SAME_SCREEN,3.9975871123009963,1.5182631576102654,2.47932395469073,0.53275209761435105,0.42628254099136509,0.36052991675081608,0.073410088614088112,0.064963075847402935,0.052150130072107052,0.01281294577529587,0.76753242499275776,0.73181818181818181
zone2,R20,ordinary,CLARA,4.3572954481647646,1.4517170017733749,2.9055784463913894,0.68120165335315164,0.40760734274442206,0.042064521871302975,0.63244956287082577,0.10759995633914177,0.0040657410932738976,0.10353421524586787,0.60014881603743064,0.0045454545454545452
zone2,R20,ordinary,FEASIBLE_STATE_ORACLE,4.2383910562090339,1.4672397311452929,2.7711513250637405,0.68921113295236336,0.41196765998372475,0.033740265757988615,0.65336542872873982,0.11020507447240602,0.0026593463297070949,0.10754572814269893,0.59572706166645573,0
zone2,R20,ordinary,FIX_REFERENCE_PRICE,4.4474283998460757,1.3747295712633094,3.0726988285827659,0.66252701751408705,0.38598166001687539,0.092665779163938852,0.51974738813954291,0.096586997964760307,0.011886920617165451,0.084700077347594854,0.59340077093113575,0.0045454545454545452
zone2,R20,ordinary,GLOBAL_SCORE_SAME_SCREEN,4.3265346452639823,1.5484450235016436,2.7780896217623376,0.69347348685469912,0.43477813536472248,0.013676529183286447,0.67360510071694302,0.11319304831563025,0.0011915158840834685,0.11200153243154677,0.610045989820301,0
zone2,R20,ordinary,NO_BACKOFF_EXACT,4.3808265108255338,1.4492447958896826,2.931581714935851,0.67971330644245698,0.40691290288945209,0.039785231907061784,0.61554939587379942,0.10360958414934848,0.0041646236178898366,0.099444960531458626,0.59919708077033718,0.0045454545454545452
zone2,R20,ordinary,NO_G,4.3384422303959216,1.4498399309937877,2.8886022994021334,0.68259536625741646,0.40708007567150428,0.044603937919739503,0.63758681626953073,0.11011192848123742,0.0042002509837836075,0.1059116774974538,0.60073827664603541,0.0045454545454545452
zone2,R20,ordinary,NO_RWG,4.2856603555717214,1.479548817553056,2.8061115380186648,0.68963562667659273,0.41542526852523143,0.051956305079433836,0.65427638662572118,0.11441541328120777,0.0053999849572659948,0.10901542832394176,0.60554616537420014,0.0090909090909090905
zone2,R20,ordinary,NO_SCREEN,4.3580395272191934,1.438503605291287,2.9195359219279053,0.67952344912897988,0.40389571451911649,0.059225771499363485,0.62500615351727484,0.10847200538530492,0.0059053723926298443,0.10256663299267507,0.60123151949837261,0.0090909090909090905
zone2,R20,ordinary,OUTCOME_ORACLE,3.5107346963313071,1.310534968186712,2.2001997281445953,0.73527448549800989,0.36794946814142643,0.0049990375622973298,0.78356716539140192,0.149365098362858,0.00045587871892178121,0.14890921964393622,0.49286994653591404,0
zone2,R20,ordinary,STATE_ORACLE,4.2129313766860612,1.4541939413059983,2.7587374353800627,0.68849570305629892,0.40830311227605759,0.04299396080080066,0.64640676439161293,0.1102945606890984,0.0032915841357403397,0.10700297655335807,0.59409577569039984,0.0045454545454545452
zone2,R20,ordinary,WIDTH_ONLY,5.2845047573127228,1.1111538807066001,4.1733508766061238,0.55063730888919937,0.31194354469195673,0.46008657570856598,0.056231737575579657,0.081142750510618047,0.0714001275209903,0.0097426229896277385,0.60555585349422814,0.65909090909090906
zone2,R20,ordinary,WIDTH_SAME_SCREEN,5.0481655169553337,1.2089334136225884,3.8392321033327472,0.58222213001707734,0.33940970562341433,0.2204863171540731,0.13750257507699817,0.053487730869245825,0.030889870229655038,0.022597860639590767,0.59364441529660805,0.17272727272727273
zone2,R20,overall,CLARA,4.6011077197259596,1.6262713368671415,2.9748363828588218,0.68176644227417971,0.45658314552899476,0.050372317481160798,0.61200789382936582,0.10400241348435942,0.0050409473011644081,0.098961466183194971,0.65694703752828332,0.0090909090909090905
zone2,R20,overall,FEASIBLE_STATE_ORACLE,4.5120876726481844,1.6314069658859094,2.8806807067622788,0.68738559142162436,0.4580257379499969,0.040239751363902128,0.6329231921775772,0.10612078428290014,0.0032411159432011042,0.10287966833969904,0.64678242558682242,0
zone2,R20,overall,FIX_REFERENCE_PRICE,4.7198383070796277,1.5264279255607855,3.1934103815188459,0.65303999845610761,0.42853724347664762,0.11048081948577043,0.49263101911716833,0.094384803195245517,0.014977114794413044,0.079407688400832441,0.65058282068167983,0.077272727272727271
zone2,R20,overall,GLOBAL_SCORE_SAME_SCREEN,4.5933127928832711,1.7109796168894185,2.8823331759938586,0.69359078666190188,0.48037760620940823,0.017534228444558219,0.65661646117424766,0.10915266571182806,0.0015161416250811573,0.1076365240867469,0.65954526601612173,0
zone2,R20,overall,NO_BACKOFF_EXACT,4.6418287629732768,1.6158991110667289,3.0259296519065519,0.67780084632875504,0.45366959895584513,0.048200023229536114,0.59589098551488007,0.10038276103176504,0.0051363794623693641,0.095246381569395647,0.65485942811419162,0.0045454545454545452
zone2,R20,overall,NO_G,4.584990379580228,1.6299559284754854,2.9550344511047451,0.6839107714928313,0.45761814317178806,0.053184481082239977,0.61807202753557999,0.10660001269109415,0.0052324945433950779,0.10136751814769905,0.65713718649240849,0.018181818181818181
zone2,R20,overall,NO_RWG,4.5605953700424218,1.6346649403408962,2.9259304297015278,0.68540625503483443,0.45894089931375759,0.061835085549180262,0.63465990836735697,0.11123802611006674,0.0068519866218980097,0.10438603948816869,0.66161891966960407,0.054545454545454543
zone2,R20,overall,NO_SCREEN,4.6064593447294593,1.609908617538353,2.99655072719111,0.67843639989446292,0.45198687605461618,0.069961453630184536,0.60299375762119223,0.10525420220790981,0.0074098366756334653,0.097844365532276323,0.66166801892781768,0.050000000000000003
zone2,R20,overall,OUTCOME_ORACLE,3.696887977708323,1.447330893830354,2.2495570838779702,0.73213903309894213,0.40631897613663936,0.0065530642990944401,0.77497236477449793,0.14610356493863666,0.00058236091093859189,0.14552120402769805,0.53217609061714433,0
zone2,R20,overall,STATE_ORACLE,4.4879983954906235,1.6143223370682349,2.8736760584223915,0.68595430961368553,0.45322668491132473,0.051110803790591602,0.62491279748447515,0.1061795957044244,0.004021163187454717,0.10215843251696968,0.64408744833905807,0
zone2,R20,overall,WIDTH_ONLY,6.0289868367267179,1.1750130543441486,4.8539737823825737,0.5150300711452328,0.32982520100006474,0.51060022061751531,0.042604167437463952,0.090437273096115267,0.082731189394531543,0.0077060837015837857,0.67431792144836289,0.88181818181818183
zone2,R20,overall,WIDTH_SAME_SCREEN,5.4624719342385637,1.3447726180093584,4.1176993162292099,0.57106690107137392,0.37751047169253921,0.25942066925620855,0.11343958151559817,0.055816005292422061,0.036774166511169347,0.019041838781252669,0.64965207832193639,0.37272727272727274
zone2,R20,ramp,CLARA,5.2630611904683988,1.8741416013660115,3.3889195891023833,0.66462397416861041,0.52624839597893425,0.061655441503992645,0.58355183205702876,0.099438658440640995,0.0063581623763366239,0.093080496064304338,0.76565575876398095,0.12272727272727273
zone2,R20,ramp,FEASIBLE_STATE_ORACLE,5.1913232593505754,1.875667699619419,3.3156555597311539,0.66905600215976524,0.5266770752635993,0.048213274091300634,0.60510283019508704,0.1007809775409427,0.0038602372965601496,0.096920740244382533,0.74741785050879206,0.077272727272727271
zone2,R20,ramp,FIX_REFERENCE_PRICE,5.4331039287819536,1.7504897611682007,3.6826141676137509,0.62206361089121276,0.49151473300202098,0.13437432284824966,0.45673151956066804,0.092267250862067871,0.019328122787309557,0.072939128074758303,0.77016363997435744,0.25454545454545452
zone2,R20,ramp,GLOBAL_SCORE_SAME_SCREEN,5.2639563905516233,1.9439969146888456,3.3199594758627704,0.67660039996658106,0.54587067500220232,0.02065923050199002,0.63097351556935743,0.10356282290689547,0.0017970616020799518,0.10176576130481553,0.75572360398702687,0.040909090909090909
zone2,R20,ramp,NO_BACKOFF_EXACT,5.329042692509347,1.8540673992383765,3.4749752932709672,0.65763474898349406,0.52060957515656492,0.059296504112961897,0.56774656687657743,0.096147138789703171,0.0064530611419444774,0.089694077647758677,0.76207148892536081,0.13636363636363635
zone2,R20,ramp,NO_G,5.2469651231774463,1.8856831938783991,3.3612819292990439,0.66761196121043009,0.52949041634758232,0.064661417009183916,0.59180229823083896,0.10215574976486429,0.0065878371931244635,0.095567912571739813,0.76609003906165762,0.10909090909090909
zone2,R20,ramp,NO_RWG,5.2538046276459607,1.8531530875916238,3.4006515400543336,0.65979201686558153,0.52035274604230841,0.075797229602861643,0.60746679222201472,0.1075481778101228,0.0091866084007246537,0.098361569409398136,0.78239605439102156,0.13181818181818181
zone2,R20,ramp,NO_SCREEN,5.2780417279552054,1.8482375598112653,3.4298041681439368,0.65826589182346618,0.51897197981187082,0.083670659769400413,0.57358446512340866,0.10131732796737937,0.0094429378923348937,0.091874390075044471,0.78453192982484832,0.15909090909090909
zone2,R20,ramp,OUTCOME_ORACLE,4.2534760684393094,1.6537701949040418,2.5997058735352674,0.71223821788759034,0.46434631551208883,0.0089810453757647631,0.76159216869933666,0.14242989557540139,0.00077765818481026581,0.14165223739059113,0.61372384607803432,0.022727272727272728
zone2,R20,ramp,STATE_ORACLE,5.1653380774352362,1.8541245612432242,3.3112135161920095,0.66689360736362302,0.52062563189949973,0.061292621237138772,0.59689427453791999,0.10091552197014841,0.0048108093969548094,0.096104712573193585,0.74489699495393769,0.072727272727272724
zone2,R20,ramp,WIDTH_ONLY,7.4658608775186837,1.2709245225010619,6.1949363550176226,0.45002155670186528,0.35680539629776853,0.57827746851102002,0.029508389007575919,0.10370585370963117,0.098085782497307802,0.0056200712123233437,0.82822418775612583,0.94545454545454544
zone2,R20,ramp,WIDTH_SAME_SCREEN,6.3610886403292204,1.5563793785823488,4.8047092617468703,0.54474380467098249,0.43698934463520855,0.31229178523129358,0.087732432491308854,0.060128048263552634,0.044990034682914085,0.015138013580638546,0.76317224715904008,0.59999999999999998
zone3,R01,ordinary,CLARA,1.6111805164182573,1.3998323630142502,0.21134815340400734,0.5889149335280911,0.3927521412063924,0.18283133812986341,0.13629537931180818,0.048345535913266208,0.025832964681339523,0.022512571231926681,0.66467013754733251,0.095454545454545459
zone3,R01,ordinary,FEASIBLE_STATE_ORACLE,1.5976202309021601,1.3838204469482644,0.21379978395389621,0.58492664828746976,0.38825441197437383,0.19544939408994802,0.12337830274374778,0.047938349163098658,0.027022227947277034,0.020916121215821613,0.66898513460898879,0.14545454545454545
zone3,R01,ordinary,FIX_REFERENCE_PRICE,1.7317156966487488,1.5608450672164886,0.1708706294322607,0.65946616289800142,0.43798042890365035,0.068073675040725409,0.49651215942551219,0.086533616520278273,0.0072495611023719216,0.079284055417906354,0.66549002811887559,0.013636363636363636
zone3,R01,ordinary,GLOBAL_SCORE_SAME_SCREEN,1.6031597371817774,1.3906247380218379,0.2125349991599397,0.58755530677148149,0.39016572969166979,0.19109980551163516,0.13306198835026636,0.048572670001866769,0.026611880635881515,0.021960789365985244,0.66713532903113637,0.10909090909090909
zone3,R01,ordinary,NO_BACKOFF_EXACT,1.6144834955487384,1.4035153112471925,0.21096818430154579,0.58959247629685418,0.39378667722688188,0.1796345498368786,0.14107454003791545,0.048696123711361859,0.025485840371964445,0.023210283339397404,0.6653015579873911,0.090909090909090912
zone3,R01,ordinary,NO_G,1.5878471061650716,1.3710324997238081,0.21681460644126374,0.58033681063753728,0.38466229196750412,0.20544107407760565,0.11146820778065104,0.047744486573196597,0.028528987722125844,0.019215498851070746,0.66677976076155698,0.23181818181818181
zone3,R01,ordinary,NO_RWG,1.5904025619049034,1.3744759187396394,0.21592664316526425,0.58101904867781773,0.38562954450004094,0.30010443284107213,0.097483975528263919,0.05716658930700301,0.040990713533281216,0.016175875773721784,0.66718919528760889,0.24090909090909091
zone3,R01,ordinary,NO_SCREEN,1.5725063658949521,1.3509176437018793,0.22158872219307296,0.57381820157037988,0.37901205151190615,0.32615734047890782,0.071129335465600893,0.057697519955925695,0.045482571736797248,0.012214948219128436,0.6677508233618844,0.29545454545454547
zone3,R01,ordinary,OUTCOME_ORACLE,1.5318295373648156,1.302434278616845,0.2293952587479707,0.5552720021675801,0.36539312873521096,0.41581236581307596,0.037178346193501174,0.064205531069204499,0.056783551634145668,0.0074219794350588123,0.66498518156996655,0.50454545454545452
zone3,R01,ordinary,STATE_ORACLE,1.5595050443780754,1.3355077917492211,0.2239972526288542,0.56934625156978058,0.37468344141284488,0.34384222612293575,0.058775782975298833,0.057886334263623385,0.047287384928126848,0.010598949335496521,0.67348983150601882,0.36818181818181817
zone3,R01,ordinary,WIDTH_ONLY,1.5318295373648156,1.2983073436478976,0.23352219371691849,0.55526380266699704,0.36423387733943913,0.41599107276720532,0.037171671517222983,0.06422555917358673,0.056806653562249121,0.0074189056113375899,0.68375689278770257,0.50454545454545452
zone3,R01,ordinary,WIDTH_SAME_SCREEN,1.5599774104683806,1.3338615891101591,0.22611582135822125,0.56661076266798316,0.37422102494119813,0.27658123380339039,0.07144073728492592,0.051110255609690076,0.037705332621840358,0.013404922987849699,0.67809728606150121,0.36818181818181817
zone3,R01,overall,CLARA,1.7023966808817417,1.4826285775995693,0.21976810328217314,0.58363745520456844,0.41579358499370089,0.19284313005327447,0.12826843427730236,0.048622390366997073,0.027259083310734712,0.021363307056262347,0.69074120518012461,0.18181818181818182
zone3,R01,overall,FEASIBLE_STATE_ORACLE,1.6911440800479234,1.4697956056130514,0.22134847443487243,0.58072055525621014,0.41218881758175807,0.20619819355678343,0.11584039976308408,0.048381989899197626,0.028563571842022056,0.019818418057175536,0.69470392428008965,0.21363636363636362
zone3,R01,overall,FIX_REFERENCE_PRICE,1.8473073916031495,1.6759060896459679,0.17140130195718153,0.65911685546652299,0.47008502096179011,0.072947355140395714,0.49046558294678938,0.085765142941563816,0.0078394519346578432,0.077925691006905953,0.69273198296791139,0.027272727272727271
zone3,R01,overall,GLOBAL_SCORE_SAME_SCREEN,1.6951371868755023,1.4744730372701658,0.2206641496053372,0.58227302702802819,0.41350270287870028,0.20134064965137138,0.12507807694028625,0.048932166869284012,0.028114111992227481,0.020818054877056513,0.69261661580191658,0.20000000000000001
zone3,R01,overall,NO_BACKOFF_EXACT,1.7066356865391847,1.487581790750427,0.2190538957887582,0.58469859552127434,0.41718493700236875,0.18956087240817393,0.13254555524577805,0.048908176972675091,0.02687569633146749,0.022032480641207584,0.6915263460777068,0.18636363636363637
zone3,R01,overall,NO_G,1.6831009416429776,1.459063399990755,0.22403754165222303,0.57733121122823505,0.40917415308111288,0.21721116513713545,0.10475476917077997,0.048377807650304798,0.030282103865284321,0.018095703785020425,0.69212656096392833,0.26818181818181819
zone3,R01,overall,NO_RWG,1.6521573340077462,1.4184342317403726,0.23372310226737361,0.56202142048808368,0.39776146537033175,0.31200058839437989,0.089526020834270886,0.057914601818965281,0.042940193987430438,0.014974407831534805,0.6949511766732358,0.53181818181818186
zone3,R01,overall,NO_SCREEN,1.6309747215586787,1.390574336969534,0.24040038458914514,0.55407059670109138,0.38993565223245552,0.34031222547418305,0.066448700208250541,0.059052191628984008,0.047607643017578964,0.011444548611404986,0.69608136956497568,0.65000000000000002
zone3,R01,overall,OUTCOME_ORACLE,1.5937476018649044,1.34574527626629,0.24800232559861407,0.53773813514392022,0.37734321945064592,0.43038207757716357,0.035202994717928607,0.066228463202005594,0.059228474715442389,0.0069999884865631773,0.69437067206099434,0.77272727272727271
zone3,R01,overall,STATE_ORACLE,1.6198255165280373,1.3773543762814544,0.24247114024658331,0.55045502437744542,0.38622218012906279,0.35840589721372085,0.055003103343816945,0.0594902912859206,0.049574136714995214,0.0099161545709253434,0.70120496226968676,0.71363636363636362
zone3,R01,overall,WIDTH_ONLY,1.5937476018649044,1.3421921124728584,0.25155548939204581,0.53771579665457347,0.37634513973338979,0.43061140837137929,0.03520067353598276,0.066245721574224634,0.059248720776700285,0.0069970007975243189,0.71089187407624699,0.77272727272727271
zone3,R01,overall,WIDTH_SAME_SCREEN,1.6529884369003593,1.4187494191945269,0.23423901770583222,0.56287766880916434,0.39785000117206032,0.2891036952760056,0.068470394331899151,0.052324136911108071,0.039511921233896644,0.012812215677211417,0.70364038911010662,0.48636363636363639
zone3,R01,ramp,CLARA,1.8261166804644688,1.5921128497265771,0.23400383073789194,0.57753890628441396,0.44637917838806951,0.19655592369196917,0.12700094676877841,0.048894855454421571,0.027815916541671225,0.021078938912750318,0.73881983269707285,0.32272727272727275
zone3,R01,ramp,FEASIBLE_STATE_ORACLE,1.8166553861448358,1.581545734532021,0.23510965161281461,0.5754367867632878,0.44341088760308217,0.21016920435687625,0.11455908173504484,0.048699136158577634,0.029156990883389106,0.019542145275188501,0.74278500370474998,0.34090909090909088
zone3,R01,ramp,FIX_REFERENCE_PRICE,1.9862317655134409,1.8044985648904122,0.18173320062302856,0.65014798675568919,0.50603808714195586,0.07539815382982494,0.48856605919090856,0.085457461502966722,0.0081299265046685925,0.0773275349982981,0.73952352515530473,0.090909090909090912
zone3,R01,ramp,GLOBAL_SCORE_SAME_SCREEN,1.8200920294069856,1.5854650029934449,0.2346270264135408,0.57653656936294961,0.44451180571022347,0.20519313260457131,0.12384444117930085,0.049236120163352576,0.028692364564588378,0.020543755598764174,0.74062508347430211,0.33181818181818185
zone3,R01,ramp,NO_BACKOFF_EXACT,1.828741364583413,1.5952443069561599,0.23349705762725312,0.57796385394603456,0.4472588012053681,0.19353800504005494,0.13118222875025734,0.049176950701241437,0.027432019583332742,0.021744931117908681,0.73981564748602713,0.33181818181818185
zone3,R01,ramp,NO_G,1.8123781744926697,1.5754675592347582,0.23691061525791166,0.57426929882315092,0.44170353499149123,0.22153661076476006,0.1037449817491029,0.048726710196910737,0.030893287388126099,0.017833422808784631,0.73935424779993075,0.37272727272727274
zone3,R01,ramp,NO_RWG,1.7340808250195878,1.4738723115212433,0.26020851349834512,0.5349714724471154,0.41316554406072881,0.31566534059207596,0.088139524712501735,0.058370579593448525,0.043705907395838656,0.014664672197609852,0.74851160894156554,0.67272727272727273
zone3,R01,ramp,NO_SCREEN,1.7113166966309707,1.4440857940096536,0.26723090262131771,0.52671772845670373,0.40479854475972038,0.34495085184386126,0.066471906243970938,0.059743295026257005,0.048440800950439435,0.011302494075817564,0.74990474592023126,0.77272727272727271
zone3,R01,ramp,OUTCOME_ORACLE,1.6757806229399785,1.4008673721544953,0.27491325078548373,0.51186961091531658,0.39265853862063116,0.43476101601626371,0.035461938012536873,0.067116384522860228,0.060176363302132788,0.0069400212207274114,0.74883185603026081,0.85909090909090913
zone3,R01,ramp,STATE_ORACLE,1.701218985094362,1.4319742945310721,0.26924469056329048,0.5234946747716348,0.40139643816461346,0.3629852526396723,0.055098273422282247,0.060249627362298691,0.050464040558813324,0.0097855868034853397,0.75510919314243363,0.8136363636363636
zone3,R01,ramp,WIDTH_ONLY,1.6757806229399785,1.3975852854274722,0.27819533751250691,0.51184266218233276,0.39173660414674827,0.43501053352158303,0.03546119710715049,0.067132835424295198,0.060195811623690976,0.0069370238006041911,0.7646881390762329,0.86818181818181817
zone3,R01,ramp,WIDTH_SAME_SCREEN,1.775669149296579,1.5264985322110711,0.249170617085508,0.55681970443578965,0.42794819032191656,0.29354872066990628,0.068515238029378964,0.052917249175892897,0.040201000564310301,0.012716248611582579,0.75201884859492885,0.57272727272727275
zone3,R02,ordinary,CLARA,1.8331476856788165,1.4190688103894031,0.4140788752894134,0.59515699763519858,0.3981556376600871,0.14996677998830329,0.16083124225199977,0.047204776573044685,0.021145800736248114,0.026058975836796564,0.66239982278528609,0.054545454545454543
zone3,R02,ordinary,FEASIBLE_STATE_ORACLE,1.8208224449645005,1.404146445646431,0.4166759993180697,0.59139606959591329,0.39396396217048801,0.16075962897489882,0.14337352595189623,0.046177661164851461,0.022157226157759086,0.024020435007092361,0.66555224658234835,0.095454545454545459
zone3,R02,ordinary,FIX_REFERENCE_PRICE,1.9025863260810096,1.5608450672164886,0.34174125886452139,0.65946616289800142,0.43798042890365035,0.068073675040725409,0.49651215942551219,0.086533616520278273,0.0072495611023719216,0.079284055417906354,0.66549002811887559,0.013636363636363636
zone3,R02,ordinary,GLOBAL_SCORE_SAME_SCREEN,1.8256771897614399,1.4073240268498608,0.41835316291157915,0.59291530122549341,0.39485654116021551,0.16080003693605568,0.15218641569783703,0.047140034658545257,0.022248482158124385,0.024891552500420858,0.6651576975516087,0.072727272727272724
zone3,R02,ordinary,NO_BACKOFF_EXACT,1.8376992875416649,1.4262973094658584,0.41140197807580664,0.59693515320803447,0.40018611492875428,0.1459401044688084,0.169076509124122,0.047821649441766957,0.020705910823294198,0.027115738618472739,0.66274182957308803,0.045454545454545456
zone3,R02,ordinary,NO_G,1.8092352521104798,1.3791347670683187,0.43010048504216114,0.58373528995573798,0.38693820976090604,0.17669298941354797,0.13016956767953528,0.046625749414788656,0.024749411036792231,0.021876338377996414,0.66635306711029707,0.20909090909090908
zone3,R02,ordinary,NO_RWG,1.8113718739759122,1.3841593057551855,0.42721256822072695,0.58425970504569835,0.38834959703249766,0.28530659001134395,0.104695854061643,0.055943287055781485,0.038574028536712761,0.017369258519068703,0.66627010857148072,0.19545454545454546
zone3,R02,ordinary,NO_SCREEN,1.7966015055771669,1.3566128228126422,0.43998868276452485,0.57585348317107554,0.38061182092504181,0.31713485651031631,0.077622831910752449,0.057484439969541001,0.04449484202450902,0.012989597945031975,0.66772022681878052,0.27272727272727271
zone3,R02,ordinary,OUTCOME_ORACLE,1.7358966761766255,1.3872627462466594,0.34863392992996611,0.57421437943927811,0.38922134997954089,0.28909612988118755,0.053603647460125553,0.049876793832220961,0.039632754484705886,0.010244039347515057,0.58398829141993669,0.26363636363636361
zone3,R02,ordinary,STATE_ORACLE,1.7829657249787132,1.3391310881091054,0.44383463686960756,0.57050103501311911,0.37570122128921685,0.33770565040358541,0.059948401724482715,0.057500780977320892,0.04670099819564863,0.010799782781672242,0.67157758575488746,0.35454545454545455
zone3,R02,ordinary,WIDTH_ONLY,1.7653517310817342,1.2983073436478976,0.46704438743383697,0.55526380266699704,0.36423387733943913,0.41599107276720532,0.037171671517222983,0.06422555917358673,0.056806653562249121,0.0074189056113375899,0.68375689278770257,0.50454545454545452
zone3,R02,ordinary,WIDTH_SAME_SCREEN,1.7934890465508788,1.3462115753395139,0.44727747121136502,0.57057471237000068,0.37769012219663489,0.24619907766761565,0.080799436873721625,0.048363835957059308,0.033392895609440199,0.014970940347619094,0.67598449370930336,0.31818181818181818
zone3,R02,overall,CLARA,1.9360587806449356,1.507905784064371,0.4281529965805651,0.59170704624544057,0.4228939238883081,0.1597065845267564,0.15253858101743839,0.047327771091524362,0.022483528733826138,0.0248442423576982,0.68813501578362168,0.086363636363636365
zone3,R02,overall,FEASIBLE_STATE_ORACLE,1.9251126585716403,1.4951286683557732,0.4299839902158677,0.58856948728070413,0.419304846442073,0.17072646334316563,0.13592762316343449,0.04645497773138027,0.023570166682814028,0.022884811048566191,0.69106587733636937,0.11818181818181818
zone3,R02,overall,FIX_REFERENCE_PRICE,2.0187086935603311,1.6759060896459679,0.34280260391436307,0.65911685546652299,0.47008502096179011,0.072947355140395714,0.49046558294678938,0.085765142941563816,0.0078394519346578432,0.077925691006905953,0.69273198296791139,0.027272727272727271
zone3,R02,overall,GLOBAL_SCORE_SAME_SCREEN,1.9290060232640036,1.4967935807856003,0.43221244247840368,0.58930098611721538,0.41977251847292341,0.17094384682783484,0.14418050097230978,0.047401019576104611,0.02372018678337668,0.023680832792727903,0.69028923802660758,0.10909090909090909
zone3,R02,overall,NO_BACKOFF_EXACT,1.9401827572485124,1.5140309777291425,0.42615177951937061,0.59319154381538808,0.42461448390650219,0.15555338588540898,0.16001170566326653,0.04783596940297366,0.021985118322478406,0.025850851080495219,0.68823356366240473,0.090909090909090912
zone3,R02,overall,NO_G,1.9178818198777641,1.478832262612233,0.4390495572655313,0.58372439837580137,0.4147272043792809,0.18674716362781774,0.12238310869215084,0.046992165388756432,0.026345225245460815,0.020646940143295569,0.6906092435710155,0.20000000000000001
zone3,R02,overall,NO_RWG,1.890662132179096,1.4276999700133,0.46296216216579583,0.56518770209658353,0.40036420084025509,0.29732161909696153,0.096456316922727034,0.056694268223351343,0.040607882192319644,0.016086386031031658,0.69395345263102248,0.47727272727272729
zone3,R02,overall,NO_SCREEN,1.8730713404124009,1.3959455988249676,0.47712574158743398,0.55581194146852841,0.39144443365252113,0.33089091893193912,0.072344498168128379,0.058743964739642315,0.046574288521191255,0.012169676218451008,0.69595676867517053,0.6045454545454545
zone3,R02,overall,OUTCOME_ORACLE,1.8169073775626559,1.4447958744388165,0.37211150312383967,0.55815245539947556,0.40516642118450141,0.30079455388963011,0.050179915536703229,0.050747122884585605,0.041126538130997599,0.0096205847535879869,0.61097218530122122,0.57727272727272727
zone3,R02,overall,STATE_ORACLE,1.8618423923051861,1.3805512258021257,0.4812911665030607,0.55132032312069179,0.38712017156745371,0.35250726716222419,0.05626046502111394,0.059072593826562006,0.048934087468513569,0.010138506358048388,0.70005682373939737,0.69545454545454544
zone3,R02,overall,WIDTH_ONLY,1.8453030912569499,1.3421921124728584,0.50311097878409161,0.53771579665457347,0.37634513973338979,0.43061140837137929,0.03520067353598276,0.066245721574224634,0.059248720776700285,0.0069970007975243189,0.71089187407624699,0.77272727272727271
zone3,R02,overall,WIDTH_SAME_SCREEN,1.8981543563580012,1.4370223824114503,0.4611319739465507,0.56862183222943041,0.40298285600827471,0.25838182358528072,0.077785818591329992,0.049502266913564082,0.03515667992214204,0.014345586991422032,0.70095113343282855,0.39090909090909093
zone3,R02,ramp,CLARA,2.0788137107463767,1.6246396943556998,0.45417401639067662,0.58756910487357028,0.4555159324973736,0.16374576112390549,0.15089542879778611,0.047520663590854176,0.023019948761316741,0.024500714829537414,0.73526303528878945,0.23181818181818181
zone3,R02,ramp,FEASIBLE_STATE_ORACLE,2.0691675922638679,1.6139639091223876,0.45520368314148019,0.58525788168607262,0.45251711642060072,0.1748445795054463,0.13444483915734481,0.046705788168864809,0.024135243287133276,0.022570544881731491,0.73828796921572593,0.24545454545454545
zone3,R02,ramp,FIX_REFERENCE_PRICE,2.1679649661364699,1.8044985648904122,0.36346640124605711,0.65014798675568919,0.50603808714195586,0.07539815382982494,0.48856605919090856,0.085457461502966722,0.0081299265046685925,0.0773275349982981,0.73952352515530473,0.090909090909090912
zone3,R02,ramp,GLOBAL_SCORE_SAME_SCREEN,2.0727265778399251,1.6150064571267562,0.45772012071316881,0.58556361369357757,0.45280996698362547,0.17518503935172866,0.14271328973909636,0.047656253061619441,0.024304683648491535,0.023351569413127875,0.73744780663343634,0.24545454545454545
zone3,R02,ramp,NO_BACKOFF_EXACT,2.0808483701021414,1.6277419241260294,0.45310644597611155,0.58816964440738995,0.45638734535420777,0.15994031642703674,0.15803341928939857,0.04801019252249962,0.022512620296179234,0.025497572226320365,0.73518472802372137,0.22727272727272727
zone3,R02,ramp,NO_G,2.066510887203076,1.6056369543064415,0.46087393289663453,0.58326632468249107,0.45017808416893046,0.19036041918428842,0.1208606611686453,0.047230242357417226,0.026893702461557568,0.020336539895859634,0.73682005880089763,0.26818181818181819
zone3,R02,ramp,NO_RWG,1.9990017273994349,1.4830794001851129,0.51592232721432252,0.53811551859547802,0.41575180492136632,0.30107265316485793,0.094901463950588114,0.05716681325453541,0.041421270598789112,0.015745542655746271,0.74746137891686604,0.62272727272727268
zone3,R02,ramp,NO_SCREEN,1.9802985952517116,1.4496169052258898,0.53068169002582244,0.5282406932795195,0.40635222768562929,0.33539089058072646,0.072134934448377042,0.059394572236511518,0.047388396320241936,0.012006175916269565,0.74894802993767162,0.75
zone3,R02,ramp,OUTCOME_ORACLE,1.9261421092471376,1.5122665411411211,0.41387556810601639,0.53279351169053368,0.42395044002136895,0.30496226709060231,0.050224704070105722,0.051253432241161578,0.041755149887377899,0.0094982823537836554,0.65691184372379108,0.72727272727272729
zone3,R02,ramp,STATE_ORACLE,1.9700253470747808,1.4351308016421009,0.53489454543268011,0.52431295395329536,0.40228309746546426,0.35723189811888056,0.056401991710599696,0.059824566482403627,0.049807244220759807,0.010017322261643802,0.75420468346893688,0.8136363636363636
zone3,R02,ramp,WIDTH_ONLY,1.9539759604524856,1.3975852854274722,0.55639067502501383,0.51184266218233276,0.39173660414674827,0.43501053352158303,0.03546119710715049,0.067132835424295198,0.060195811623690976,0.0069370238006041911,0.7646881390762329,0.86818181818181817
zone3,R02,ramp,WIDTH_SAME_SCREEN,2.0409417087248563,1.5524274697839615,0.48851423894089419,0.56467304577046262,0.43523159975250375,0.26309321831589416,0.077865287829272989,0.050082414934521036,0.035850361835776355,0.01423205309874466,0.74825020922246122,0.5
zone3,R05P6179775281,ordinary,CLARA,2.520792423577503,1.5608450672164886,0.95994735636101514,0.65946616289800142,0.43798042890365035,0.068073675040725409,0.49651215942551219,0.086533616520278273,0.0072495611023719216,0.079284055417906354,0.66549002811887559,0.013636363636363636
zone3,R05P6179775281,ordinary,FEASIBLE_STATE_ORACLE,2.4843112664151161,1.5577124947617118,0.92659877165340454,0.65967380481303506,0.4371004928208479,0.072647380845727236,0.48258176243781142,0.084545957712166664,0.0076033486942953289,0.076942609017871325,0.66044650228099411,0.018181818181818181
zone3,R05P6179775281,ordinary,FIX_REFERENCE_PRICE,2.520792423577503,1.5608450672164886,0.95994735636101514,0.65946616289800142,0.43798042890365035,0.068073675040725409,0.49651215942551219,0.086533616520278273,0.0072495611023719216,0.079284055417906354,0.66549002811887559,0.013636363636363636
zone3,R05P6179775281,ordinary,GLOBAL_SCORE_SAME_SCREEN,2.5532403094682024,1.5536591654496428,0.99958114401856013,0.63736013564025662,0.4359619171713901,0.034226431988675129,0.36026099237220199,0.055962037107468582,0.0049342255351369439,0.05102781157233164,0.64953834532755306,0.0090909090909090905
zone3,R05P6179775281,ordinary,NO_BACKOFF_EXACT,2.5268399050755668,1.564764219173711,0.96207568590185599,0.65898804261251409,0.43908131428489272,0.064709571904595822,0.49365278624597331,0.085359159454920522,0.0070500826285477582,0.078309076826372767,0.66472756681305267,0.013636363636363636
zone3,R05P6179775281,ordinary,NO_G,2.5028953446910225,1.5289565122252213,0.97393883246580182,0.65320131395220116,0.42902296963644043,0.090202890140954187,0.49092319668842815,0.088540152161435112,0.010085144379639886,0.078455007781795219,0.66881658034061142,0.072727272727272724
zone3,R05P6179775281,ordinary,NO_RWG,2.4993254804402665,1.5476261645604912,0.95169931587977619,0.65765940354865882,0.4342672540002801,0.13126290596517046,0.46584737968309353,0.089887370713918571,0.01460652829935063,0.075280842414567936,0.66796829334286245,0.054545454545454543
zone3,R05P6179775281,ordinary,NO_SCREEN,2.5103152351329094,1.5286817096212424,0.98163352551166727,0.65179810975077124,0.42894577789374971,0.12427920267586709,0.46879204394990581,0.089278228083460892,0.014146394552542964,0.07513183353091793,0.67039968540423389,0.081818181818181818
zone3,R05P6179775281,ordinary,OUTCOME_ORACLE,2.2151718968735215,1.4879342686990531,0.72723762817446824,0.67727954167556392,0.41749986752234813,0.014624095656629763,0.59504577649566592,0.08732602335535064,0.0016853033796055518,0.085640719975745086,0.56022258236850453,0
zone3,R05P6179775281,ordinary,STATE_ORACLE,2.4641774794075983,1.5176912458186667,0.94648623358893191,0.64976308433033747,0.42585856896044183,0.14788747223407742,0.440687990310142,0.08747630455980536,0.016572478169233365,0.070903826390571995,0.66433180667718872,0.12272727272727273
zone3,R05P6179775281,ordinary,WIDTH_ONLY,2.6102297802597989,1.2983073436478976,1.3119224366119016,0.55526380266699704,0.36423387733943913,0.41599107276720532,0.037171671517222983,0.06422555917358673,0.056806653562249121,0.0074189056113375899,0.68375689278770257,0.50454545454545452
zone3,R05P6179775281,ordinary,WIDTH_SAME_SCREEN,2.6021410778457912,1.369059243958376,1.2330818338874152,0.5774846527369456,0.3841080066401355,0.18968753668070917,0.10165343277210701,0.044571644324590348,0.026429150448829607,0.01814249387576073,0.67076947466448356,0.24090909090909091
zone3,R05P6179775281,overall,CLARA,2.6388347523267623,1.6759060896459679,0.96292866268079513,0.65911685546652299,0.47008502096179011,0.072947355140395714,0.49046558294678938,0.085765142941563816,0.0078394519346578432,0.077925691006905953,0.69273198296791139,0.027272727272727271
zone3,R05P6179775281,overall,FEASIBLE_STATE_ORACLE,2.6106075674451672,1.6618834214903253,0.948724145954843,0.65616439331527321,0.46614606923267726,0.077882753323000167,0.47566028859297516,0.083699239653725263,0.0082686363790406576,0.075430603274684579,0.68846596614649258,0.031818181818181815
zone3,R05P6179775281,overall,FIX_REFERENCE_PRICE,2.6388347523267623,1.6759060896459679,0.96292866268079513,0.65911685546652299,0.47008502096179011,0.072947355140395714,0.49046558294678938,0.085765142941563816,0.0078394519346578432,0.077925691006905953,0.69273198296791139,0.027272727272727271
zone3,R05P6179775281,overall,GLOBAL_SCORE_SAME_SCREEN,2.676950490069923,1.6396704647287919,1.0372800253411318,0.63276303258356348,0.45990647463674089,0.039913865394585718,0.34639111731682465,0.054842819892737336,0.0055748903142165762,0.049267929578520733,0.67473465544389311,0
zone3,R05P6179775281,overall,NO_BACKOFF_EXACT,2.6436967966619762,1.6769506648133841,0.96674613184859304,0.65832786128064091,0.47037844095263742,0.069667133039329296,0.48727931489679366,0.084541754302023597,0.0076178058580364241,0.076923948443987158,0.69229139354758207,0.013636363636363636
zone3,R05P6179775281,overall,NO_G,2.6253591495222532,1.6569985910299372,0.96836055849231695,0.65542427025471783,0.46477392584492783,0.095454754729185201,0.48285086067534316,0.087770674540440338,0.010737262651647579,0.077033411888792716,0.69418977934168291,0.077272727272727271
zone3,R05P6179775281,overall,NO_RWG,2.6116412143868848,1.6277632561648965,0.98387795822198887,0.64719527689305367,0.45656175313002884,0.1388661139570356,0.45726807572458783,0.089442650384299952,0.015756486640616296,0.073686163743683641,0.69553446930782348,0.13636363636363635
zone3,R05P6179775281,overall,NO_SCREEN,2.6222796880813659,1.6325713846937919,0.98970830338757398,0.64827245685006751,0.45791235103140393,0.12979031517205369,0.46298155427015281,0.088696114857567968,0.014893497323453022,0.073802617534114906,0.69987325415004575,0.17727272727272728
zone3,R05P6179775281,overall,OUTCOME_ORACLE,2.3050579657334374,1.5683202147082209,0.73673775102521588,0.67095485224253582,0.43986426957478336,0.01590430091319725,0.58824047600243323,0.086064413696698913,0.0018007871379984632,0.084263626558700427,0.58168538256828251,0
zone3,R05P6179775281,overall,STATE_ORACLE,2.5822401854976889,1.603029002990467,0.97921118250722261,0.64130138317539997,0.44961392920462762,0.1546239677963685,0.43322721032774297,0.086892895816165799,0.017510042161987011,0.069382853654178761,0.69448422039156865,0.21818181818181817
zone3,R05P6179775281,overall,WIDTH_ONLY,2.755425198945026,1.3421921124728584,1.4132330864721674,0.53771579665457347,0.37634513973338979,0.43061140837137929,0.03520067353598276,0.066245721574224634,0.059248720776700285,0.0069970007975243189,0.71089187407624699,0.77272727272727271
zone3,R05P6179775281,overall,WIDTH_SAME_SCREEN,2.7282737167557958,1.4707349505344085,1.2575387662213884,0.57869209731347426,0.41245267851472339,0.20195117013249664,0.098012885702531236,0.045523128182861597,0.02805607178696487,0.01746705639589672,0.6957771719492758,0.22272727272727272
zone3,R05P6179775281,ramp,CLARA,2.8254716020984398,1.8044985648904122,1.0209730372080257,0.65014798675568919,0.50603808714195586,0.07539815382982494,0.48856605919090856,0.085457461502966722,0.0081299265046685925,0.0773275349982981,0.73952352515530473,0.090909090909090912
zone3,R05P6179775281,ramp,FEASIBLE_STATE_ORACLE,2.8014576299919467,1.7863684860847104,1.0150891439072345,0.64595170797972568,0.50094536837630954,0.080614969299071262,0.4732984308003873,0.083370739976964953,0.0085863922060291052,0.07478434777093583,0.73555980066468296,0.090909090909090912
zone3,R05P6179775281,ramp,FIX_REFERENCE_PRICE,2.8254716020984398,1.8044985648904122,1.0209730372080257,0.65014798675568919,0.50603808714195586,0.07539815382982494,0.48856605919090856,0.085457461502966722,0.0081299265046685925,0.0773275349982981,0.73952352515530473,0.090909090909090912
zone3,R05P6179775281,ramp,GLOBAL_SCORE_SAME_SCREEN,2.8634127698339387,1.7418073636447156,1.1216054061892222,0.62088305766761387,0.4884281991515918,0.04243206929491232,0.33855268639811958,0.054245777093013141,0.005864918708333753,0.048380858384679384,0.7192750592775804,0.040909090909090909
zone3,R05P6179775281,ramp,NO_BACKOFF_EXACT,2.8286238038713525,1.8012023819525003,1.02742142191885,0.64840066637292115,0.50511219305827271,0.072422234240160102,0.48512520760304023,0.084215044317769883,0.0079040292162330678,0.076311015101536789,0.73928774288643972,0.090909090909090912
zone3,R05P6179775281,ramp,NO_G,2.8185873835316335,1.7998675978822127,1.018719785649419,0.64976276673170319,0.5047372537126863,0.097739778578489367,0.47990529656702785,0.087422079541693856,0.010962381147255973,0.076459698394437878,0.74020264713605222,0.090909090909090912
zone3,R05P6179775281,ramp,NO_RWG,2.7860614397942451,1.7113322510429354,1.0747291887513084,0.6241037997981953,0.47986777426345112,0.14155288290303802,0.45372978771850775,0.089169309106843148,0.016196369111546521,0.072972939995296623,0.74722551826216443,0.26363636363636361
zone3,R05P6179775281,ramp,NO_SCREEN,2.8004377644871181,1.744750277488855,1.0556874869982613,0.63512972340569662,0.48925486034376564,0.13158296083307944,0.46125558606351624,0.088406185185763514,0.015153268140125383,0.073252917045638119,0.75103469579890503,0.25454545454545452
zone3,R05P6179775281,ramp,OUTCOME_ORACLE,2.4559785854824461,1.6578048373637408,0.79817374811870445,0.65402464253326198,0.46483198390412733,0.016397369498597322,0.58530566433853259,0.085550733524581174,0.0018493195954164246,0.083701413929164761,0.61852791543732888,0.050000000000000003
zone3,R05P6179775281,ramp,STATE_ORACLE,2.758822402254042,1.6984757921511437,1.0603466101028973,0.62376627524730599,0.47625640940620656,0.15678577591284892,0.43048547038788126,0.086580413399728745,0.017829572616449435,0.068750840783279296,0.74752962400515632,0.29999999999999999
zone3,R05P6179775281,ramp,WIDTH_ONLY,2.9604804399921183,1.3975852854274722,1.5628951545646457,0.51184266218233276,0.39173660414674827,0.43501053352158303,0.03546119710715049,0.067132835424295198,0.060195811623690976,0.0069370238006041911,0.7646881390762329,0.86818181818181817
zone3,R05P6179775281,ramp,WIDTH_SAME_SCREEN,2.9195265521066678,1.5966957837560576,1.3228307683506093,0.57779477245096622,0.44766651940758678,0.2071876713998064,0.097959306057051165,0.046104838186679153,0.028764844923958342,0.017339993262720777,0.74212039759482418,0.33181818181818185
zone3,R10,ordinary,CLARA,3.2590379781116914,1.602699986687691,1.6563379914240008,0.67265661224084672,0.44973742875511186,0.046946448458835409,0.57850906162846449,0.096656168118833152,0.0043870677945802052,0.092269100324252937,0.66772581319677971,0.013636363636363636
zone3,R10,ordinary,FEASIBLE_STATE_ORACLE,3.1921012897888428,1.6136815679267185,1.5784197218621248,0.67772994748314308,0.45282214258629933,0.05134496686786455,0.58445166130551696,0.099027814892518801,0.0044594857103474467,0.09456832918217134,0.66133274305629286,0.0045454545454545452
zone3,R10,ordinary,FIX_REFERENCE_PRICE,3.269551361539095,1.5608450672164886,1.708706294322607,0.65946616289800142,0.43798042890365035,0.068073675040725409,0.49651215942551219,0.086533616520278273,0.0072495611023719216,0.079284055417906354,0.66549002811887559,0.013636363636363636
zone3,R10,ordinary,GLOBAL_SCORE_SAME_SCREEN,3.2851335007378508,1.7326696911535537,1.5524638095842971,0.69265969943644123,0.48624577270619745,0.0094276987084210059,0.67318030589194933,0.10869997272099766,0.00095498448524079804,0.10774498823575686,0.67323394384426627,0
zone3,R10,ordinary,NO_BACKOFF_EXACT,3.2674086532859561,1.6057017067234276,1.6617069465625289,0.67172640415997042,0.45058060854043108,0.045123613732485683,0.57278999062789671,0.095265604543113891,0.0042874783504424658,0.090978126192671413,0.66728738147526678,0.0090909090909090905
zone3,R10,ordinary,NO_G,3.2374217114674697,1.593831370717864,1.643590340749606,0.67319432629789844,0.44724624449392447,0.061168008562948809,0.58797275973395235,0.10090717779287686,0.0054936189789694711,0.095413558813907395,0.67072237169077253,0.045454545454545456
zone3,R10,ordinary,NO_RWG,3.224955290751351,1.6127301568331918,1.6122251339181599,0.67691191347985846,0.45255489227912876,0.087495142558734376,0.56882310107215162,0.10217855574266617,0.0083818558241725849,0.093796699918493584,0.67121459774975456,0.027272727272727271
zone3,R10,ordinary,NO_SCREEN,3.2600324015310544,1.5810790315709924,1.6789533699600621,0.66833037651427896,0.44366412675603917,0.076046995596881495,0.56360445865186592,0.09751445062141624,0.0073542150700384992,0.09016023555137774,0.67285974790542635,0.036363636363636362
zone3,R10,ordinary,OUTCOME_ORACLE,2.7791996371968506,1.4962116108963197,1.2829880263005309,0.70391275589226332,0.41982496364517585,0.0065580714340839142,0.7157266905139742,0.11432870364625856,0.00067894380814036072,0.11364975983811822,0.56058683149611055,0
zone3,R10,ordinary,STATE_ORACLE,3.1746610249041649,1.5915655233709929,1.5830955015331722,0.6741871373321191,0.44660977052008416,0.089595572594562869,0.56166619179861788,0.099766732486724963,0.0079651967284245385,0.091801535758300412,0.66103568885482378,0.036363636363636362
zone3,R10,ordinary,WIDTH_ONLY,3.6335292808170823,1.2983073436478976,2.3352219371691847,0.55526380266699704,0.36423387733943913,0.41599107276720532,0.037171671517222983,0.06422555917358673,0.056806653562249121,0.0074189056113375899,0.68375689278770257,0.50454545454545452
zone3,R10,ordinary,WIDTH_SAME_SCREEN,3.5520672750927456,1.3835686656384003,2.1684986094543448,0.58168892780152404,0.38818368688733335,0.16110072788691693,0.11214668493237279,0.042739446123867285,0.022743533390416289,0.019995912733450992,0.66805035806645308,0.22272727272727272
zone3,R10,overall,CLARA,3.3762346255371809,1.7278228458103388,1.6484117797268452,0.67495149064371307,0.48466837943492769,0.050713187855228908,0.57204088155311905,0.095711042774897517,0.0047757294698783604,0.090935313305019153,0.69561954801315384,0.013636363636363636
zone3,R10,overall,FEASIBLE_STATE_ORACLE,3.3307804907425025,1.7277470471476697,1.6030334435948363,0.6771896340712823,0.4846470876757511,0.054794717010924539,0.57887349580970504,0.098150231072323638,0.0048140913661673841,0.093336139706156243,0.69102993463679274,0.013636363636363636
zone3,R10,overall,FIX_REFERENCE_PRICE,3.3899191092177801,1.6759060896459679,1.7140130195718153,0.65911685546652299,0.47008502096179011,0.072947355140395714,0.49046558294678938,0.085765142941563816,0.0078394519346578432,0.077925691006905953,0.69273198296791139,0.027272727272727271
zone3,R10,overall,GLOBAL_SCORE_SAME_SCREEN,3.410145384436031,1.8395911370750768,1.5705542473609611,0.69386062980918861,0.51606396686884048,0.010845074164569786,0.66948577101830398,0.1076891191832578,0.0010944317611851777,0.10659468742207259,0.70032180333816851,0
zone3,R10,overall,NO_BACKOFF_EXACT,3.3840728419520256,1.7278315847915604,1.6562412571604692,0.67376129538036589,0.48467083420493368,0.049164998007290697,0.56664815591104911,0.094311557913749594,0.0046789911746991575,0.089632566739050429,0.69515764511539191,0.0045454545454545452
zone3,R10,overall,NO_G,3.3632827263267999,1.728382049866136,1.6349006764606677,0.67706802814308642,0.4848254592258821,0.064663836549597231,0.58146195767545827,0.099992988303297836,0.005837234162379145,0.09415575414091866,0.69864201507700019,0.040909090909090909
zone3,R10,overall,NO_RWG,3.3523880571878584,1.7081188471790154,1.6442692100088458,0.67222110393349876,0.47913354835871358,0.093007733092069181,0.56220189317559066,0.10158551409004948,0.0091225791022642895,0.09246293498778517,0.69893017376983746,0.06363636363636363
zone3,R10,overall,NO_SCREEN,3.3734771798674785,1.7042745994424138,1.6692025804250674,0.66989946771839526,0.4780537034888816,0.079954208156263973,0.55706037504367922,0.096676633079173721,0.0078439089088870474,0.088832724170286662,0.70085955405911271,0.086363636363636365
zone3,R10,overall,OUTCOME_ORACLE,2.8757108616302038,1.5785649189023747,1.2971459427278285,0.69989112243236595,0.44274199547201759,0.0073889240014993144,0.71047211742256688,0.11304234499423729,0.00073415823447286002,0.11230818675976441,0.58221097080350759,0
zone3,R10,overall,STATE_ORACLE,3.3106249322279906,1.6948079660454118,1.6158169661825812,0.670932082474612,0.4753945368043308,0.093670026545515622,0.55570791610190928,0.0988697243565093,0.0083991633845926644,0.090470560971916622,0.69221957909470022,0.090909090909090912
zone3,R10,overall,WIDTH_ONLY,3.8577470063933137,1.3421921124728584,2.5155548939204579,0.53771579665457347,0.37634513973338979,0.43061140837137929,0.03520067353598276,0.066245721574224634,0.059248720776700285,0.0069970007975243189,0.71089187407624699,0.77272727272727271
zone3,R10,overall,WIDTH_SAME_SCREEN,3.6911815624159217,1.4888819707476184,2.2022995916683059,0.58426036689740113,0.41755015610270368,0.1723863082947788,0.10811807683119806,0.043431324176734669,0.024196897056084195,0.019234427120650453,0.69323163912461183,0.16818181818181818
zone3,R10,ramp,CLARA,3.6076366931502775,1.8591263126080109,1.7485103805422642,0.66589403308221673,0.52138296009633756,0.052616615015051237,0.56946550164711529,0.095280107476655704,0.0049707155354527096,0.090309391941202966,0.74214719323247769,0.050000000000000003
zone3,R10,ramp,FEASIBLE_STATE_ORACLE,3.5717757233486451,1.8549219915215911,1.7168537318270514,0.66671286300517829,0.52020197102711851,0.056524000417137892,0.57660139951566169,0.097727539235797842,0.0049941977117387059,0.092733341524059126,0.73822208995185989,0.05909090909090909
zone3,R10,ramp,FIX_REFERENCE_PRICE,3.6218305711206993,1.8044985648904122,1.8173320062302856,0.65014798675568919,0.50603808714195586,0.07539815382982494,0.48856605919090856,0.085457461502966722,0.0081299265046685925,0.0773275349982981,0.73952352515530473,0.090909090909090912
zone3,R10,ramp,GLOBAL_SCORE_SAME_SCREEN,3.6334981654975742,1.9488739544783016,1.6846242110192673,0.68315224461482327,0.54659297185765421,0.011466060083840462,0.66717818813364249,0.10714511476825067,0.0011492731438721984,0.10599584162437847,0.74316833830723528,0.0090909090909090905
zone3,R10,ramp,NO_BACKOFF_EXACT,3.6147522326562327,1.8550719542385976,1.759680278417632,0.66402947714955785,0.52024409538582816,0.051266647889397013,0.5642465743681665,0.093857433450118058,0.0048630873091816875,0.088994346140936348,0.74169113104776507,0.054545454545454543
zone3,R10,ramp,NO_G,3.6013369814999368,1.869134228593291,1.7322027529066428,0.66922769667661608,0.52419417245175337,0.066089687627826549,0.57835241071054566,0.099486496620056236,0.0059518519372933551,0.093534644682762874,0.74533092423974867,0.054545454545454543
zone3,R10,ramp,NO_RWG,3.5827951573018617,1.8053413472317312,1.7774538100701285,0.65513968019474433,0.50627482375468602,0.094754016549089493,0.5585718771504995,0.10119125134080917,0.0093894843995175684,0.091801766941291593,0.74933393264273318,0.14999999999999999
zone3,R10,ramp,NO_SCREEN,3.6017778181123159,1.8312938320349073,1.7704839860774064,0.65975145242646516,0.5135648475758029,0.081178575878417467,0.55422219990475363,0.096223636552458885,0.0080019109889666543,0.088221725563492212,0.74886884496009154,0.1409090909090909
zone3,R10,ramp,OUTCOME_ORACLE,3.0739950093294692,1.6695062610521327,1.4044887482773354,0.68484434842210762,0.46811890067052958,0.0076830169677632775,0.70818509300143684,0.11246251632627347,0.00075615862640936041,0.11170635769986412,0.61900908721861914,0.022727272727272728
zone3,R10,ramp,STATE_ORACLE,3.5441126383213257,1.8056054432172137,1.7385071951041102,0.65724980587958348,0.50634900802027105,0.094757069968038371,0.55314776334135485,0.098370034428167122,0.0085319743662406241,0.089838060061926489,0.74307081066606873,0.14545454545454545
zone3,R10,ramp,WIDTH_ONLY,4.1795386605525424,1.3975852854274722,2.7819533751250689,0.51184266218233276,0.39173660414674827,0.43501053352158303,0.03546119710715049,0.067132835424295198,0.060195811623690976,0.0069370238006041911,0.7646881390762329,0.86818181818181817
zone3,R10,ramp,WIDTH_SAME_SCREEN,3.9308350964303145,1.616254907263698,2.3145801891666142,0.58378115055946378,0.45316065522433985,0.17739341759503255,0.10809105427142965,0.043938182244904554,0.024864605109198572,0.019073577135705951,0.73947003131309574,0.26363636363636361
zone3,R20,ordinary,CLARA,4.8817349653808986,1.6410688496999044,3.2406661156809937,0.68051509619933226,0.46051519926416079,0.03122752063581424,0.62454193313742246,0.10183512384520702,0.0026860880728113976,0.099149035772395616,0.66907357159387559,0.0045454545454545452
zone3,R20,ordinary,FEASIBLE_STATE_ORACLE,4.7579422338371105,1.6553361358395866,3.1026060979975232,0.68715577379769521,0.46452286391013881,0.0307649366145985,0.64768356694525264,0.10577535741445801,0.0022347170796875601,0.10354064033477044,0.66138944977189285,0
zone3,R20,ordinary,FIX_REFERENCE_PRICE,4.9782576558617029,1.5608450672164886,3.417412588645214,0.65946616289800142,0.43798042890365035,0.068073675040725409,0.49651215942551219,0.086533616520278273,0.0072495611023719216,0.079284055417906354,0.66549002811887559,0.013636363636363636
zone3,R20,ordinary,GLOBAL_SCORE_SAME_SCREEN,4.8366641459449662,1.7316061006145851,3.1050580453303795,0.69250167953837338,0.48594701131884671,0.009658278778613907,0.67297761922822752,0.10862296788253147,0.0010002302623497044,0.10762273762018175,0.67284244518031633,0
zone3,R20,ordinary,NO_BACKOFF_EXACT,4.8954195516619272,1.6422666413040659,3.2531529103578598,0.67937934865606409,0.4608516575799364,0.028922027679724804,0.61950769434556163,0.1004060153828932,0.0025710524735116191,0.097834962909381554,0.66875844750319424,0.0045454545454545452
zone3,R20,ordinary,NO_G,4.8511353861053479,1.6406874358278638,3.2104479502774832,0.68200122028840604,0.46040806053605948,0.039710817406640703,0.63120517466469606,0.10464111108807547,0.0032621149384946166,0.10137899614958085,0.67129629117974698,0.018181818181818181
zone3,R20,ordinary,NO_RWG,4.8141611051456232,1.6655304855076432,3.1486306196379785,0.68656447514142793,0.46738644527757039,0.050100602403426717,0.63904448863168628,0.10713315960785652,0.00422722882411318,0.10290593078374333,0.67444528052734631,0.013636363636363636
zone3,R20,ordinary,NO_SCREEN,4.897346982654236,1.6284630798349784,3.268883902819256,0.67831251467621201,0.45697425267288938,0.044210201772726443,0.61533666670661435,0.10179539298322463,0.0038241229509862773,0.097971270032238364,0.67323257294916639,0.018181818181818181
zone3,R20,ordinary,OUTCOME_ORACLE,4.0595211475186392,1.5016014379484959,2.5579197095701427,0.72116113756338796,0.42133896000814669,0.0041101450874245302,0.77310317580556631,0.13290129520972138,0.00038291594389633902,0.13251837926582505,0.5614157597620073,0
zone3,R20,ordinary,STATE_ORACLE,4.7313556350449835,1.6469510010764987,3.0844046339684841,0.68648184676373969,0.46216748897668702,0.045958797181595255,0.6391048018631994,0.10597360334914942,0.0033177041702034432,0.10265589917894598,0.65803232787430832,0
zone3,R20,ordinary,WIDTH_ONLY,5.9687512179862674,1.2983073436478976,4.6704438743383694,0.55526380266699704,0.36423387733943913,0.41599107276720532,0.037171671517222983,0.06422555917358673,0.056806653562249121,0.0074189056113375899,0.68375689278770257,0.50454545454545452
zone3,R20,ordinary,WIDTH_SAME_SCREEN,5.6634837808707807,1.4028992936180615,4.2605844872527188,0.58751094367354295,0.39361363856701348,0.12647402033230276,0.13017873831308138,0.041180076345891742,0.018252065017028318,0.022928011328863414,0.66513799541883856,0.17727272727272728
zone3,R20,overall,CLARA,4.9956514145194166,1.7662858432301973,3.2293655712892235,0.68350488060860004,0.49547259219331447,0.034400532464512197,0.61827554168997312,0.10080406828236871,0.0029617855165540684,0.097842282765814623,0.69666643756697733,0
zone3,R20,overall,FEASIBLE_STATE_ORACLE,4.9156069615931921,1.7758627620116494,3.1397441995815467,0.68844576850061268,0.49816273791844173,0.033059664322285381,0.64227831523058287,0.10470673173973349,0.0024083361707111133,0.10229839556902237,0.6920378578738432,0
zone3,R20,overall,FIX_REFERENCE_PRICE,5.1039321287895962,1.6759060896459679,3.4280260391436306,0.65911685546652299,0.47008502096179011,0.072947355140395714,0.49046558294678938,0.085765142941563816,0.0078394519346578432,0.077925691006905953,0.69273198296791139,0.027272727272727271
zone3,R20,overall,GLOBAL_SCORE_SAME_SCREEN,4.9796471519157937,1.8383801559959132,3.1412669959198896,0.69370621873204197,0.51572380364435655,0.011209027883522094,0.66925798901452482,0.10763272807354192,0.0011483600245689052,0.10648436804897299,0.6999664565466962,0
zone3,R20,overall,NO_BACKOFF_EXACT,5.0102559089877534,1.7653426164232384,3.2449132925645201,0.68230855934981138,0.49520764084304519,0.032376255621206045,0.6132640124684503,0.099358547671541925,0.0028479677960589673,0.096510579875482949,0.69617724818110505,0
zone3,R20,overall,NO_G,4.9778569277766715,1.7697334665099651,3.2081234612667107,0.68522251923177746,0.49644102569886733,0.042833104602849989,0.62568625902301334,0.10370628241732176,0.0035305277109902587,0.1001757547063315,0.69888437692663008,0.0045454545454545452
zone3,R20,overall,NO_RWG,4.9591333185746711,1.76907957000357,3.1900537485711036,0.68556056475758553,0.49625734690493623,0.054471776924194706,0.63343289818301385,0.10635771955364094,0.0047110665087378599,0.10164665304490307,0.70140560924310125,0.018181818181818181
zone3,R20,overall,NO_SCREEN,5.004313806636798,1.7547283006558148,3.2495855059809875,0.68115947784745245,0.49222609147017354,0.047770963112850812,0.60922844767610917,0.10081346204947125,0.0041574229132278198,0.096656039136243418,0.699477317792772,0.0090909090909090905
zone3,R20,overall,OUTCOME_ORACLE,4.1695041853456667,1.5852754075515907,2.5842287777940762,0.71892878969232143,0.4446269641937074,0.0048086321270829043,0.76923733053789844,0.13161135313336692,0.00042370759512214411,0.13118764553824475,0.58324779995027798,0
zone3,R20,overall,STATE_ORACLE,4.8931829390535633,1.760508767866465,3.1326741711871029,0.68654279741842406,0.49384981821473861,0.047936752091921421,0.63354270885644082,0.1048427295706536,0.003472138878334737,0.10137059069231887,0.69064972946364911,0.0090909090909090905
zone3,R20,overall,WIDTH_ONLY,6.3733019003137716,1.3421921124728584,5.0311097878409159,0.53771579665457347,0.37634513973338979,0.43061140837137929,0.03520067353598276,0.066245721574224634,0.059248720776700285,0.0069970007975243189,0.71089187407624699,0.77272727272727271
zone3,R20,overall,WIDTH_SAME_SCREEN,5.8217049215340682,1.514175848137975,4.3075290733960969,0.59169102572910603,0.4246551778415677,0.13691952997675458,0.1250350387514654,0.041559787145608311,0.019513840158946281,0.022045946986662002,0.69038855912328767,0.081818181818181818
zone3,R20,ramp,CLARA,5.3302574559776987,1.8952098833442155,3.4350475726334815,0.67391509953355477,0.53151879457279949,0.035898549725293528,0.6156083503039661,0.10029085270339118,0.0030776345909256566,0.097213218112465499,0.7413826868904253,0.027272727272727271
zone3,R20,ramp,FEASIBLE_STATE_ORACLE,5.2687628472640728,1.9053301173884964,3.3634327298755737,0.67852997137936533,0.53436155694478848,0.034295826309078181,0.63948072188364857,0.10414132389455155,0.0024900458924066856,0.10165127800214485,0.73887078436095488,0.027272727272727271
zone3,R20,ramp,FIX_REFERENCE_PRICE,5.4391625773509844,1.8044985648904122,3.6346640124605711,0.65014798675568919,0.50603808714195586,0.07539815382982494,0.48856605919090856,0.085457461502966722,0.0081299265046685925,0.0773275349982981,0.73952352515530473,0.090909090909090912
zone3,R20,ramp,GLOBAL_SCORE_SAME_SCREEN,5.3169334183155659,1.9472614071124368,3.3696720112031269,0.68297459346186884,0.54614000911443383,0.011885277248127331,0.66690993483444394,0.10709707785558911,0.0012071503183568521,0.10588992753723225,0.74297167366758221,0.0090909090909090905
zone3,R20,ramp,NO_BACKOFF_EXACT,5.3467934202147402,1.8911851110078679,3.4556083092068719,0.67228644657848646,0.53038824054573552,0.034112805157904699,0.61036480938920668,0.098826519036188679,0.0029649707314848323,0.095861548304703822,0.74077382498167654,0.027272727272727271
zone3,R20,ramp,NO_G,5.3177064477527036,1.9042569768263578,3.4134494709263441,0.67616777465372757,0.53406011296665978,0.044216927979599585,0.62278883538803842,0.10320186875091959,0.0036220251474917259,0.099579843603427837,0.74378422458352067,0.022727272727272728
zone3,R20,ramp,NO_RWG,5.3031887736496897,1.8753926419885911,3.4277961316610974,0.67262268561353877,0.5259521537425681,0.056077097754702779,0.63068383175677489,0.10590024130571647,0.0048745518084942069,0.10102568949722227,0.74908822313107037,0.090909090909090912
zone3,R20,ramp,NO_SCREEN,5.3364779565854557,1.8830997389205979,3.4533782176648566,0.6713205729455024,0.52811706861110919,0.049224672023305459,0.60673790110606129,0.10030784619555155,0.0042714860142979774,0.096036360181253541,0.74386828228933233,0.045454545454545456
zone3,R20,ramp,OUTCOME_ORACLE,4.4746517154633958,1.6771412793878533,2.7975104360755396,0.70502047647944477,0.47026356874236114,0.0049649492595667949,0.76734673605685588,0.13098616757361287,0.00043802725720400984,0.13054814031640885,0.62011585521356627,0.0090909090909090905
zone3,R20,ramp,STATE_ORACLE,5.2434329893011844,1.8806624830099532,3.3627705062912292,0.6755295716862656,0.52743244616429896,0.048559634686096372,0.63075612047494156,0.10424341452270523,0.0035133084930099993,0.10073010602969522,0.7404657806868078,0.05909090909090909
zone3,R20,ramp,WIDTH_ONLY,6.9614920356776082,1.3975852854274722,5.5639067502501378,0.51184266218233276,0.39173660414674827,0.43501053352158303,0.03546119710715049,0.067132835424295198,0.060195811623690976,0.0069370238006041911,0.7646881390762329,0.86818181818181817
zone3,R20,ramp,WIDTH_SAME_SCREEN,6.1623206667623522,1.6459208469085904,4.5163998198537616,0.59221955937857906,0.46149378433807364,0.14143871478847375,0.12458847887021714,0.041897735200962953,0.020097306046989533,0.021800429153973393,0.73628055754888377,0.14545454545454545
zone4,R01,ordinary,CLARA,1.5324470813041067,1.3364048444242875,0.19604223687981939,0.62455104619910573,0.37415419166096103,0.12967177933711937,0.23211636749066397,0.053811777594762453,0.018106850567892161,0.035704927026870295,0.62022040972996473,0.018181818181818181
zone4,R01,ordinary,FEASIBLE_STATE_ORACLE,1.5153857373504247,1.3165802427415387,0.19880549460888614,0.61820147993424313,0.3685854833231102,0.1388951055930327,0.21004314240532346,0.052122271075985632,0.019202943509580978,0.032919327566404644,0.62151590182282623,0.018181818181818181
zone4,R01,ordinary,FIX_REFERENCE_PRICE,1.6246365508013303,1.4623424180331472,0.16229413276818333,0.685875435339379,0.40952991458479815,0.06106729334316708,0.55761381795397957,0.097200946748401171,0.0065320510697680564,0.090668895678633094,0.62004765910859472,0
zone4,R01,ordinary,GLOBAL_SCORE_SAME_SCREEN,1.5261611332241063,1.3295189372506115,0.19664219597349492,0.62419518449627132,0.3722199480728498,0.12916116168057318,0.23391692398866326,0.054011200850001467,0.018041520943539498,0.035969679906461972,0.6212282741349866,0.013636363636363636
zone4,R01,ordinary,NO_BACKOFF_EXACT,1.5353560848358097,1.3399224931303897,0.19543359170541993,0.62530807171580205,0.37514229523009096,0.12917294726651066,0.24162102823931142,0.054931492529311413,0.017827747193629642,0.037103745335681775,0.62062830488810206,0.018181818181818181
zone4,R01,ordinary,NO_G,1.5220271954388418,1.3232626017898879,0.19876459364895405,0.62035192093101899,0.37046255047152288,0.14523253095492519,0.20852903841139628,0.053385659205366635,0.020713150689244429,0.032672508516122203,0.61990096631419145,0.027272727272727271
zone4,R01,ordinary,NO_RWG,1.5142768088634717,1.3148208686121134,0.19945594025135846,0.61875650244951186,0.36809127710697948,0.19001264230723436,0.17795165697245394,0.05512096730847843,0.026803336875727314,0.028317630432751137,0.62325792761626675,0.040909090909090909
zone4,R01,ordinary,NO_SCREEN,1.5090199198326881,1.3056850579231669,0.2033348619095213,0.61525073224125215,0.36552503814941034,0.20015625226882924,0.16385351902813225,0.055261512433386124,0.029165711853856292,0.02609580057952984,0.6249282194131085,0.045454545454545456
zone4,R01,ordinary,OUTCOME_ORACLE,1.457399675052574,1.2473152055698824,0.21008446948269177,0.58586089201988722,0.34912901220747616,0.28673778903432806,0.074227801653413431,0.055007668125478408,0.041560223020152727,0.013447445105325671,0.61699613641504736,0.22272727272727272
zone4,R01,ordinary,STATE_ORACLE,1.4899581269859217,1.283636712529824,0.20632141445609756,0.60790038501032462,0.35933168270184201,0.21819026106598799,0.1352779459398202,0.053430145460992964,0.031412046279985679,0.022018099181007285,0.62683994878916938,0.05909090909090909
zone4,R01,ordinary,WIDTH_ONLY,1.457399675052574,1.2418988710300554,0.21550080402251875,0.5858243475395466,0.34760756992100794,0.28697243940362632,0.074225355230084333,0.055055212577133132,0.041608489420386918,0.0134467231567462,0.63480400067231169,0.22727272727272727
zone4,R01,ordinary,WIDTH_SAME_SCREEN,1.4804413460131816,1.2709692625088436,0.2094720835043381,0.59494779308996948,0.35577341022403841,0.19719351395874637,0.12330196921418109,0.049205422209460808,0.027884868585138469,0.021320553624322336,0.62893195252647183,0.13636363636363635
zone4,R01,overall,CLARA,1.6976199776091523,1.4717846587873447,0.22583531882180782,0.5968930984615255,0.41192240482452808,0.15645768499093693,0.20060697841246447,0.053152123651007258,0.021739158465732357,0.031412965185274852,0.69537499616552734,0.036363636363636362
zone4,R01,overall,FEASIBLE_STATE_ORACLE,1.6863256102941708,1.4588085887791427,0.2275170215150282,0.59315365934190212,0.40827744133907823,0.16662903171044266,0.18044075994367326,0.051945233748737371,0.023001804996850218,0.02894342875188716,0.6975326062002819,0.077272727272727271
zone4,R01,overall,FIX_REFERENCE_PRICE,1.8156091979292734,1.6339611266689786,0.18164807126029431,0.66535822756887508,0.45747759243172881,0.073402252429355608,0.53288876445259814,0.094037888637711328,0.0080675651986394665,0.085970323439071822,0.69397266306559036,0
zone4,R01,overall,GLOBAL_SCORE_SAME_SCREEN,1.6934925757258605,1.4675844211823494,0.22590815454351132,0.59729522075375052,0.41074256280065308,0.15581895369510332,0.20338444711601075,0.053360799410079388,0.02164067670995818,0.03172012270012118,0.69492079964320497,0.027272727272727271
zone4,R01,overall,NO_BACKOFF_EXACT,1.7015670881871472,1.4769998771956494,0.22456721099149798,0.59852464484437451,0.41338735381562491,0.15547556887934191,0.20933016992994177,0.0540758964168871,0.021420227170315536,0.032655669246571546,0.69647597043574172,0.036363636363636362
zone4,R01,overall,NO_G,1.6804033713315503,1.4504209523290827,0.22998241900246799,0.59076868265298721,0.40592136368456677,0.174378221806789,0.17818837889493142,0.053324794831816916,0.024871996072624313,0.028452798759192557,0.69513839294247637,0.10000000000000001
zone4,R01,overall,NO_RWG,1.6563893880408396,1.4200601828723378,0.23632920516850212,0.58083688848031645,0.3973930576573918,0.21969372067267853,0.1505868644431029,0.055469694252572956,0.031050746448402965,0.024418947804169949,0.70017114983196971,0.15454545454545454
zone4,R01,overall,NO_SCREEN,1.6444784667628498,1.4019612080101527,0.24251725875269733,0.5745191309866613,0.39230907595453052,0.23675600039936201,0.1349481613753846,0.056709321697612031,0.034707462834517429,0.022001858863094578,0.70312459132068994,0.22727272727272727
zone4,R01,overall,OUTCOME_ORACLE,1.5984759785013611,1.347772345755855,0.25070363274550594,0.55056295552514944,0.37708748543366066,0.32676412337476551,0.059457012996713535,0.059128332901329031,0.047808825172969062,0.011319507728359993,0.69760370218148759,0.64090909090909087
zone4,R01,overall,STATE_ORACLE,1.6292841886205571,1.3837355747909523,0.2455486138296045,0.56885483264805614,0.38718951606149704,0.2554694308792142,0.11014277442594693,0.055624651584628815,0.037048650923353743,0.018576000661275065,0.70596783996824153,0.31363636363636366
zone4,R01,overall,WIDTH_ONLY,1.5984759785013611,1.3431539195774571,0.25532205892390369,0.55050268338223507,0.37579017470939163,0.3270960981189926,0.059454691814767695,0.059188442900553175,0.047869681118104572,0.011318761782448615,0.7164154979472781,0.64090909090909087
zone4,R01,overall,WIDTH_SAME_SCREEN,1.6502714083334573,1.410425198276728,0.23984621005672918,0.57284284999862278,0.39468660131031019,0.23166594701943669,0.10330877169882295,0.05130617068048466,0.032696048704453334,0.018610121976031308,0.70742300740362474,0.33181818181818185
zone4,R01,ramp,CLARA,1.8900608130191634,1.6337748806695971,0.25628593234956659,0.57410369713426446,0.45703350832915379,0.17054002790980233,0.18479799192054619,0.052956714715479733,0.023641791586938049,0.029314923128541677,0.78298892883565951,0.31363636363636366
zone4,R01,ramp,FEASIBLE_STATE_ORACLE,1.8822009376860425,1.6247762805183295,0.25742465716771312,0.5719986562407211,0.45450581165744952,0.18106528852026862,0.16569277523111928,0.051974169629446364,0.024976483316845963,0.026997686312600369,0.78583552356097885,0.34545454545454546
zone4,R01,ramp,FIX_REFERENCE_PRICE,2.0306579181405113,1.8263454799571723,0.20431243818333827,0.64377975228959705,0.51112637329757393,0.080363225286077006,0.51885180678295462,0.092235615153515693,0.0089097665366936214,0.083325848616822046,0.78058029561850317,0.072727272727272724
zone4,R01,ramp,GLOBAL_SCORE_SAME_SCREEN,1.8878062817632753,1.6317176463725918,0.25608863539068355,0.57498077007819148,0.45645563352662416,0.16987327471262617,0.18854570281365859,0.05320480359013955,0.023535348409841238,0.029669455180298308,0.78231835914482029,0.29999999999999999
zone4,R01,ramp,NO_BACKOFF_EXACT,1.8924774635266903,1.6370459912295254,0.25543147229716517,0.57506357116276496,0.45795235961003256,0.16989076711235396,0.1935611853945518,0.053881077495019122,0.02335500881234797,0.030526068682671142,0.78522376041082254,0.31818181818181818
zone4,R01,ramp,NO_G,1.8680835098457431,1.6069539648161644,0.26112954502957902,0.56719082075702931,0.44949954320178492,0.18934751134785482,0.16317789930278542,0.053367081112312309,0.02701584146322434,0.026351239649087942,0.7833757996809193,0.41363636363636364
zone4,R01,ramp,NO_RWG,1.8118788681812088,1.5348560566345959,0.27702281154661279,0.5416471164619211,0.429247321802468,0.2365068553616152,0.13745983707969434,0.055927205771704479,0.033358528077202347,0.0225686776945021,0.7932721318553323,0.6454545454545455
zone4,R01,ramp,NO_SCREEN,1.7966417333007887,1.5124328932922573,0.2842088400085318,0.53426732039455505,0.42294868041417061,0.25683313364026872,0.12093193328857893,0.057637438670997451,0.037602831963181593,0.020034606707815823,0.79619633497917652,0.74090909090909096
zone4,R01,ramp,OUTCOME_ORACLE,1.7535012680508886,1.4602715287343437,0.29322973931654461,0.51432481096489324,0.40829661171812781,0.34826518269211443,0.052130883868321889,0.061253361601534044,0.051020810567028833,0.010232551034505185,0.79171049140641581,0.82272727272727275
zone4,R01,ramp,STATE_ORACLE,1.7834686829641764,1.4961013668419134,0.28736731612226263,0.52941311632779142,0.41836117298429909,0.2757240258180243,0.097845423072143931,0.056887261237505975,0.039978777344878313,0.016908483892627637,0.79993831424833695,0.79545454545454541
zone4,R01,ramp,WIDTH_ONLY,1.7535012680508886,1.4559970709977519,0.29750419705313658,0.51425337057283005,0.40709592134268069,0.34863791670155475,0.052128601631730026,0.061318764512385708,0.051086970202899921,0.010231794309485755,0.81223242141286167,0.82272727272727275
zone4,R01,ramp,WIDTH_SAME_SCREEN,1.8447814011865891,1.5738032843098388,0.27097811687675016,0.5541078070415959,0.44018755429551404,0.2494290775488098,0.093167948128484293,0.052345901619778555,0.035114587231806459,0.017231314387972055,0.79740502219832732,0.57727272727272727
zone4,R02,ordinary,CLARA,1.7363716364064234,1.3525280776346058,0.38384355877181758,0.62877733648903689,0.3786831897537471,0.11438092743949052,0.250699507915706,0.053972724732880971,0.015700883883216277,0.038271840849664694,0.61833401332633964,0.0090909090909090905
zone4,R02,ordinary,FEASIBLE_STATE_ORACLE,1.719577403231541,1.3328830112708736,0.38669439196066735,0.62303992033524158,0.3731649126852829,0.12157878893475964,0.23131164556487596,0.052239505859019215,0.016551981895645312,0.0356875239633739,0.61786054542430302,0.0090909090909090905
zone4,R02,ordinary,FIX_REFERENCE_PRICE,1.7869306835695136,1.4623424180331472,0.32458826553636666,0.685875435339379,0.40952991458479815,0.06106729334316708,0.55761381795397957,0.097200946748401171,0.0065320510697680564,0.090668895678633094,0.62004765910859472,0
zone4,R02,ordinary,GLOBAL_SCORE_SAME_SCREEN,1.7286252456837572,1.3406817956821306,0.38794345000162644,0.62793869310478079,0.37535558246372597,0.11556165048865778,0.25030624292405784,0.054234427084214346,0.015869391853846292,0.03836503523036805,0.61930696183536016,0.0090909090909090905
zone4,R02,ordinary,NO_BACKOFF_EXACT,1.739474348739138,1.3570623868994447,0.38241196183969334,0.62980159415854553,0.37995687213151091,0.11443294847605442,0.26306781576873978,0.055380813652631873,0.015514363370910576,0.039866450281721297,0.61796118404092482,0.0090909090909090905
zone4,R02,ordinary,NO_G,1.7239240756310017,1.3295672225896231,0.39435685304137863,0.62312948168454052,0.3722335113703249,0.12904951685147234,0.22392126613066729,0.052920714041476254,0.018189324936116514,0.034731389105359722,0.6196393391208499,0.018181818181818181
zone4,R02,ordinary,NO_RWG,1.7147546839007439,1.3177895078301196,0.39696517607062437,0.61954368698683526,0.36892516452776769,0.18766231694308375,0.17992218732615403,0.055008430194908767,0.026335626685493062,0.028672803509415718,0.62248436598881585,0.040909090909090909
zone4,R02,ordinary,NO_SCREEN,1.7149927725750291,1.3135515191609271,0.40144125341410225,0.6170623727415977,0.36773471827237669,0.19539544558404182,0.16883412040117377,0.055197757876314556,0.028515582437573479,0.026682175438741084,0.62425693729624121,0.036363636363636362
zone4,R02,ordinary,OUTCOME_ORACLE,1.6373794990415058,1.3225095425420321,0.31486995649947408,0.60834994424788236,0.37025101697493407,0.16604403219849392,0.10911485600354276,0.043150780542955888,0.024100887821733995,0.019049892721221897,0.54342111078330269,0.013636363636363636
zone4,R02,ordinary,STATE_ORACLE,1.6950814988352185,1.2901070795470095,0.40497441928820893,0.609889399870024,0.36114920152689417,0.2130638251736825,0.13793492207079136,0.053103386267365216,0.030771452038858789,0.022331934228506434,0.62387501881033669,0.036363636363636362
zone4,R02,ordinary,WIDTH_ONLY,1.6729004790750928,1.2418988710300554,0.43100160804503751,0.5858243475395466,0.34760756992100794,0.28697243940362632,0.074225355230084333,0.055055212577133132,0.041608489420386918,0.0134467231567462,0.63480400067231169,0.22727272727272727
zone4,R02,ordinary,WIDTH_SAME_SCREEN,1.6953511413311557,1.2801668435445408,0.41518429778661509,0.59789830976576386,0.35835700040260504,0.17959566390043494,0.13611810281940215,0.048329120815147918,0.025256804856114548,0.023072315959033366,0.62723600448501848,0.10000000000000001
zone4,R02,overall,CLARA,1.9328757131370178,1.4906432279684965,0.44223248516852154,0.60213267288327632,0.41721975571810982,0.1387286125999628,0.21928800803176277,0.052925506092836049,0.018997694958538352,0.033927811134297672,0.69334282308788664,0.0090909090909090905
zone4,R02,overall,FEASIBLE_STATE_ORACLE,1.9222516230929616,1.4782061828640043,0.44404544022895748,0.5988506416001993,0.41372620372246621,0.14634747241639962,0.20074359547481313,0.051496032257625571,0.01992038696772163,0.031575645289903954,0.69455555175468087,0.027272727272727271
zone4,R02,overall,FIX_REFERENCE_PRICE,1.997257269189568,1.6339611266689786,0.36329614252058862,0.66535822756887508,0.45747759243172881,0.073402252429355608,0.53288876445259814,0.094037888637711328,0.0080675651986394665,0.085970323439071822,0.69397266306559036,0
zone4,R02,overall,GLOBAL_SCORE_SAME_SCREEN,1.927889676602335,1.4835103770283213,0.4443792995740139,0.60210961111220496,0.41521614590345413,0.14012644790082898,0.22005790341006815,0.053229592405324287,0.019178123528349071,0.034051468876975216,0.69330714534512528,0.0045454545454545452
zone4,R02,overall,NO_BACKOFF_EXACT,1.9359324405805263,1.4961781401591072,0.43975430042141944,0.60384798636038362,0.41877450633345004,0.13843210590902921,0.23076372509999363,0.054143808009929198,0.018781447971588136,0.035362360038341048,0.69344074282379342,0.0090909090909090905
zone4,R02,overall,NO_G,1.9183986542616291,1.4662536621898106,0.45214499207181913,0.59579949284584077,0.41036875409488355,0.15543628432702536,0.19354096662093126,0.052348524307134187,0.021834466775174356,0.030514057531959803,0.69274443761248072,0.054545454545454543
zone4,R02,overall,NO_RWG,1.8942665018703038,1.4235601614452487,0.47070634042505527,0.58182508342024175,0.398376197705962,0.21696059484631941,0.15279315932431872,0.05531931327915672,0.030523573626949664,0.024795739652207015,0.6997293410798664,0.14545454545454545
zone4,R02,overall,NO_SCREEN,1.8884921118650322,1.4066447025362685,0.48184740932876435,0.57583063508867272,0.39362466430456305,0.23138275555237614,0.13936974835062604,0.056505472175958853,0.033958055197424362,0.022547416978534483,0.70244061669276303,0.20000000000000001
zone4,R02,overall,OUTCOME_ORACLE,1.8186268826562313,1.4437706549479481,0.37485622770828331,0.5753090827505557,0.40405330262245098,0.19325347495217507,0.087249012666941669,0.043633161649617933,0.027449561874882879,0.01618359977473503,0.61128494622172724,0.24090909090909091
zone4,R02,overall,STATE_ORACLE,1.8742752743955102,1.3870257336255853,0.48724954076992494,0.56990500995393467,0.38811371798133765,0.24937067275836416,0.11231980893761818,0.055111015685654532,0.036267539900404787,0.018843475785249742,0.70453626921444024,0.29999999999999999
zone4,R02,overall,WIDTH_ONLY,1.8537980374252647,1.3431539195774571,0.51064411784780739,0.55050268338223507,0.37579017470939163,0.3270960981189926,0.059454691814767695,0.059188442900553175,0.047869681118104572,0.011318761782448615,0.7164154979472781,0.64090909090909087
zone4,R02,overall,WIDTH_SAME_SCREEN,1.8982809544559271,1.4250091455551814,0.47327180890074527,0.57735467566681586,0.39878321571437003,0.21271236515617359,0.11508816756930579,0.050072593077166543,0.029810609524274695,0.020261983552891823,0.70551013646594352,0.26363636363636361
zone4,R02,ramp,CLARA,2.1586040691246509,1.6572401566362123,0.50136391248843859,0.58071176223174481,0.4636248779826973,0.15168744290720912,0.20365134047773797,0.052525602662581924,0.020736277353945176,0.031789325308636734,0.78055030592137409,0.22727272727272727
zone4,R02,ramp,FEASIBLE_STATE_ORACLE,2.1522492068816494,1.6498373840965839,0.50241182278506524,0.57907312058111071,0.46154544749403775,0.15945505275141736,0.18557828839201851,0.051255148990507128,0.021694485979609369,0.029560663010897745,0.78249483236999173,0.25454545454545452
zone4,R02,ramp,FIX_REFERENCE_PRICE,2.2349703563238501,1.8263454799571723,0.40862487636667655,0.64377975228959705,0.51112637329757393,0.080363225286077006,0.51885180678295462,0.092235615153515693,0.0089097665366936214,0.083325848616822046,0.78058029561850317,0.072727272727272724
zone4,R02,ramp,GLOBAL_SCORE_SAME_SCREEN,2.15640974379897,1.6539447625992969,0.50246498119967253,0.58125903894288655,0.46269920550041765,0.15315763820818165,0.20548549797532614,0.052890740337329128,0.020926115042574835,0.031964625294754287,0.78018641080949835,0.21363636363636362
zone4,R02,ramp,NO_BACKOFF_EXACT,2.1599997267747497,1.6603344554942967,0.49966527128045263,0.58185066154080989,0.46449406305519292,0.15186049202584981,0.21528673507976764,0.05374489440436362,0.020557185673627087,0.033187708730736516,0.78158443864190719,0.24545454545454545
zone4,R02,ramp,NO_G,2.1420271340764203,1.6310248548730935,0.51100227920332653,0.57391785319883892,0.45626102917283257,0.1690697088593682,0.17813534372767914,0.052129837284316624,0.023730027862045078,0.028399809422271504,0.77960079725024323,0.29999999999999999
zone4,R02,ramp,NO_RWG,2.0906739054025394,1.5386378243661092,0.55203608103642998,0.54273548974853791,0.4303096161090727,0.23358661992212104,0.13976039436520804,0.055751237170965695,0.032803342609040338,0.022947894561925319,0.79293068769922936,0.6454545454545455
zone4,R02,ramp,NO_SCREEN,2.0818754731053728,1.5156933626232223,0.5661821104821505,0.53525042513673571,0.42386454258578998,0.25117164339752451,0.12490966996177909,0.057354206344062256,0.036808721331559477,0.020545485012502758,0.79545358013945511,0.73181818181818181
zone4,R02,ramp,OUTCOME_ORACLE,2.0159876061066884,1.5729307219762438,0.44305688413044481,0.53932280683649181,0.4399424525164144,0.20861848451326478,0.07657595051047536,0.044070870177984493,0.029330644276603857,0.014740225901380619,0.69066986564190647,0.6454545454545455
zone4,R02,ramp,STATE_ORACLE,2.0705352948171467,1.4981551863839269,0.57238010843321974,0.53009689471488075,0.41893808858598819,0.26923644361307453,0.099746985896479901,0.056296428396033452,0.039142077495891547,0.017154350900141883,0.79907622654921662,0.77272727272727271
zone4,R02,ramp,WIDTH_ONLY,2.051005465104025,1.4559970709977519,0.59500839410627315,0.51425337057283005,0.40709592134268069,0.34863791670155475,0.052128601631730026,0.061318764512385708,0.051086970202899921,0.010231794309485755,0.81223242141286167,0.82272727272727275
zone4,R02,ramp,WIDTH_SAME_SCREEN,2.1282560157697419,1.5952706573766355,0.53298535839310601,0.56046561103784176,0.44621771526933324,0.2297070410749783,0.10455293827471804,0.050939884924293813,0.032097979109384146,0.018841905814909635,0.79469522039692053,0.48636363636363639
zone4,R05P6179775281,ordinary,CLARA,2.3741072088656376,1.4623424180331472,0.91176479083249073,0.685875435339379,0.40952991458479815,0.06106729334316708,0.55761381795397957,0.097200946748401171,0.0065320510697680564,0.090668895678633094,0.62004765910859472,0
zone4,R05P6179775281,ordinary,FEASIBLE_STATE_ORACLE,2.3433916664783694,1.4612898459197243,0.88210182055864572,0.69004739977086504,0.40923424826080296,0.059383000901632711,0.56822663826804332,0.1002846087807759,0.0058435580443617074,0.094441050736414178,0.61553493113091828,0
zone4,R05P6179775281,ordinary,FIX_REFERENCE_PRICE,2.3741072088656376,1.4623424180331472,0.91176479083249073,0.685875435339379,0.40952991458479815,0.06106729334316708,0.55761381795397957,0.097200946748401171,0.0065320510697680564,0.090668895678633094,0.62004765910859472,0
zone4,R05P6179775281,ordinary,GLOBAL_SCORE_SAME_SCREEN,2.4074962509704916,1.4591765711987592,0.94831967977173215,0.6571422681783996,0.40864063176614956,0.051608183148126249,0.43701614484563844,0.06567977164343021,0.0063570326879474033,0.059322738955482804,0.6089223568289569,0
zone4,R05P6179775281,ordinary,NO_BACKOFF_EXACT,2.3785094464963632,1.4652698072410208,0.91323963925534246,0.68587622265621107,0.41035221492408863,0.059510630855646604,0.55466579420897955,0.096097574479837675,0.0064601293984979562,0.089637445081339709,0.6195195266447111,0
zone4,R05P6179775281,ordinary,NO_G,2.364719293383891,1.4413441242490099,0.9233751691348816,0.6821802815385748,0.40363151745442244,0.073845635971149917,0.53451417400513679,0.095931680299537053,0.008261848053785709,0.087669832245751325,0.61956501038846123,0
zone4,R05P6179775281,ordinary,NO_RWG,2.3565053741920652,1.4461179796123533,0.91038739457971229,0.68560671267676554,0.40497248806210312,0.10455922314326778,0.51850987199159571,0.097418162086985824,0.01177975009576957,0.085638411991216259,0.62397434257343209,0.0045454545454545452
zone4,R05P6179775281,ordinary,NO_SCREEN,2.367187772103065,1.4386443321768674,0.92854343992619781,0.68026520617595421,0.40287314889483183,0.09368144248348477,0.53268501145030456,0.097929552732971284,0.010936484926279279,0.086993067806691998,0.62466035449547697,0.0045454545454545452
zone4,R05P6179775281,ordinary,OUTCOME_ORACLE,2.1022675201245762,1.3939053587132297,0.70836216141134689,0.70417756899128958,0.39030602151740534,0.01116484278714215,0.65507496774574336,0.10081026455236645,0.001229646905299159,0.099580617647067285,0.52899992439771859,0
zone4,R05P6179775281,ordinary,STATE_ORACLE,2.3275423267373152,1.4345336268834958,0.89300869985382003,0.68532211045456526,0.40171845639669368,0.099075965198834451,0.53471086091089992,0.10033902356051944,0.010538468284915843,0.089800555275603586,0.61839125051257582,0.0045454545454545452
zone4,R05P6179775281,ordinary,WIDTH_ONLY,2.4525775453138681,1.2418988710300554,1.2106786742838131,0.5858243475395466,0.34760756992100794,0.28697243940362632,0.074225355230084333,0.055055212577133132,0.041608489420386918,0.0134467231567462,0.63480400067231169,0.22727272727272727
zone4,R05P6179775281,ordinary,WIDTH_SAME_SCREEN,2.4440812190108381,1.2996061724391126,1.1444750465717262,0.6040928566175644,0.3638174860471477,0.14719851386818003,0.16243291190626061,0.047179217318181241,0.020440348290386663,0.026738869027794571,0.62378222444618092,0.040909090909090909
zone4,R05P6179775281,overall,CLARA,2.6544559090301827,1.6339611266689786,1.0204947823612038,0.66535822756887508,0.45747759243172881,0.073402252429355608,0.53288876445259814,0.094037888637711328,0.0080675651986394665,0.085970323439071822,0.69397266306559036,0
zone4,R05P6179775281,overall,FEASIBLE_STATE_ORACLE,2.6281402395128017,1.640729656709889,0.9874105828029125,0.67028688735790543,0.45937886491513036,0.069846210984104012,0.54699311487504454,0.09707086842831647,0.007066691308851453,0.090004177119465026,0.69087387947109147,0
zone4,R05P6179775281,overall,FIX_REFERENCE_PRICE,2.6544559090301827,1.6339611266689786,1.0204947823612038,0.66535822756887508,0.45747759243172881,0.073402252429355608,0.53288876445259814,0.094037888637711328,0.0080675651986394665,0.085970323439071822,0.69397266306559036,0
zone4,R05P6179775281,overall,GLOBAL_SCORE_SAME_SCREEN,2.6953649021522965,1.6031439139802872,1.0922209881720089,0.6324496805900347,0.44882107201355714,0.063890387420731359,0.39786905940593664,0.062265067627891253,0.0082202673833114814,0.054044800244579735,0.67932267222567588,0
zone4,R05P6179775281,overall,NO_BACKOFF_EXACT,2.6579690012282118,1.6335272545425028,1.0244417466857088,0.66436915497197746,0.45735571823889826,0.071413475300991042,0.52941948941228811,0.092873705469666626,0.0079729504401171852,0.084900755029549399,0.69342531800546237,0
zone4,R05P6179775281,overall,NO_G,2.6451607944543083,1.6154861654763231,1.0296746289779848,0.66031042835564724,0.45228799659109542,0.087581690826857891,0.51003217300933468,0.09316633412795193,0.010072675278364156,0.083093658849587748,0.69285793490765546,0.013636363636363636
zone4,R05P6179775281,overall,NO_RWG,2.6324326241037714,1.5887465117300723,1.0436861123736985,0.65437760596889138,0.44477685789832838,0.12174541974138937,0.49489002507738716,0.095007128682982792,0.014043385171600387,0.080963743511382372,0.69956779625481225,0.045454545454545456
zone4,R05P6179775281,overall,NO_SCREEN,2.6441817449005978,1.6011919472152092,1.0429897976853881,0.65668450158236491,0.44827276674246802,0.11005686434192755,0.50836518333895975,0.095658418268822251,0.013261506695107313,0.082396911573714884,0.70115384915224044,0.090909090909090912
zone4,R05P6179775281,overall,OUTCOME_ORACLE,2.3446303455603017,1.5460594790875459,0.79857086647275499,0.68091710434837094,0.43278611839200082,0.012513218616731351,0.63711622928243894,0.096695301221530708,0.0014047908156809858,0.095290510405849696,0.58971391656886829,0
zone4,R05P6179775281,overall,STATE_ORACLE,2.6071443784910122,1.5998236305156499,1.0073207479753616,0.66064552333875304,0.44788840811899661,0.11235076382844174,0.51399151252581143,0.097795294189386289,0.012330233978586971,0.085465060210799318,0.69670509569410721,0.086363636363636365
zone4,R05P6179775281,overall,WIDTH_ONLY,2.7775475090375901,1.3431539195774571,1.4343935894601325,0.55050268338223507,0.37579017470939163,0.3270960981189926,0.059454691814767695,0.059188442900553175,0.047869681118104572,0.011318761782448615,0.7164154979472781,0.64090909090909087
zone4,R05P6179775281,overall,WIDTH_SAME_SCREEN,2.7475728780555237,1.4533742077833975,1.2941986702721255,0.58617440163525292,0.40675092982341948,0.17690606215382171,0.13918304629441117,0.048126171183800061,0.024422410740530739,0.023703760443269314,0.70025819201267825,0.15454545454545454
zone4,R05P6179775281,ramp,CLARA,2.9741681663804229,1.8263454799571723,1.1478226864232486,0.64377975228959705,0.51112637329757393,0.080363225286077006,0.51885180678295462,0.092235615153515693,0.0089097665366936214,0.083325848616822046,0.78058029561850317,0.072727272727272724
zone4,R05P6179775281,ramp,FEASIBLE_STATE_ORACLE,2.9503637592701804,1.8370992097947818,1.1132645494753954,0.64906861861910337,0.51414708392611586,0.075663523859158921,0.53523618807431128,0.095257792281691192,0.0077343773408261474,0.087523414940865032,0.77775391001156891,0.068181818181818177
zone4,R05P6179775281,ramp,FIX_REFERENCE_PRICE,2.9741681663804229,1.8263454799571723,1.1478226864232486,0.64377975228959705,0.51112637329757393,0.080363225286077006,0.51885180678295462,0.092235615153515693,0.0089097665366936214,0.083325848616822046,0.78058029561850317,0.072727272727272724
zone4,R05P6179775281,ramp,GLOBAL_SCORE_SAME_SCREEN,3.0187699364570846,1.7684128048262182,1.2503571316308655,0.60920614061629585,0.49485314994618229,0.069881909697738845,0.37445852831712628,0.060245636116870789,0.0091358612279039599,0.051109774888966807,0.76126818177855904,0.040909090909090909
zone4,R05P6179775281,ramp,NO_BACKOFF_EXACT,2.9769876461107048,1.8213791117825295,1.155608534328173,0.64156608081167277,0.5097313260575056,0.078285439922980246,0.51473914148569133,0.091025253842273127,0.0088183191256468035,0.082206934716626295,0.78028176011786521,0.095454545454545459
zone4,R05P6179775281,ramp,NO_G,2.9651070786462164,1.8101115176774669,1.1549955609687481,0.63849489845717922,0.50656627153361167,0.094800258229488357,0.49604240476701361,0.091537649642269028,0.011042413031123965,0.080495236611145063,0.77954431716929107,0.13181818181818181
zone4,R05P6179775281,ramp,NO_RWG,2.941212499628663,1.738112306148452,1.2031001934802101,0.61893980626531553,0.48634177391310168,0.13084070411923684,0.48148093526544666,0.093554590470062357,0.015228389437731846,0.078326201032330497,0.79074479101917816,0.31363636363636366
zone4,R05P6179775281,ramp,NO_SCREEN,2.9569533812633226,1.7785184809455654,1.1784349003177557,0.63142164141303037,0.49769182301341452,0.11885867916201921,0.49469686553707198,0.094311126492517786,0.014488042561725294,0.079823083930792474,0.79113630142700953,0.26363636363636361
zone4,R05P6179775281,ramp,OUTCOME_ORACLE,2.6198436464814225,1.7042336741311828,0.91560997235023933,0.65283467847041254,0.47682530424532987,0.01349339041536768,0.62546298598605909,0.094279631376215409,0.0015179548223021081,0.092761676553913278,0.66009366889123455,0.045454545454545456
zone4,R05P6179775281,ramp,STATE_ORACLE,2.9162917280576943,1.7688592670223453,1.147432461035347,0.63264466418215282,0.49497856067543161,0.11933569262184034,0.50238312797930695,0.096332558026323206,0.013279510690484032,0.083053047335839139,0.7887238491038292,0.28636363636363638
zone4,R05P6179775281,ramp,WIDTH_ONLY,3.1273689645546998,1.4559970709977519,1.671371893556947,0.51425337057283005,0.40709592134268069,0.34863791670155475,0.052128601631730026,0.061318764512385708,0.051086970202899921,0.010231794309485755,0.81223242141286167,0.82272727272727275
zone4,R05P6179775281,ramp,WIDTH_SAME_SCREEN,3.0828503829776075,1.6335541479713154,1.4492962350062901,0.57200276866983357,0.45697150476222087,0.19223013027134667,0.12726550765943703,0.048582018422971572,0.026440574946832537,0.022141443476139014,0.78813140173842822,0.36818181818181817
zone4,R10,ordinary,CLARA,3.0687553716557199,1.4956319631930499,1.5731234084626704,0.69706741871260713,0.41888091041623149,0.044834686259765243,0.61875461424478684,0.10713336137520586,0.0043833077676556833,0.10275005360755017,0.62126358256715752,0
zone4,R10,ordinary,FEASIBLE_STATE_ORACLE,3.0161474394744729,1.5110843175870821,1.5050631218873916,0.70517670715607228,0.42322145940331918,0.040138861118763768,0.65008270963117276,0.11234633261333714,0.0032898354242094272,0.1090564971891277,0.61764389885749349,0
zone4,R10,ordinary,FIX_REFERENCE_PRICE,3.0852837457149804,1.4623424180331472,1.6229413276818334,0.685875435339379,0.40952991458479815,0.06106729334316708,0.55761381795397957,0.097200946748401171,0.0065320510697680564,0.090668895678633094,0.62004765910859472,0
zone4,R10,ordinary,GLOBAL_SCORE_SAME_SCREEN,3.0928899705760631,1.6114316669704203,1.481458303605643,0.71334248003747569,0.45140891709526842,0.011411100166998825,0.70078728075340513,0.11715019585570799,0.0011085371678114884,0.11604165868789651,0.62643191569940682,0
zone4,R10,ordinary,NO_BACKOFF_EXACT,3.0754129212994403,1.4985469134458491,1.5768660078535914,0.69645829823370253,0.41969971666701789,0.044672769084222796,0.61333201588312913,0.10548958175117298,0.0044496982715984852,0.1010398834795745,0.62108630476153792,0
zone4,R10,ordinary,NO_G,3.0616930546096124,1.4866606936587998,1.5750323609508128,0.69705007355814763,0.41636089088413886,0.051549884063204009,0.61481534834328733,0.10831710157517876,0.0051293895532630593,0.10318771202191572,0.62068332801504034,0
zone4,R10,ordinary,NO_RWG,3.0426318181105398,1.4980214297974186,1.5446103883131217,0.70028642137918395,0.41955210890060463,0.081467630285077933,0.60838175373203862,0.11067745309001167,0.0078128449616618363,0.10286460812834984,0.62607106884385644,0.0045454545454545452
zone4,R10,ordinary,NO_SCREEN,3.0701726004676972,1.4814476167976414,1.5887249836700565,0.69424308731049522,0.41489654345122906,0.06199226355868568,0.60796227008842618,0.10732007888398364,0.0060472676564002599,0.10127281122758337,0.62524474295393018,0.0045454545454545452
zone4,R10,ordinary,OUTCOME_ORACLE,2.6522403211171079,1.4004180534469695,1.2518222676701394,0.72942859754170841,0.39213543015047836,0.0058621589542060407,0.7386306005657447,0.12634736530052268,0.00057401679496558772,0.12577334850555708,0.52944830544784716,0
zone4,R10,ordinary,STATE_ORACLE,3.0018399509403015,1.4928541721143527,1.5089857788259493,0.70336836651590529,0.41810063202333897,0.062175960374062852,0.63737344677186358,0.11264861471388525,0.0050755719954612439,0.10757304271842401,0.61900451431828718,0
zone4,R10,ordinary,WIDTH_ONLY,3.3969069112552415,1.2418988710300554,2.1550080402251877,0.5858243475395466,0.34760756992100794,0.28697243940362632,0.074225355230084333,0.055055212577133132,0.041608489420386918,0.0134467231567462,0.63480400067231169,0.22727272727272727
zone4,R10,ordinary,WIDTH_SAME_SCREEN,3.3265126955562323,1.3095666602699112,2.0169460352863227,0.60679950893172196,0.36661537588725968,0.13197037406464363,0.17403926392285343,0.046667642941996303,0.018383492287775048,0.028284150654221241,0.62205790799236482,0.031818181818181815
zone4,R10,overall,CLARA,3.4252929320508416,1.6795152053303124,1.7457777267205303,0.68023081154800635,0.47027368194333918,0.05320003221313873,0.59703944083560401,0.10360983231587785,0.0053899135051979985,0.098219918810679804,0.69465873501052333,0
zone4,R10,overall,FEASIBLE_STATE_ORACLE,3.3801331635509708,1.6960431474814386,1.6840900160695325,0.68825741088404324,0.47491636232286905,0.045593313780670199,0.63261399810127172,0.10870846004173489,0.0038164213533831578,0.1048920386883517,0.69049498560214251,0
zone4,R10,overall,FIX_REFERENCE_PRICE,3.4504418392719209,1.6339611266689786,1.8164807126029432,0.66535822756887508,0.45747759243172881,0.073402252429355608,0.53288876445259814,0.094037888637711328,0.0080675651986394665,0.085970323439071822,0.69397266306559036,0
zone4,R10,overall,GLOBAL_SCORE_SAME_SCREEN,3.4419814324691331,1.7769554395669305,1.6650259929022058,0.69780252913146146,0.49764453425699412,0.013460253472070704,0.68571261104982539,0.11341834787291379,0.0013280816104797315,0.11209026626243404,0.69578267334734789,0
zone4,R10,overall,NO_BACKOFF_EXACT,3.4323566495433719,1.6771227527704902,1.7552338967728829,0.67848866893310933,0.46960164470743387,0.052719929692588124,0.59092196016179976,0.10201137031440814,0.0054525124598277215,0.096558857854580391,0.6941892906002477,0
zone4,R10,overall,NO_G,3.4158952001453131,1.6742540294290953,1.741641170716218,0.67989673753052116,0.46879582354412114,0.06015706708978337,0.59438067369203784,0.10499914560058088,0.0062125766815635513,0.098786568919017298,0.69426512229529125,0.0045454545454545452
zone4,R10,overall,NO_RWG,3.4020356307913238,1.6558226437550585,1.7462129870362657,0.67651252136345985,0.4636184680177064,0.093719380797830973,0.58891820318401078,0.10781943359191243,0.0093316361499877123,0.098487797441924721,0.70068781009162218,0.031818181818181815
zone4,R10,overall,NO_SCREEN,3.4241150123627344,1.663921162356744,1.7601938500059919,0.67697314003334563,0.46589333279346073,0.071887885525692891,0.58690095252125762,0.10405504199255299,0.0072683310877146431,0.096786710904838286,0.69881638987100547,0.013636363636363636
zone4,R10,overall,OUTCOME_ORACLE,2.9642268671052743,1.5544872191342634,1.4097396479710103,0.70812874675860105,0.43515346110175285,0.0065623458293050775,0.72831905172413025,0.12228560906591737,0.00065418465602968385,0.12163142440988768,0.59024868235838246,0
zone4,R10,overall,STATE_ORACLE,3.364214197734078,1.6736532011349192,1.6905609965991588,0.68489597150860593,0.46862705155137513,0.068799938111011913,0.62004042753103217,0.10914557148148375,0.0057596169085867956,0.10338595457289693,0.69233368394943706,0.018181818181818181
zone4,R10,overall,WIDTH_ONLY,3.8963745088164936,1.3431539195774571,2.5532205892390363,0.55050268338223507,0.37579017470939163,0.3270960981189926,0.059454691814767695,0.059188442900553175,0.047869681118104572,0.011318761782448615,0.7164154979472781,0.64090909090909087
zone4,R10,overall,WIDTH_SAME_SCREEN,3.7411272364916628,1.4669962043800202,2.2741310321116428,0.58997083931243599,0.41057733336179653,0.15978896562476605,0.14954086158837215,0.047136151060448182,0.022024758057687811,0.02511139300276035,0.69780056727258855,0.095454545454545459
zone4,R10,ramp,CLARA,3.8400479735899311,1.8807622370485995,1.959285736541329,0.66029981650257152,0.5264119792221319,0.057798546998973833,0.5844681560899927,0.10154137944480897,0.0059372526911963402,0.095604126753612614,0.78061225410454038,0.040909090909090909
zone4,R10,ramp,FEASIBLE_STATE_ORACLE,3.7992947834555895,1.8957656072756262,1.9035291761799595,0.66760672228905904,0.53062640906118452,0.048783991630743935,0.62245860145290177,0.10659186591979559,0.0041197262870674789,0.10247213963272808,0.77604510588141695,0.027272727272727271
zone4,R10,ramp,FIX_REFERENCE_PRICE,3.8694698617905572,1.8263454799571723,2.0431243818333829,0.64377975228959705,0.51112637329757393,0.080363225286077006,0.51885180678295462,0.092235615153515693,0.0089097665366936214,0.083325848616822046,0.78058029561850317,0.072727272727272724
zone4,R10,ramp,GLOBAL_SCORE_SAME_SCREEN,3.8462737481718734,1.9565593355680591,1.8897144126038092,0.67774398089919985,0.54770329903096826,0.014549637261335723,0.67624067928300147,0.11115778961480215,0.0014375122391427826,0.10972027737565936,0.77602318163615436,0
zone4,R10,ramp,NO_BACKOFF_EXACT,3.8483519552026832,1.8727290820850162,1.9756228731176639,0.65749815170808557,0.52415547501887816,0.05729980272585896,0.5775371411449054,0.099924081265986481,0.006011467297256841,0.09391261396872963,0.78031677266802024,0.06363636363636363
zone4,R10,ramp,NO_G,3.8303364455109299,1.8781028773712252,1.9522335681397021,0.65985546464358824,0.52566496807680207,0.064552652656822834,0.58250154049824854,0.10300222566591344,0.0067958220796630131,0.096206403586250405,0.78091203554896804,0.050000000000000003
zone4,R10,ramp,NO_RWG,3.8156563449302223,1.8215845935901538,1.9940717513400663,0.6483441078162534,0.50978904566638894,0.099839691867678437,0.57705538579011839,0.10602961718970613,0.010121774900701127,0.09590784228900498,0.79060117006977049,0.19545454545454546
zone4,R10,ramp,NO_SCREEN,3.8365258066271286,1.8613827208185623,1.9751430858085637,0.65638150702098574,0.52096829488785201,0.076584146150545498,0.57462654004711911,0.10210854036353928,0.0079093221809227107,0.094199218182616548,0.78578278232670673,0.090909090909090912
zone4,R10,ramp,OUTCOME_ORACLE,3.3301080312005618,1.7143000326528248,1.6158079985477356,0.68157475017840907,0.47965293304354389,0.0070291771660228718,0.7212078147763854,0.11980750135145971,0.00070423961512193695,0.11910326173633776,0.66057048266217222,0.0045454545454545452
zone4,R10,ramp,STATE_ORACLE,3.7760026808476024,1.8591881902310177,1.9168144906165812,0.66165996783672043,0.52035185371157544,0.072012278650383302,0.61001624651336284,0.10708736892756124,0.0061340573122331786,0.10095331161532804,0.78024001361615336,0.11818181818181818
zone4,R10,ramp,WIDTH_ONLY,4.431039041529119,1.4559970709977519,2.9750419705313664,0.51425337057283005,0.40709592134268069,0.34863791670155475,0.052128601631730026,0.061318764512385708,0.051086970202899921,0.010231794309485755,0.81223242141286167,0.82272727272727275
zone4,R10,ramp,WIDTH_SAME_SCREEN,4.1943905724177508,1.6500287381019532,2.5443618343157959,0.57657751220571252,0.4615991986191415,0.17416793201156608,0.13675352234825364,0.047366459775599772,0.023892084685010681,0.02347437509058908,0.78517372848827149,0.29545454545454547
zone4,R20,ordinary,CLARA,4.6036148609297243,1.5295925869681108,3.0740222739616128,0.70440961417915238,0.42842041147664195,0.032248529517208017,0.66080272761618541,0.11184814907457705,0.002699611994180159,0.10914853708039689,0.62279705876125191,0
zone4,R20,ordinary,FEASIBLE_STATE_ORACLE,4.5082746968074652,1.5485258003457474,2.9597488964617176,0.71122187194332975,0.43373872984114653,0.025597975205859096,0.68747916096097084,0.11610279538214832,0.0019553657393785685,0.11414742964276976,0.6193096922873127,0
zone4,R20,ordinary,FIX_REFERENCE_PRICE,4.7082250733968136,1.4623424180331472,3.2458826553636668,0.685875435339379,0.40952991458479815,0.06106729334316708,0.55761381795397957,0.097200946748401171,0.0065320510697680564,0.090668895678633094,0.62004765910859472,0
zone4,R20,ordinary,GLOBAL_SCORE_SAME_SCREEN,4.5735455099570164,1.6113229817278898,2.9622225282291259,0.71333449827702611,0.45137838753275977,0.01142222495258716,0.70064337022966294,0.11712583091357341,0.0011231877553585063,0.1160026431582149,0.62617963193178716,0
zone4,R20,ordinary,NO_BACKOFF_EXACT,4.6208155008214389,1.5279870707378154,3.0928284300836233,0.7027091412371822,0.42796942377150271,0.031581516454484669,0.65406525825989936,0.1100927246900304,0.0027641496320363113,0.10732857505799408,0.62244671717122568,0
zone4,R20,ordinary,NO_G,4.588887506591516,1.5294084487165447,3.0594790578749707,0.70534325404096487,0.42836868724867389,0.034807042722731121,0.66621777218823841,0.11361213174629667,0.0029481784866841722,0.11066395325961249,0.62266471664828948,0
zone4,R20,ordinary,NO_RWG,4.5551102180308938,1.5443676764279741,3.0107425416029194,0.70871513763978888,0.43257071750469339,0.05245305068338605,0.67291355906788475,0.11626347944920497,0.0041626084196261601,0.1121008710295788,0.62879912714978903,0
zone4,R20,ordinary,NO_SCREEN,4.6148953400496016,1.51775675937816,3.0971385806714413,0.70175682354343971,0.42509574080530738,0.040898422016791301,0.65710976716804015,0.11181693027646372,0.0035215237208640585,0.10829540655559967,0.6252995588969017,0
zone4,R20,ordinary,OUTCOME_ORACLE,3.9019208601539574,1.4047089874154082,2.4972118727385504,0.74626751689563653,0.39334074868093866,0.0040687503172030784,0.78019403003857057,0.14360074129168157,0.00038251991043431691,0.14321822138124723,0.53015703361233779,0
zone4,R20,ordinary,STATE_ORACLE,4.4879897728069622,1.5391465288652024,2.9488432439417598,0.71086323453120814,0.43110410302076868,0.035660427305296338,0.68976070055684502,0.11678709128906699,0.0025367079017174629,0.11425038338734952,0.61789595372089623,0
zone4,R20,ordinary,WIDTH_ONLY,5.5519149514804296,1.2418988710300554,4.3100160804503753,0.5858243475395466,0.34760756992100794,0.28697243940362632,0.074225355230084333,0.055055212577133132,0.041608489420386918,0.0134467231567462,0.63480400067231169,0.22727272727272727
zone4,R20,ordinary,WIDTH_SAME_SCREEN,5.2992014810497174,1.3245725296775896,3.9746289513721278,0.61119368481230807,0.37083050774334908,0.1091188066512965,0.19057075856941635,0.045851737235452432,0.015170685083227222,0.030681052152225195,0.62005150954895039,0.013636363636363636
zone4,R20,overall,CLARA,5.1287187227954911,1.7140786326042983,3.4146400901911944,0.68902727205533276,0.47998250982928981,0.03650298523097889,0.64218477191451717,0.10802223677819424,0.003141559927019315,0.10488067685117493,0.69417194684743289,0
zone4,R20,overall,FEASIBLE_STATE_ORACLE,5.0529422454266237,1.7291662388853921,3.323776006541233,0.69489723057285435,0.4842206014812826,0.028419463369508808,0.67157055679365629,0.11222738045401361,0.0022401809360240868,0.10998719951798951,0.68963067783816145,0
zone4,R20,overall,FIX_REFERENCE_PRICE,5.2669225518748641,1.6339611266689786,3.6329614252058864,0.66535822756887508,0.45747759243172881,0.073402252429355608,0.53288876445259814,0.094037888637711328,0.0080675651986394665,0.085970323439071822,0.69397266306559036,0
zone4,R20,overall,GLOBAL_SCORE_SAME_SCREEN,5.1073254393004373,1.7764380339404817,3.33088740535996,0.69774397315720726,0.49749919559787925,0.013462229473818444,0.68541620508684342,0.11337543833592563,0.0013478246931404197,0.1120276136427852,0.695623400792035,0
zone4,R20,overall,NO_BACKOFF_EXACT,5.1453623410048221,1.7107662765990292,3.4345960644057949,0.68715595438660737,0.47905207274915801,0.035370421033275638,0.63455322006333803,0.10628885043314895,0.0032039642120955322,0.10308488622105341,0.69357315649310347,0
zone4,R20,overall,NO_G,5.1123277035308021,1.716186201412645,3.3961415021181574,0.69017230965878495,0.48057452353949986,0.039393344702725895,0.64788793291646318,0.10986200016489192,0.0034460631863541596,0.10641593697853775,0.69371004502559297,0
zone4,R20,overall,NO_RWG,5.0929529690942621,1.7113251613596869,3.3816278077345752,0.69038011750071282,0.47920906285046699,0.058668461054863182,0.65611060507014085,0.11280292869305353,0.0048510570713137689,0.10795187162173976,0.70119032370773704,0.0090909090909090905
zone4,R20,overall,NO_SCREEN,5.134929635249466,1.7048665796085218,3.4300630556409462,0.68725485644427575,0.4773948544933978,0.045927105662884889,0.63827624793334969,0.10811345501276226,0.0040800266146591479,0.10403342839810312,0.69705683175451205,0
zone4,R20,overall,OUTCOME_ORACLE,4.3712484026181464,1.5599771092871957,2.8112712933309507,0.72595020957226364,0.43669556507729568,0.0045724640293202529,0.77373084772355327,0.13960614007961478,0.00043574570884468951,0.13917039437077006,0.59114806812480369,0
zone4,R20,overall,STATE_ORACLE,5.0320785930847052,1.719143638864242,3.3129349542204647,0.69436522502822273,0.48140526439669001,0.03961845815108965,0.67322344169867832,0.11294522547933779,0.0028894797348606479,0.11005574574447716,0.68949203243197543,0
zone4,R20,overall,WIDTH_ONLY,6.4495950980555321,1.3431539195774571,5.1064411784780726,0.55050268338223507,0.37579017470939163,0.3270960981189926,0.059454691814767695,0.059188442900553175,0.047869681118104572,0.011318761782448615,0.7164154979472781,0.64090909090909087
zone4,R20,overall,WIDTH_SAME_SCREEN,5.9503397800002364,1.4871080946556183,4.4632316853446179,0.59620126831357922,0.41622674074258248,0.13160929205829661,0.16537004187086371,0.045446482566126226,0.01807019161590433,0.027376290950221864,0.69395910603719169,0.045454545454545456
zone4,R20,ramp,CLARA,5.7589836401520715,1.9143090547376371,3.8446745854144329,0.66922071894681845,0.53583524261792892,0.039093839938947432,0.6311235892446122,0.10577455144817453,0.0033926134556991178,0.10238193799247541,0.7762443849694306,0.0090909090909090905
zone4,R20,ramp,FEASIBLE_STATE_ORACLE,5.6936346552284665,1.9266136515854351,3.7670210036430283,0.67457224115356773,0.5392915900470856,0.030042004587634619,0.66214827885826522,0.10993935511651824,0.0024060887112684797,0.10753326640524975,0.77127533909972767,0.0045454545454545452
zone4,R20,ramp,FIX_REFERENCE_PRICE,5.9125942436239391,1.8263454799571723,4.0862487636667657,0.64377975228959705,0.51112637329757393,0.080363225286077006,0.51885180678295462,0.092235615153515693,0.0089097665366936214,0.083325848616822046,0.78058029561850317,0.072727272727272724
zone4,R20,ramp,GLOBAL_SCORE_SAME_SCREEN,5.7367787704008633,1.9558346663548509,3.7809441040460099,0.67767270343594843,0.54749974026321324,0.014560506667712055,0.67589071607913709,0.11110863819992543,0.0014595640929171228,0.1096490741070083,0.77592078138090492,0
zone4,R20,ramp,NO_BACKOFF_EXACT,5.7793230632938455,1.9073117470476477,3.8720113162461955,0.666806792605244,0.53386970674995426,0.037612895770699838,0.62257811270130836,0.10401677657931559,0.0034630142297673461,0.10055376234954823,0.7757168061412103,0.018181818181818181
zone4,R20,ramp,NO_G,5.7397480711888686,1.9198339259442627,3.8199141452446033,0.67097558546341884,0.53738717273214986,0.042047762160676919,0.63704905763144715,0.10763622247527671,0.00371561883365671,0.10392060364161999,0.77550215293865865,0.0090909090909090905
zone4,R20,ramp,NO_RWG,5.7278376798575943,1.889698774960503,3.8381389048970891,0.66764430469714287,0.52892224268053212,0.061631107177336227,0.64572893735249803,0.11067762951107815,0.0052001102948347339,0.1054775192162434,0.78825920439748254,0.077272727272727271
zone4,R20,ramp,NO_SCREEN,5.7624666685377735,1.9045665850425484,3.857900083495224,0.66780051569538368,0.53309859382717384,0.048367517940975796,0.62690664930885365,0.1059106227319552,0.0043696922354531827,0.10154093049650201,0.78172751155932707,0.027272727272727271
zone4,R20,ramp,OUTCOME_ORACLE,4.9427104040938747,1.7207811912069009,3.2219292128869728,0.69996119207358265,0.48147348319918326,0.0049451979811497657,0.76840461901327461,0.13711462614062236,0.00046832248267062945,0.13664630365795175,0.66159554795800246,0
zone4,R20,ramp,STATE_ORACLE,5.6677707650434268,1.9100294097307697,3.7577413553126546,0.67338780335114501,0.53463309514408985,0.041798807089798974,0.6635909575860589,0.11066698520100805,0.0030856219206305885,0.10758136328037746,0.77286511302842453,0.036363636363636362
zone4,R20,ramp,WIDTH_ONLY,7.4060810120604836,1.4559970709977519,5.9500839410627329,0.51425337057283005,0.40709592134268069,0.34863791670155475,0.052128601631730026,0.061318764512385708,0.051086970202899921,0.010231794309485755,0.81223242141286167,0.82272727272727275
zone4,R20,ramp,WIDTH_SAME_SCREEN,6.6607174156984312,1.6748995338526005,4.9858178818458301,0.58399582068953371,0.46858537720078386,0.14331183738353606,0.15222805344024867,0.045259447957952066,0.019593792379585629,0.025665655578366427,0.77832538140211438,0.20909090909090908
zone5,R01,ordinary,CLARA,1.6335265045237088,1.4373180461585324,0.19620845836517634,0.62377742678176329,0.40297699891026106,0.11309162050748359,0.22641461909495347,0.051041229064122319,0.01606735280164116,0.034973876262481156,0.64068339881340519,0.013636363636363636
zone5,R01,ordinary,FEASIBLE_STATE_ORACLE,1.6146143833391171,1.4142402849690514,0.2003740983700657,0.61582471264692717,0.39649448172220447,0.12668677366711961,0.19770633133356585,0.048714583163002,0.017531708477271733,0.031182874685730264,0.64396441041339447,0.027272727272727271
zone5,R01,ordinary,FIX_REFERENCE_PRICE,1.7272956740825569,1.5619232823733149,0.16537239170924212,0.68090004148475758,0.43797846975711008,0.049948199647359297,0.54932700322709493,0.094042194382716091,0.0054113575637730893,0.088630836818943001,0.64610562098158175,0
zone5,R01,ordinary,GLOBAL_SCORE_SAME_SCREEN,1.6328797142955624,1.4366946098653539,0.19618510443020815,0.62483485258955873,0.40280187635599746,0.11438999258402693,0.23283437044514405,0.051691778368778335,0.016115121542490254,0.035576656826288071,0.640909128131814,0.018181818181818181
zone5,R01,ordinary,NO_BACKOFF_EXACT,1.6361194122848728,1.4402833659864911,0.19583604629838169,0.62460289022257964,0.40380995391811453,0.1090338695726261,0.23541372637096786,0.051746451678887709,0.015486971532258221,0.036259480146629483,0.64167233330252449,0.0090909090909090905
zone5,R01,ordinary,NO_G,1.6250892158074557,1.4268313428599302,0.19825787294752548,0.6212168926444358,0.40003129573649643,0.13262586857463179,0.20469923228849737,0.050333066285020753,0.018238540823317148,0.032094525461703598,0.63942400165084479,0.018181818181818181
zone5,R01,ordinary,NO_RWG,1.623462120818008,1.4255424559185585,0.19791966489944962,0.62071837634349403,0.3996692488428526,0.1594755827772476,0.18072781282309694,0.050859265892478411,0.022234372281545001,0.028624893610933407,0.64002110470017926,0.036363636363636362
zone5,R01,ordinary,NO_SCREEN,1.6171758239384102,1.4166194716869411,0.20055635225146892,0.61783793517187735,0.39716279259801635,0.17302478453483142,0.16772261140986416,0.051342955844352868,0.024382524238709669,0.026960431605643206,0.64167032191722451,0.036363636363636362
zone5,R01,ordinary,OUTCOME_ORACLE,1.5538936966290577,1.3406230063613458,0.21327069026771189,0.58635428392192301,0.37581547087734329,0.27196592232340211,0.072613043005517769,0.051742059592007582,0.038469599222361574,0.013272460369645999,0.63843178814057555,0.21818181818181817
zone5,R01,ordinary,STATE_ORACLE,1.5951971570321444,1.3898842774924067,0.20531287953973754,0.60819977284528348,0.38965290658831553,0.19793121263371724,0.13143967585206939,0.049062161380042088,0.02747033217581504,0.021591829204227055,0.64597407629782277,0.06363636363636363
zone5,R01,ordinary,WIDTH_ONLY,1.5538936966290577,1.3366131736093088,0.2172805230197489,0.58629183374971472,0.37468911336272614,0.27294094118130957,0.072449767196529014,0.051823907360553194,0.038561114332098537,0.013262793028454649,0.65443476074293228,0.21818181818181817
zone5,R01,ordinary,WIDTH_SAME_SCREEN,1.5726207433116299,1.3597655451494626,0.21285519816216733,0.59340058379883198,0.3811925885144547,0.19072512696722504,0.11909566023127705,0.047329389457121361,0.026725334415098768,0.020604055042022579,0.65162127052971097,0.15454545454545454
zone5,R01,overall,CLARA,1.7604863645701574,1.5387359592300638,0.2217504053400936,0.59968134645227411,0.43107974213365674,0.12948368697682691,0.20504224110615063,0.050170525641653994,0.018215681768810114,0.03195484387284387,0.69909014651231738,0.031818181818181815
zone5,R01,overall,FEASIBLE_STATE_ORACLE,1.7473435107622015,1.5226999303796283,0.22464358038257315,0.59471060351373861,0.4265752396475796,0.14383711742719818,0.17735066921668463,0.048249920521895411,0.019773060747867905,0.028476859774027505,0.70360179994698668,0.05909090909090909
zone5,R01,overall,FIX_REFERENCE_PRICE,1.882987603210188,1.7037862339931713,0.17920136921701627,0.66564407193841257,0.47744217886486678,0.058281725734611746,0.53273699231171856,0.091917543838398647,0.006350283964864414,0.08556725987353421,0.70224184543534851,0.0090909090909090905
zone5,R01,overall,GLOBAL_SCORE_SAME_SCREEN,1.7594404002322528,1.5375784198088631,0.22186198042338989,0.60026244160869879,0.43075459061084781,0.13041518813622416,0.2118919291869468,0.05086431454865048,0.018249167048111831,0.032615147500538642,0.69884438479078381,0.031818181818181815
zone5,R01,overall,NO_BACKOFF_EXACT,1.7654977151779376,1.5452767004321222,0.22022101474581568,0.60154721789424204,0.43291702898816764,0.12458486848643373,0.21350094002505218,0.050711135152425972,0.017514682309902746,0.033196452842523205,0.69964612862542797,0.027272727272727271
zone5,R01,overall,NO_G,1.7440860204757156,1.5191336995607885,0.22495232091492778,0.59443931918536264,0.42557348941756806,0.14993612516872651,0.1832015530549265,0.049692790320955887,0.020598574742773768,0.029094215578182082,0.69855273640010918,0.06363636363636363
zone5,R01,overall,NO_RWG,1.7269797167083993,1.4972840108726264,0.22969570583577351,0.58704731586905734,0.41943593641527582,0.17721434982229536,0.16018263200532529,0.050341131845287206,0.024614678465777712,0.025726453379509455,0.70019548944846288,0.10000000000000001
zone5,R01,overall,NO_SCREEN,1.7168399188144088,1.4833099746544525,0.2335299441599559,0.58257471675795613,0.41551064534275517,0.19330655815584524,0.14755767915985246,0.051232713925658861,0.027207994034335953,0.024024719891322866,0.70218470640661768,0.15454545454545454
zone5,R01,overall,OUTCOME_ORACLE,1.658936946221407,1.4123451900678166,0.24659175615358978,0.55527381995887926,0.39557671708808245,0.29675400031301313,0.061018507985138255,0.053868454825335109,0.042223078723170757,0.01164537610216433,0.70114185864321821,0.53636363636363638
zone5,R01,overall,STATE_ORACLE,1.6980167908487376,1.4596521863802283,0.23836460446850918,0.5744588956123432,0.40886519919831027,0.2196532484042828,0.11274417117739287,0.049622977160715481,0.030558514279326734,0.019064462881388744,0.70794801498021898,0.22272727272727272
zone5,R01,overall,WIDTH_ONLY,1.658936946221407,1.4085251124117071,0.25041183380969928,0.55516139482590865,0.39450366156670336,0.29783012202645265,0.060852038277586701,0.05396399270551485,0.042325790053379587,0.011638202652135238,0.71789176409565303,0.54090909090909089
zone5,R01,overall,WIDTH_SAME_SCREEN,1.7064741305983491,1.4687614769844521,0.23771265361389698,0.57483035947834848,0.41142398869387853,0.21286625167525802,0.10459324385160816,0.048440868692096246,0.029735934236458234,0.018704934455638006,0.71255644409131547,0.25454545454545452
zone5,R01,ramp,CLARA,1.9004881686522281,1.6539100277139682,0.24657814093825992,0.58087807478662334,0.46299048050322106,0.13636252827973683,0.19484169362373749,0.049685884369154894,0.01904148252576629,0.03064440184338859,0.76882197682419862,0.22727272727272727
zone5,R01,ramp,FEASIBLE_STATE_ORACLE,1.8902810440100777,1.6413671017285787,0.24891394228149882,0.57762017108747932,0.45946718668710085,0.15084296117235746,0.1673259502415203,0.047905096015548508,0.020635878627286299,0.027269217388262219,0.77424003187665158,0.24545454545454545
zone5,R01,ramp,FIX_REFERENCE_PRICE,2.0414892415978105,1.8435443503161835,0.19794489128162693,0.64720969478745005,0.51625854864991083,0.062380739682630901,0.52520450256216511,0.090855161077071062,0.0067712610482670525,0.084083900028804018,0.76842220139549688,0.045454545454545456
zone5,R01,ramp,GLOBAL_SCORE_SAME_SCREEN,1.8993225098397739,1.652507272644218,0.24681523719555576,0.58099092114487383,0.46259644818025758,0.13697162867022539,0.201792175244975,0.050390789989750426,0.019058026968446419,0.031332763021304014,0.76872685837012822,0.21818181818181817
zone5,R01,ramp,NO_BACKOFF_EXACT,1.9051503072561211,1.6601201981420268,0.24503010911409376,0.58242253717866765,0.46473491039874321,0.13113739604574565,0.20286705197258398,0.050151504800607948,0.018293036500203294,0.031858468300404647,0.7693296921200975,0.19090909090909092
zone5,R01,ramp,NO_G,1.8772226098277247,1.6265802267160017,0.25064238311172349,0.57392445570134987,0.45531357011053358,0.15685275620862138,0.17271022804135663,0.049244134840348321,0.021508299415786077,0.027735835424562233,0.76902101875775697,0.31363636363636366
zone5,R01,ramp,NO_RWG,1.8344264945599338,1.571622645236646,0.26280384932328826,0.55374565519537267,0.43987604722307427,0.18491296078741778,0.15099547613072933,0.049972594461225282,0.025555844759543467,0.024416749701681808,0.77371766958376031,0.55909090909090908
zone5,R01,ramp,NO_SCREEN,1.8226356617988333,1.555496089162034,0.26713957263679888,0.54875468515752857,0.43534611574144183,0.20209323363673495,0.13869260214915169,0.051018458751531666,0.028314122162036791,0.022704336589494854,0.77558293045810556,0.63636363636363635
zone5,R01,ramp,OUTCOME_ORACLE,1.766776909598575,1.4863583899798916,0.28041851961868386,0.52431773799369208,0.41592541372398645,0.30742256819234764,0.055447053740012645,0.05453336932333154,0.043727162568468918,0.0108062067548626,0.77521665888860447,0.8136363636363636
zone5,R01,ramp,STATE_ORACLE,1.8050433893098883,1.5330041727584904,0.27203921655139762,0.54149620948851318,0.42902816169550295,0.22887200582517628,0.10430096518120477,0.049652351221308934,0.031780929599949319,0.017871421621359605,0.7825952603903128,0.72272727272727277
zone5,R01,ramp,WIDTH_ONLY,1.766776909598575,1.4825156440683813,0.28426126553019404,0.524188253288705,0.41484599071513534,0.30854018836153141,0.055276055295276343,0.054633746004488337,0.04383397863634951,0.010799767368138808,0.79384564913861599,0.81818181818181823
zone5,R01,ramp,WIDTH_SAME_SCREEN,1.8492017752262331,1.5865584111449815,0.26264336408125161,0.55947402436341009,0.44407148708496691,0.22170702720638108,0.097094161802401033,0.048665133291592076,0.030877370239539466,0.01778776305205261,0.78419766722587336,0.52727272727272723
zone5,R02,ordinary,CLARA,1.834804215017235,1.4473993465451245,0.3874048684721102,0.62663414732107914,0.40580882486155107,0.097597914144066725,0.24330049093682998,0.050982253782523995,0.013901924572712806,0.037080329209811178,0.64046219948207783,0.0090909090909090905
zone5,R02,ordinary,FEASIBLE_STATE_ORACLE,1.8194164645986048,1.4253660575553284,0.3940504070432766,0.61891799020540039,0.39961969874082154,0.10946789966707234,0.21372234484691252,0.04862796935136459,0.015239263641015143,0.033388705710349437,0.64244645764302455,0.022727272727272728
zone5,R02,ordinary,FIX_REFERENCE_PRICE,1.8926680657917991,1.5619232823733149,0.33074478341848423,0.68090004148475758,0.43797846975711008,0.049948199647359297,0.54932700322709493,0.094042194382716091,0.0054113575637730893,0.088630836818943001,0.64610562098158175,0
zone5,R02,ordinary,GLOBAL_SCORE_SAME_SCREEN,1.8331623273041091,1.4442179163576199,0.38894441094648918,0.62727415728512403,0.40491516469652167,0.1000984357672348,0.24583510486160476,0.051551317820857243,0.014179661386832,0.037371656434025229,0.64044155323403429,0.013636363636363636
zone5,R02,ordinary,NO_BACKOFF_EXACT,1.8395334380623909,1.45411476306527,0.38541867499712068,0.62834375508532447,0.4076951778166481,0.093103946674419694,0.25739194854327319,0.052410031386050673,0.013290471091689139,0.039119560294361533,0.64099569080982988,0.0090909090909090905
zone5,R02,ordinary,NO_G,1.8244667678857598,1.4292065486141707,0.39526021927158889,0.62276628167881409,0.40069848836409211,0.11847962366334566,0.21608160603039689,0.049872273778352912,0.016366369563727154,0.033505904214625758,0.64097565263918044,0.0090909090909090905
zone5,R02,ordinary,NO_RWG,1.8213821726923922,1.4262144799227343,0.39516769276965802,0.6209481144167952,0.39985801963054241,0.15781631187717116,0.17906914365159765,0.050505710654415469,0.022007111856459646,0.028498598797955823,0.63967462423817145,0.036363636363636362
zone5,R02,ordinary,NO_SCREEN,1.8184704863658738,1.419491883011285,0.39897860335458851,0.61847011396800866,0.3979696497115961,0.17116478983932862,0.17254515736862031,0.051397309807527984,0.024007353255238437,0.027389956552289558,0.64105687894519903,0.036363636363636362
zone5,R02,ordinary,OUTCOME_ORACLE,1.7430290626389928,1.4194165981371625,0.3236124645018304,0.60640088213694565,0.39794850227504452,0.15387085596194838,0.10056610268395663,0.040851129106562613,0.022966132014599176,0.017884997091963426,0.57103696718875729,0.045454545454545456
zone5,R02,ordinary,STATE_ORACLE,1.7999880888861788,1.3927055637900982,0.40728252509608059,0.6088075292797247,0.39044540273935241,0.19551281436320911,0.13224075903280708,0.04881814573075851,0.027125387374222494,0.021692758356536012,0.64469240024076579,0.05909090909090909
zone5,R02,ordinary,WIDTH_ONLY,1.7711742196488067,1.3366131736093088,0.4345610460394978,0.58629183374971472,0.37468911336272614,0.27294094118130957,0.072449767196529014,0.051823907360553194,0.038561114332098537,0.013262793028454649,0.65443476074293228,0.21818181818181817
zone5,R02,ordinary,WIDTH_SAME_SCREEN,1.7897891963974868,1.3670220057967384,0.42276719060074852,0.59570240880189929,0.38323092015694793,0.1738089409243278,0.13089409560142523,0.046594124795707736,0.024348871285241762,0.022245253510465957,0.6509218570198485,0.13181818181818181
zone5,R02,overall,CLARA,1.9902754899333097,1.5539760008909296,0.43629948904238042,0.6041876611280862,0.43536065271255159,0.11335345704565547,0.22123356135243791,0.049905006280127305,0.015850778539607757,0.034054227740519527,0.69736098289532356,0.022727272727272728
zone5,R02,overall,FEASIBLE_STATE_ORACLE,1.9796255962101637,1.5384824195171334,0.4411431766930301,0.59943698832552939,0.43100852311317089,0.12614740395790011,0.19302327391740171,0.047938957949293273,0.017278662301178721,0.030660295648114542,0.70040527551009912,0.022727272727272728
zone5,R02,overall,FIX_REFERENCE_PRICE,2.0621889724272044,1.7037862339931713,0.35840273843403253,0.66564407193841257,0.47744217886486678,0.058281725734611746,0.53273699231171856,0.091917543838398647,0.006350283964864414,0.08556725987353421,0.70224184543534851,0.0090909090909090905
zone5,R02,overall,GLOBAL_SCORE_SAME_SCREEN,1.9883869810988011,1.5502587342359502,0.43812824686285101,0.60424236084205407,0.4343164766858722,0.11525134553955989,0.22472428990564586,0.050561894896148617,0.016137802663585735,0.034424092232562868,0.69681738028233231,0.018181818181818181
zone5,R02,overall,NO_BACKOFF_EXACT,1.9955286598900457,1.5633328376997893,0.43219582219025632,0.6068023525101901,0.43798897765886069,0.10790303794760625,0.23484976216885217,0.051159828680205653,0.015123849379959446,0.036035979300246185,0.69774962362631521,0.018181818181818181
zone5,R02,overall,NO_G,1.9746955889308453,1.5295174518265324,0.44517813710431353,0.59802498548534622,0.42849027376187832,0.13445226871414973,0.19374848620553037,0.049012866898514751,0.018500269537006484,0.030512597361508239,0.69759863199996164,0.045454545454545456
zone5,R02,overall,NO_RWG,1.9568580103468194,1.4978518013682778,0.45900620897854227,0.58725168466460531,0.41959542812753747,0.17560686461314801,0.15854524870840317,0.050007395642135147,0.024389048018632103,0.025618347623503002,0.70005829484360127,0.095454545454545459
zone5,R02,overall,NO_SCREEN,1.9513044579515593,1.4860766723603136,0.46522778559124534,0.58338863452102807,0.41628780761968254,0.19090421263236831,0.15130717267972751,0.05116621391131683,0.026763058714444874,0.024403155196871917,0.70202910883904768,0.13181818181818181
zone5,R02,overall,OUTCOME_ORACLE,1.8815645529879101,1.5070432242316292,0.37452132875628047,0.57627392716726311,0.42217728848241176,0.17288096951229698,0.084646866532747639,0.041080857786177503,0.02526570091370953,0.015815156872467973,0.62529361639899306,0.23181818181818181
zone5,R02,overall,STATE_ORACLE,1.9360710409202051,1.4614379848613559,0.47463305605884892,0.57495200855935102,0.40936682798514396,0.21717684953612632,0.11337366873801864,0.049314425691071327,0.030167289878940077,0.019147135812131229,0.70710529545416223,0.22272727272727272
zone5,R02,overall,WIDTH_ONLY,1.9093487800311062,1.4085251124117071,0.50082366761939856,0.55516139482590865,0.39450366156670336,0.29783012202645265,0.060852038277586701,0.05396399270551485,0.042325790053379587,0.011638202652135238,0.71789176409565303,0.54090909090909089
zone5,R02,overall,WIDTH_SAME_SCREEN,1.9517628301914949,1.4818258917510554,0.46993693844043916,0.57902056042895811,0.41509376812269966,0.19534144961115685,0.11562345416716069,0.04748308098432269,0.027178476234348908,0.020304604749973774,0.70984833332965369,0.21363636363636362
zone5,R02,ramp,CLARA,2.1587715586531599,1.6750415377495611,0.48373002090359901,0.5871000935433186,0.46892629792894935,0.11988001320410063,0.21093243242356177,0.049356965721805403,0.016613335501448067,0.032743630220357325,0.76422559703389625,0.16818181818181818
zone5,R02,ramp,FEASIBLE_STATE_ORACLE,2.1505163453599332,1.6627886850168974,0.48772766034303594,0.58404208874007835,0.46548448536359471,0.13303356328379601,0.18284225626096298,0.047524048886259919,0.018079331747002277,0.029444717139257632,0.7682521649489048,0.18636363636363637
zone5,R02,ramp,FIX_REFERENCE_PRICE,2.2394341328794378,1.8435443503161835,0.39588978256325386,0.64720969478745005,0.51625854864991083,0.062380739682630901,0.52520450256216511,0.090855161077071062,0.0067712610482670525,0.084083900028804018,0.76842220139549688,0.045454545454545456
zone5,R02,ramp,GLOBAL_SCORE_SAME_SCREEN,2.1568219077212651,1.6709163093574044,0.48590559836386049,0.58659803286655976,0.46776752590868059,0.12145218160553413,0.21469449681954045,0.050041613120969927,0.016893854890841945,0.033147758230127979,0.76389845896983555,0.15454545454545454
zone5,R02,ramp,NO_BACKOFF_EXACT,2.1631794692962032,1.6834988891094349,0.4796805801867679,0.5893134927029714,0.47130195842329603,0.11414525505970526,0.22397446937445736,0.050534094857480935,0.015837944899304714,0.034696149958176208,0.76452706959559114,0.14999999999999999
zone5,R02,ramp,NO_G,2.1384049285198752,1.6449997444849929,0.49340518403488259,0.57978706825953519,0.46048759195575584,0.14104396854483373,0.18305989477061527,0.048480331748245252,0.019321510405623476,0.029158821342621766,0.76674355037393926,0.25
zone5,R02,ramp,NO_RWG,2.0974613739819779,1.5721077820986635,0.52535359188331443,0.55394038641245391,0.44001232162251747,0.18338227668584156,0.14931897785150516,0.04964174413515119,0.025337882664133705,0.024303861471017468,0.7736599765155876,0.55000000000000004
zone5,R02,ramp,NO_SCREEN,2.0908807955493436,1.5585821827517852,0.53229861279755819,0.5497876877454696,0.43621299596328211,0.19950160734481165,0.14196594578347818,0.050907475719458695,0.027845762387823256,0.023061713331635435,0.77558940384537312,0.62727272727272732
zone5,R02,ramp,OUTCOME_ORACLE,2.0226859455196724,1.5928683949681273,0.42981755055154491,0.54541749435601161,0.44584395445101904,0.18155095789368916,0.07687838117315228,0.041022436059306402,0.026237519924472995,0.014784916134833398,0.68705025560201693,0.63636363636363635
zone5,R02,ramp,STATE_ORACLE,2.0768343937949862,1.5345203800669809,0.54231401372800547,0.54199149740510855,0.42945406262485425,0.22638731655928729,0.10487256233377835,0.049326042355525596,0.031378520317713453,0.017947522037812129,0.78187309868069854,0.70909090909090911
zone5,R02,ramp,WIDTH_ONLY,2.051038175128769,1.4825156440683813,0.56852253106038808,0.524188253288705,0.41484599071513534,0.30854018836153141,0.055276055295276343,0.054633746004488337,0.04383397863634951,0.010799767368138808,0.79384564913861599,0.81818181818181823
zone5,R02,ramp,WIDTH_SAME_SCREEN,2.1231883901861694,1.6056930052414184,0.51749538494475134,0.56553209848004482,0.44944637306711199,0.20386690666883051,0.10777943212983163,0.047641399003746518,0.028260912370883618,0.019380486632862893,0.77873689258490864,0.45909090909090911
zone5,R05P6179775281,ordinary,CLARA,2.4909816627623158,1.5619232823733149,0.92905838038900057,0.68090004148475758,0.43797846975711008,0.049948199647359297,0.54932700322709493,0.094042194382716091,0.0054113575637730893,0.088630836818943001,0.64610562098158175,0
zone5,R05P6179775281,ordinary,FEASIBLE_STATE_ORACLE,2.4573999927777099,1.5547801899254654,0.90261980285224408,0.68083761360972839,0.43597198311445579,0.05430586309578285,0.5367598893432648,0.094134911158197651,0.0056826258180115883,0.088452285340186051,0.64262755271573324,0.0090909090909090905
zone5,R05P6179775281,ordinary,FIX_REFERENCE_PRICE,2.4909816627623158,1.5619232823733149,0.92905838038900057,0.68090004148475758,0.43797846975711008,0.049948199647359297,0.54932700322709493,0.094042194382716091,0.0054113575637730893,0.088630836818943001,0.64610562098158175,0
zone5,R05P6179775281,ordinary,GLOBAL_SCORE_SAME_SCREEN,2.5180824823935994,1.557192523224769,0.96088995916883035,0.65772756201343363,0.43664960482774295,0.034779345138174989,0.44059647619785453,0.064500256115339605,0.0043546485043100191,0.060145607611029578,0.63617131739377575,0
zone5,R05P6179775281,ordinary,NO_BACKOFF_EXACT,2.4952420017456847,1.5684633004281752,0.92677870131750961,0.68169198515384566,0.43981555348038542,0.04774099664103048,0.55134672026033393,0.093679816047163009,0.0051916025677148621,0.088488213479448144,0.64566963348528739,0
zone5,R05P6179775281,ordinary,NO_G,2.4793048894772665,1.5389914235532893,0.94031346592397691,0.67724878270184663,0.43153693638069834,0.065290707891620087,0.53761039965906976,0.09487805915420458,0.0072388450269545183,0.087639214127250065,0.6459851364320639,0.0090909090909090905
zone5,R05P6179775281,ordinary,NO_RWG,2.4734096108961161,1.5537752995951684,0.9196343113009473,0.68141095358010828,0.43568971054976541,0.093045244720178347,0.5130442197956423,0.095239778248100621,0.010322325895905378,0.084917452352195222,0.64508337799028259,0.013636363636363636
zone5,R05P6179775281,ordinary,NO_SCREEN,2.4852645224680008,1.5443225165301406,0.94094200593785982,0.67722622604546423,0.43303443440790373,0.080764478406541051,0.52517003449990562,0.094294779537873491,0.0088542914329182952,0.085440488104955192,0.64632383694424222,0.013636363636363636
zone5,R05P6179775281,ordinary,OUTCOME_ORACLE,2.2137332082801153,1.4965260312850579,0.71720717699505709,0.70013187343655303,0.4196084554064759,0.011172591459546254,0.65918466666994324,0.099078406540059408,0.0010775076039216808,0.098000898936137726,0.55504568671102639,0
zone5,R05P6179775281,ordinary,STATE_ORACLE,2.4437128640579346,1.53330757448864,0.91040528956929445,0.67589665661646181,0.42994034956478561,0.098784300662906527,0.49921947324430516,0.093672665771310656,0.01043099067888438,0.08324167509242629,0.64114171701711442,0.018181818181818181
zone5,R05P6179775281,ordinary,WIDTH_ONLY,2.5572902692258759,1.3366131736093088,1.2206770956165669,0.58629183374971472,0.37468911336272614,0.27294094118130957,0.072449767196529014,0.051823907360553194,0.038561114332098537,0.013262793028454649,0.65443476074293228,0.21818181818181817
zone5,R05P6179775281,ordinary,WIDTH_SAME_SCREEN,2.5545456460074023,1.3842589748864245,1.1702866711209781,0.60066225455494648,0.38807276540685981,0.13898747573947395,0.1563234802985386,0.045594786976674892,0.01977582155360319,0.025818965423071678,0.64841652913891468,0.090909090909090912
zone5,R05P6179775281,overall,CLARA,2.7105354992573072,1.7037862339931713,1.0067492652641363,0.66564407193841257,0.47744217886486678,0.058281725734611746,0.53273699231171856,0.091917543838398647,0.006350283964864414,0.08556725987353421,0.70224184543534851,0.0090909090909090905
zone5,R05P6179775281,overall,FEASIBLE_STATE_ORACLE,2.6864035305497183,1.6996759197037887,0.98672761084593041,0.66515767657428804,0.4762875961993096,0.062131689464291116,0.52089619474114845,0.091796743387038679,0.00655049088268643,0.085246252504352249,0.70022567651296375,0.0090909090909090905
zone5,R05P6179775281,overall,FIX_REFERENCE_PRICE,2.7105354992573072,1.7037862339931713,1.0067492652641363,0.66564407193841257,0.47744217886486678,0.058281725734611746,0.53273699231171856,0.091917543838398647,0.006350283964864414,0.08556725987353421,0.70224184543534851,0.0090909090909090905
zone5,R05P6179775281,overall,GLOBAL_SCORE_SAME_SCREEN,2.7463551840515561,1.6699274135801512,1.0764277704714049,0.63733760289272923,0.46793127425446757,0.043147182594579871,0.41428547302812918,0.061872165607683376,0.0053130803148397085,0.056559085292843661,0.68931943100204318,0
zone5,R05P6179775281,overall,NO_BACKOFF_EXACT,2.7149117588801661,1.7069262047201399,1.0079855541600269,0.66571928280208292,0.47832419311401503,0.055389404297447868,0.53409346568225502,0.091350303897537191,0.0060525830306420239,0.085297720866895133,0.70197523717525001,0.0045454545454545452
zone5,R05P6179775281,overall,NO_G,2.7000872069252195,1.6876052127266272,1.0124819941985925,0.6625126898042113,0.47289694817201761,0.07537296319239041,0.52152200436734863,0.093087909110703193,0.008486184690486202,0.084601724420217003,0.70203299389094254,0.022727272727272728
zone5,R05P6179775281,overall,NO_RWG,2.688044991447522,1.6629674315574001,1.0250775598901225,0.65609081782368162,0.465976223124482,0.10593692791269416,0.49522400508101788,0.093464289390415844,0.011855506359336793,0.081608783031079046,0.70476270405954067,0.031818181818181815
zone5,R05P6179775281,overall,NO_SCREEN,2.6992139109756739,1.6748787059222998,1.0243352050533745,0.65852355854063205,0.46932208671012815,0.091760256866614154,0.50884934326567355,0.092545897678574046,0.010200219843704488,0.082345677834869527,0.70588848066256538,0.054545454545454543
zone5,R05P6179775281,overall,OUTCOME_ORACLE,2.402793463125271,1.612059992203656,0.79073347092161472,0.68004653886807576,0.45167638060938536,0.012903072091098531,0.64568069908785453,0.096205700448031353,0.0012223102520098356,0.094983390196021505,0.60327759556570304,0
zone5,R05P6179775281,overall,STATE_ORACLE,2.6645120066532333,1.6571693299973118,1.0073426766559215,0.65471284409280783,0.46434754291097402,0.10999496845275503,0.483108098017132,0.091837892304672958,0.01177224892322881,0.080065643381444132,0.70374056948247288,0.05909090909090909
zone5,R05P6179775281,overall,WIDTH_ONLY,2.8153331675223772,1.4085251124117071,1.4068080551106703,0.55516139482590865,0.39450366156670336,0.29783012202645265,0.060852038277586701,0.05396399270551485,0.042325790053379587,0.011638202652135238,0.71789176409565303,0.54090909090909089
zone5,R05P6179775281,overall,WIDTH_SAME_SCREEN,2.7986754047925229,1.5109119009850907,1.2877635038074335,0.58750232848983042,0.42326399543563065,0.1578401924032245,0.13927957371648655,0.045940465652983056,0.022225136639150864,0.023715329013832165,0.70602114637073698,0.13636363636363635
zone5,R05P6179775281,ramp,CLARA,2.9555943013365611,1.8435443503161835,1.1120499510203761,0.64720969478745005,0.51625854864991083,0.062380739682630901,0.52520450256216511,0.090855161077071062,0.0067712610482670525,0.084083900028804018,0.76842220139549688,0.045454545454545456
zone5,R05P6179775281,ramp,FEASIBLE_STATE_ORACLE,2.9351135190988398,1.8408615644189552,1.0942519546798835,0.64692776578548328,0.51550495710574551,0.065878575200589221,0.51427527892943559,0.090742279489848532,0.0069366541825217334,0.083805625307326798,0.76692015416145898,0.054545454545454543
zone5,R05P6179775281,ramp,FIX_REFERENCE_PRICE,2.9555943013365611,1.8435443503161835,1.1120499510203761,0.64720969478745005,0.51625854864991083,0.062380739682630901,0.52520450256216511,0.090855161077071062,0.0067712610482670525,0.084083900028804018,0.76842220139549688,0.045454545454545456
zone5,R05P6179775281,ramp,GLOBAL_SCORE_SAME_SCREEN,2.9922873498155531,1.7842045393688457,1.2080828104467067,0.61657662626251564,0.49959006242874837,0.046909592818222386,0.40116596674786659,0.060545042068309976,0.0057130914491119794,0.054831950619197989,0.75313656033203968,0.027272727272727271
zone5,R05P6179775281,ramp,NO_BACKOFF_EXACT,2.9594236256515241,1.8419912909411098,1.117432334710412,0.64615445424298767,0.51582229601646312,0.059171822691176816,0.52592375354770882,0.090188305248660894,0.00645311204732459,0.083735193201336294,0.76791757079800904,0.06363636363636363
zone5,R05P6179775281,ramp,NO_G,2.9463623088389288,1.8323984165950695,1.1139638922438582,0.64484674887627225,0.51312766839117108,0.080166951943017789,0.51477196501398592,0.092186330189783658,0.0090165375142258284,0.083169792675557824,0.76841214940875213,0.072727272727272724
zone5,R05P6179775281,ramp,NO_RWG,2.920847805898505,1.7615422842329984,1.1593055216655066,0.62615372336186281,0.49322426042429712,0.11273198155349258,0.48703376904213014,0.092547587761468431,0.012542374516325465,0.080005213245142967,0.77683385223722223,0.25
zone5,R05P6179775281,ramp,NO_SCREEN,2.9379408254977522,1.8017530923303315,1.1361877331674193,0.63691376355779972,0.50451943123815501,0.097376232174693586,0.50160614174678853,0.091665558912568529,0.010799128521819272,0.080866430390749255,0.77638717211143249,0.17727272727272728
zone5,R05P6179775281,ramp,OUTCOME_ORACLE,2.6127425407715261,1.717962575497443,0.89477996527408199,0.65470821097879317,0.48098276920644489,0.013903279977029342,0.6386940759345745,0.094790502167389143,0.0013152455565201085,0.093475256610869015,0.65871267062962191,0.040909090909090909
zone5,R05P6179775281,ramp,STATE_ORACLE,2.8991543160402951,1.7699128078371935,1.1292415082031,0.63023708981503235,0.49557553109963309,0.11560510412420606,0.4763458567936954,0.090969851181565364,0.012364907062971697,0.078604944118593659,0.77714159107550684,0.26818181818181819
zone5,R05P6179775281,ramp,WIDTH_ONLY,3.0794890459234043,1.4825156440683813,1.5969734018550228,0.524188253288705,0.41484599071513534,0.30854018836153141,0.055276055295276343,0.054633746004488337,0.04383397863634951,0.010799767368138808,0.79384564913861599,0.81818181818181823
zone5,R05P6179775281,ramp,WIDTH_SAME_SCREEN,3.0558410220052954,1.6452875676384084,1.4105534543668863,0.57693987054624374,0.46056844115615414,0.16505720244871783,0.13079448597401208,0.045874209189093761,0.023140928243215907,0.022733280945877843,0.77349359937265671,0.31363636363636366
zone5,R10,ordinary,CLARA,3.2029755983901351,1.597498374071133,1.6054772243190019,0.692017689920568,0.4479714730430141,0.039399079683398897,0.6153294899242977,0.10491367392710001,0.0037183183434998865,0.10119535558360011,0.64981814144874972,0
zone5,R10,ordinary,FEASIBLE_STATE_ORACLE,3.1457906970442204,1.6074713981734468,1.5383192988707737,0.6974936998732314,0.45077288430770901,0.039328734303970325,0.63178157985709937,0.10970703390917567,0.003366967260770088,0.1063400666484056,0.6449200908404531,0.0045454545454545452
zone5,R10,ordinary,FIX_REFERENCE_PRICE,3.2156471994657361,1.5619232823733149,1.6537239170924212,0.68090004148475758,0.43797846975711008,0.049948199647359297,0.54932700322709493,0.094042194382716091,0.0054113575637730893,0.088630836818943001,0.64610562098158175,0
zone5,R10,ordinary,GLOBAL_SCORE_SAME_SCREEN,3.2283417386839255,1.7154200298644022,1.5129217088195228,0.70959487797618936,0.4810955336591014,0.011335602676559005,0.69997186326654659,0.11670241157260372,0.0010154950467325277,0.11568691652587119,0.65806380865394087,0
zone5,R10,ordinary,NO_BACKOFF_EXACT,3.2085154638063877,1.6013235789856806,1.6071918848207072,0.69190530319495247,0.44904596880552761,0.036765065845828136,0.61174644703980952,0.10348699307128821,0.003540961664624356,0.099946031406663846,0.64916695275836089,0
zone5,R10,ordinary,NO_G,3.1958140443845444,1.590544318252892,1.6052697261316524,0.69168059618691513,0.44601808657721603,0.0463663445268667,0.62105786042212707,0.107198767703141,0.004423328147888669,0.10277543955525233,0.64986430974229792,0.0045454545454545452
zone5,R10,ordinary,NO_RWG,3.1755980843793039,1.6079321100467907,1.5676659743325134,0.69611403763658108,0.45090229775527746,0.069913487966622861,0.6007407226237107,0.10876421632710759,0.0067150792442520653,0.10204913708285551,0.65079099397249507,0.013636363636363636
zone5,R10,ordinary,NO_SCREEN,3.2009333490100382,1.5863003629665227,1.6146329860435154,0.68996978172004031,0.44482596430576399,0.054316187687698511,0.60453870544051613,0.1050154475910573,0.0050353068218563389,0.099980140769200948,0.64969851316901761,0.0090909090909090905
zone5,R10,ordinary,OUTCOME_ORACLE,2.7705840009902944,1.5031011350439418,1.267482865946352,0.72431666671749395,0.42145539466458942,0.006653381163126945,0.74545011488953539,0.12421287174876693,0.00055769438417874087,0.1236551773645882,0.55546046822702666,0
zone5,R10,ordinary,STATE_ORACLE,3.1310452294776288,1.5959991650660506,1.5350460644115784,0.69642114450054649,0.44755034691799084,0.062727228411982153,0.61566035718800016,0.10975103284211672,0.0052654113035993299,0.10448562153851737,0.64108078696686799,0.0090909090909090905
zone5,R10,ordinary,WIDTH_ONLY,3.5094184038067979,1.3366131736093088,2.1728052301974894,0.58629183374971472,0.37468911336272614,0.27294094118130957,0.072449767196529014,0.051823907360553194,0.038561114332098537,0.013262793028454649,0.65443476074293228,0.21818181818181817
zone5,R10,ordinary,WIDTH_SAME_SCREEN,3.4598588027698791,1.3916067376898673,2.0682520650800118,0.60265790137755904,0.39013674372243357,0.12442206787785071,0.16534060958829039,0.045006706958480143,0.01795788319943082,0.027048823759049309,0.6477449923795805,0.077272727272727271
zone5,R10,overall,CLARA,3.4762728898670994,1.7502687541857609,1.7260041356813423,0.6802756531247528,0.49049906655941389,0.046093861818380266,0.60004871309591579,0.1024897214328212,0.004383102606970655,0.098106618825850561,0.70497048215458691,0.0045454545454545452
zone5,R10,overall,FEASIBLE_STATE_ORACLE,3.4356858961715613,1.762485932743697,1.673199963427868,0.68616778524012367,0.49393085828917116,0.043951258039680897,0.61925790269038716,0.10717799050917189,0.003779026842520147,0.10339896366665173,0.70231315150483853,0.0045454545454545452
zone5,R10,overall,FIX_REFERENCE_PRICE,3.4957999261633321,1.7037862339931713,1.7920136921701628,0.66564407193841257,0.47744217886486678,0.058281725734611746,0.53273699231171856,0.091917543838398647,0.006350283964864414,0.08556725987353421,0.70224184543534851,0.0090909090909090905
zone5,R10,overall,GLOBAL_SCORE_SAME_SCREEN,3.4960197280773406,1.8487946391233459,1.6472250889540025,0.69833445270422945,0.5181748769351382,0.013285961325692978,0.68905239822621589,0.11413057085356348,0.001162319476333832,0.11296825137722964,0.7110833484518867,0
zone5,R10,overall,NO_BACKOFF_EXACT,3.4841412323324299,1.7500947504035542,1.7340464819288788,0.67920758616507049,0.49045018909250176,0.043117721285087798,0.59587923397602349,0.10094642132004371,0.0041597539216938371,0.096786667398349874,0.70426329203738736,0
zone5,R10,overall,NO_G,3.4668853857577706,1.7507673501035736,1.7161180356542005,0.681287164334342,0.4906391215925075,0.054012002054200731,0.60823934195708396,0.10514538222046542,0.005200945776998929,0.099944436443466483,0.70597319704093708,0.0090909090909090905
zone5,R10,overall,NO_RWG,3.4556506014247925,1.7323495629890764,1.7233010384357188,0.67763936493952404,0.48546558588618838,0.079516946681861836,0.58634280963070495,0.10680795447456255,0.0077914948416990945,0.099016459632863457,0.70933454019293307,0.018181818181818181
zone5,R10,overall,NO_SCREEN,3.472565122400614,1.7363136807976449,1.7362514416029724,0.67754218832585511,0.48657910212455013,0.062233449648960562,0.589592807293845,0.10272939452697617,0.0058459095773853945,0.096883484949590773,0.70792138768879065,0.022727272727272728
zone5,R10,overall,OUTCOME_ORACLE,3.0161321282256015,1.6208317059163246,1.3953004223092764,0.70661148941156504,0.45414034513541585,0.0078131359481767321,0.73774707663276129,0.12142688691881628,0.00062046940545980019,0.12080641751335647,0.60385324291530307,0
zone5,R10,overall,STATE_ORACLE,3.4193137493120394,1.7394918076354162,1.6798219416766258,0.68217632805322692,0.48747183438235131,0.069134379077863087,0.60257624740173743,0.10739188672582846,0.0058776658966907987,0.10151422082913766,0.70290845210458819,0.013636363636363636
zone5,R10,overall,WIDTH_ONLY,3.9126434505086989,1.4085251124117071,2.5041183380969936,0.55516139482590865,0.39450366156670336,0.29783012202645265,0.060852038277586701,0.05396399270551485,0.042325790053379587,0.011638202652135238,0.71789176409565303,0.54090909090909089
zone5,R10,overall,WIDTH_SAME_SCREEN,3.7910971984196564,1.5223928535418851,2.2687043448777739,0.59075793599477167,0.42648898210888758,0.14299052551068767,0.14773372073556273,0.045116389231394757,0.020223268419232849,0.024893120812161877,0.70416806418477063,0.11818181818181818
zone5,R10,ramp,CLARA,3.8025344579123339,1.8935069849417439,1.9090274729705883,0.66187164088897743,0.53029299657843876,0.04961040817656711,0.59352370646767427,0.10133538717559527,0.00469095571590994,0.096644431459685307,0.76986440362909381,0.027272727272727271
zone5,R10,ramp,FEASIBLE_STATE_ORACLE,3.767949264217255,1.9060683038303856,1.8618809603868676,0.66781065814756713,0.53382145694041683,0.046402184073870888,0.61378477553347532,0.10598066345335518,0.0039692561101670101,0.10201140734318816,0.76788987004613618,0.027272727272727271
zone5,R10,ramp,FIX_REFERENCE_PRICE,3.8229932631324544,1.8435443503161835,1.9794489128162696,0.64720969478745005,0.51625854864991083,0.062380739682630901,0.52520450256216511,0.090855161077071062,0.0067712610482670525,0.084083900028804018,0.76842220139549688,0.045454545454545456
zone5,R10,ramp,GLOBAL_SCORE_SAME_SCREEN,3.8097142393378371,1.9696200924767158,1.8400941468611178,0.67856160660964393,0.55167308296466555,0.014061591773273771,0.68363067023191892,0.11278863659974898,0.001225162741215295,0.11156347385853368,0.77308153475321906,0.0090909090909090905
zone5,R10,ramp,NO_BACKOFF_EXACT,3.8122860596678767,1.8887008171503152,1.9235852425175597,0.65983690670744399,0.52894294944601494,0.046489440711854721,0.58877900639712732,0.099684528843736159,0.004448768323088056,0.095235760520648083,0.76887754192820157,0.036363636363636362
zone5,R10,ramp,NO_G,3.7924737524004568,1.8991111151109488,1.8933626372895069,0.66372852787034087,0.53186719044619313,0.057985203327264964,0.60253352527033399,0.10411075430580768,0.00554511488532285,0.098565639420484824,0.77193915243890454,0.031818181818181815
zone5,R10,ramp,NO_RWG,3.779023362685074,1.8425853193069874,1.9364380433780859,0.65260717915264688,0.51598915791699074,0.084771124595165115,0.57979270746321776,0.10580168858308039,0.0082752915439822574,0.097526397039098114,0.78018051070312178,0.12727272727272726
zone5,R10,ramp,NO_SCREEN,3.796851875758573,1.874430905026202,1.9224209707323694,0.65826215377840136,0.52493454716396104,0.06627856862095316,0.58320325707190013,0.10164490885743263,0.0062153762332979989,0.09542953262413463,0.77705440207959553,0.072727272727272724
zone5,R10,ramp,OUTCOME_ORACLE,3.306713847486991,1.7280428854489338,1.5786709620380555,0.68240704228509408,0.48381431694562776,0.008504673433526266,0.73302399845064048,0.11997779480568301,0.0006614096387908869,0.11931638516689211,0.65931080236714745,0.013636363636363636
zone5,R10,ramp,STATE_ORACLE,3.7439615468409002,1.8656335614223132,1.8783279854185861,0.66091528646515063,0.52246338323028441,0.072534864466693161,0.59667254805721159,0.10626233655704737,0.0061469175666219959,0.10011541899042536,0.77481260235972127,0.10909090909090909
zone5,R10,ramp,WIDTH_ONLY,4.3251282993703226,1.4825156440683813,2.8426126553019406,0.524188253288705,0.41484599071513534,0.30854018836153141,0.055276055295276343,0.054633746004488337,0.04383397863634951,0.010799767368138808,0.79384564913861599,0.81818181818181823
zone5,R10,ramp,WIDTH_SAME_SCREEN,4.142078807574439,1.660038780886419,2.4820400266880194,0.58108001587462577,0.46471204038312325,0.1501879041788878,0.13891543043947374,0.044954942714562851,0.021065841686707717,0.023889101027855124,0.77060481089486477,0.24545454545454545
zone5,R20,ordinary,CLARA,4.7829645133805778,1.6342117942420493,3.1487527191385287,0.69877022482950912,0.45828423151799075,0.027521163373658935,0.6555615186078424,0.10997201242493249,0.002361659180951662,0.10761035324398083,0.65216583861342081,0
zone5,R20,ordinary,FEASIBLE_STATE_ORACLE,4.6674749055143927,1.6518643283220515,3.0156105771923407,0.70603328754623684,0.46324280850675542,0.025810577029029582,0.68182343308509497,0.11513254053966636,0.0019967427002750139,0.11313579783939134,0.64675585115775913,0.0045454545454545452
zone5,R20,ordinary,FIX_REFERENCE_PRICE,4.8693711165581579,1.5619232823733149,3.3074478341848423,0.68090004148475758,0.43797846975711008,0.049948199647359297,0.54932700322709493,0.094042194382716091,0.0054113575637730893,0.088630836818943001,0.64610562098158175,0
zone5,R20,ordinary,GLOBAL_SCORE_SAME_SCREEN,4.7422033222999804,1.7148656161645295,3.0273377061354498,0.70950112023093048,0.48093979947374393,0.011425481315566213,0.69952899951788072,0.11667121684444134,0.0010310622378458985,0.11564015460659545,0.65820708718295406,0
zone5,R20,ordinary,NO_BACKOFF_EXACT,4.7941079243440727,1.6351006563697721,3.1590072679743004,0.69808146081237354,0.4585339118909465,0.026289350827216843,0.65068720618070686,0.10851333915888443,0.0023359103746657048,0.10617742878421874,0.6514779763131805,0
zone5,R20,ordinary,NO_G,4.7705861905502545,1.6349076467128045,3.1356785438374497,0.70011372140619199,0.45847969569516911,0.03137322969980786,0.66547261195157892,0.11246233209720251,0.0026986158291062807,0.10976371626809622,0.65279147763649636,0.0090909090909090905
zone5,R20,ordinary,NO_RWG,4.7236320886660916,1.6535916092283893,3.0700404794377012,0.7043460808304306,0.46372799977258056,0.045623580011946635,0.66084249480656543,0.11473579657218458,0.00383284540107949,0.1109029511711051,0.65568629416680957,0.0045454545454545452
zone5,R20,ordinary,NO_SCREEN,4.7853591545081784,1.6256699135054349,3.1596892410027433,0.69733489949875116,0.45588482681669446,0.036649974467759742,0.64630661058681826,0.10966351771357193,0.0031375047898975182,0.10652601292367442,0.65325421468505851,0
zone5,R20,ordinary,OUTCOME_ORACLE,4.0358562763127797,1.5075423896140869,2.5283138866986921,0.74048308161260534,0.42270293808316944,0.0045686477117715917,0.78700556976780822,0.14103014772610301,0.00038088681889566936,0.14064926090720736,0.55616765364693632,0
zone5,R20,ordinary,STATE_ORACLE,4.6418107976308871,1.6454489234771272,2.9963618741537594,0.70611648571193086,0.46144072849413614,0.036938192516502204,0.68053076793960032,0.11568821037277717,0.0026686795030412464,0.11301953086973593,0.6408357615467819,0.0045454545454545452
zone5,R20,ordinary,WIDTH_ONLY,5.6822236340042878,1.3366131736093088,4.3456104603949788,0.58629183374971472,0.37468911336272614,0.27294094118130957,0.072449767196529014,0.051823907360553194,0.038561114332098537,0.013262793028454649,0.65443476074293228,0.21818181818181817
zone5,R20,ordinary,WIDTH_SAME_SCREEN,5.4951303260097193,1.4057206179806052,4.0894097080291134,0.60633205249643973,0.39410131683780936,0.10036573921227061,0.18102351329203026,0.044155301781337884,0.014705311217874139,0.029449990563463729,0.64629843121224739,0.054545454545454543
zone5,R20,overall,CLARA,5.172631756747224,1.7857013976261857,3.3869303591210427,0.68841739010989345,0.50045205628987,0.03142929596337906,0.64102906081126509,0.10731364188482877,0.0027342570642191226,0.10457938482060963,0.70684667800909395,0.0045454545454545452
zone5,R20,overall,FEASIBLE_STATE_ORACLE,5.0937382642217548,1.8025395966779467,3.2911986675438136,0.69458150199833435,0.50518188748418447,0.028758209847485006,0.67036426966870033,0.11251965557881011,0.0022500419726160198,0.1102696136061941,0.70360923485939786,0
zone5,R20,overall,FIX_REFERENCE_PRICE,5.2878136183334936,1.7037862339931713,3.5840273843403256,0.66564407193841257,0.47744217886486678,0.058281725734611746,0.53273699231171856,0.091917543838398647,0.006350283964864414,0.08556725987353421,0.70224184543534851,0.0090909090909090905
zone5,R20,overall,GLOBAL_SCORE_SAME_SCREEN,5.1433823509318888,1.8484047323487844,3.294977618583113,0.69828077738950201,0.51806535256026121,0.013411182484891681,0.68853793149320475,0.1141032989198066,0.0011770999072983506,0.11292619901250825,0.71090910786099692,0
zone5,R20,overall,NO_BACKOFF_EXACT,5.190477174021777,1.7834562850971407,3.4070208889246412,0.68698816160296838,0.49982140670305952,0.030126558054726988,0.63616554986816443,0.105800922848814,0.0027055177040121209,0.10309540514480188,0.70634285421127463,0
zone5,R20,overall,NO_G,5.154950668066542,1.7903453972580745,3.3646052708084722,0.69036310047873017,0.50175655056849033,0.036093207604203974,0.65167279330317185,0.10999180479652218,0.0031235399288901985,0.10686826486763197,0.70826719573306562,0.0045454545454545452
zone5,R20,overall,NO_RWG,5.1342648914864908,1.7865702571264306,3.3476946343600638,0.69015013959887272,0.50069611794724245,0.052848793319525453,0.64851973325056567,0.11252949415236627,0.0044994584518052742,0.10803003570056099,0.71249694593279167,0
zone5,R20,overall,NO_SCREEN,5.1756558804413988,1.7763540499461989,3.3993018304952045,0.68631535504154972,0.49782639682919977,0.042033869897842371,0.63205513172231464,0.10714392697236866,0.0036807270940408554,0.10346319987832779,0.70876024874697563,0.0045454545454545452
zone5,R20,overall,OUTCOME_ORACLE,4.4086065626380648,1.6264682343101224,2.7821383283279451,0.72401790628073814,0.45572363962805562,0.0052327748062801658,0.78154099351062345,0.13833982283253263,0.00042293610788574629,0.13791688672464686,0.60476946433270518,0
zone5,R20,overall,STATE_ORACLE,5.073368909611041,1.7916731182506047,3.2816957913604412,0.69371834521836517,0.50212950590347094,0.040778347137357319,0.66876595846059195,0.11314821337334498,0.0029937102256254442,0.11015450314771955,0.70232314942960772,0.0045454545454545452
zone5,R20,overall,WIDTH_ONLY,6.4167617886056929,1.4085251124117071,5.0082366761939872,0.55516139482590865,0.39450366156670336,0.29783012202645265,0.060852038277586701,0.05396399270551485,0.042325790053379587,0.011638202652135238,0.71789176409565303,0.54090909090909089
zone5,R20,overall,WIDTH_SAME_SCREEN,5.9953089726419035,1.5424810583475348,4.4528279142943719,0.59678657868699181,0.43213173626777779,0.11549589860520432,0.16253777958627574,0.043684732168642576,0.016519757707436061,0.027164974461206484,0.70219887115663671,0.05909090909090909
zone5,R20,ramp,CLARA,5.6814438136979968,1.9241111513745146,3.7573326623234813,0.66964791529153211,0.53888967254269993,0.033679117682446497,0.63397671965175229,0.10601124633046922,0.0029199296832929243,0.10309131664717629,0.77058007387710636,0.018181818181818181
zone5,R20,ramp,FEASIBLE_STATE_ORACLE,5.6166707234672826,1.9414107376806655,3.6752599857866177,0.67521460577846137,0.54374910689836031,0.030538378495744412,0.6650207555855131,0.11123528944328921,0.0023775211036750348,0.10885776833961418,0.76796984211374086,0.013636363636363636
zone5,R20,ramp,FIX_REFERENCE_PRICE,5.8024421759487224,1.8435443503161835,3.9588978256325391,0.64720969478745005,0.51625854864991083,0.062380739682630901,0.52520450256216511,0.090855161077071062,0.0067712610482670525,0.084083900028804018,0.76842220139549688,0.045454545454545456
zone5,R20,ramp,GLOBAL_SCORE_SAME_SCREEN,5.6497342428772539,1.9692811154732315,3.6804531274040229,0.67850957963012215,0.55157786470525982,0.014201082552127348,0.68307629267563674,0.11276347719682925,0.0012399529063698643,0.11152352429045938,0.77282971098970366,0.0090909090909090905
zone5,R20,ramp,NO_BACKOFF_EXACT,5.705433618250094,1.9188842076438937,3.7865494106061992,0.66769624598145427,0.53742142992173902,0.032308703087395141,0.62904240894912777,0.10442278886327165,0.002887617658348416,0.10153517120492321,0.77000045235712777,0.018181818181818181
zone5,R20,ramp,NO_G,5.6623791582279281,1.93169665706372,3.7306825011642091,0.67165895744022552,0.54102043256775778,0.038759476875247306,0.64488908357474795,0.10873934726877921,0.0033300562455524769,0.10540929102322673,0.77270380868249278,0.018181818181818181
zone5,R20,ramp,NO_RWG,5.6494209804438711,1.9052268414829445,3.7441941389609266,0.66831530242050841,0.5335850911124842,0.057067784754182102,0.6422271385557895,0.11138371051023331,0.0048082782250540778,0.10657543228517924,0.78117987242214382,0.045454545454545456
zone5,R20,ramp,NO_SCREEN,5.6860447739090141,1.9130400279795754,3.7730047459294389,0.66699957469251581,0.53577980642052625,0.044983343718231761,0.62525895601666104,0.10590644837083918,0.0039361541628065303,0.10197029420803264,0.77413351021069199,0.018181818181818181
zone5,R20,ramp,OUTCOME_ORACLE,4.8821948255707257,1.7344012625198011,3.1477935630509237,0.70038046543001331,0.48560037792059046,0.0056077196538792387,0.77767211747910503,0.13691453372208134,0.00044830814397323667,0.13646622557810809,0.66032761326067002,0.0045454545454545452
zone5,R20,ramp,STATE_ORACLE,5.5942725832742957,1.9222552726202369,3.6720173106540583,0.67339077112766266,0.53836835828588048,0.043088975454981644,0.66311736888390638,0.11189209017945945,0.0031456551992821709,0.10874643498017729,0.77175958550593993,0.054545454545454543
zone5,R20,ramp,WIDTH_ONLY,7.1677409546722615,1.4825156440683813,5.6852253106038813,0.524188253288705,0.41484599071513534,0.30854018836153141,0.055276055295276343,0.054633746004488337,0.04383397863634951,0.010799767368138808,0.79384564913861599,0.81818181818181823
zone5,R20,ramp,WIDTH_SAME_SCREEN,6.5439638573283725,1.683767078930869,4.8601967783975031,0.58839947628934353,0.47137729264280015,0.12151644455750839,0.15329448376092045,0.043319584074102323,0.017216642131424438,0.026102941942677871,0.76826507189808368,0.18636363636363637
zone6,R01,ordinary,CLARA,1.6620818823383348,1.4634463966006046,0.19863548573773018,0.6227285709087792,0.41022903953764556,0.13652980620883468,0.24368474285447361,0.055370267635250624,0.018280718397913925,0.037089549237336705,0.64668378442072494,0.0090909090909090905
zone6,R01,ordinary,FEASIBLE_STATE_ORACLE,1.6410295514259092,1.4385234915713754,0.20250605985453377,0.61613429772644668,0.40322822351819904,0.14985926585556236,0.21891504339554799,0.053678165571863244,0.019998582444598827,0.033679583127264406,0.64967267376982407,0.013636363636363636
zone6,R01,ordinary,FIX_REFERENCE_PRICE,1.7509629338967492,1.5845286055467573,0.16643432834999194,0.67960691758987357,0.44424089598319411,0.070540012298077923,0.56195607027456163,0.097573362010379874,0.0071391287627540724,0.090434233247625798,0.64922987710746471,0.0045454545454545452
zone6,R01,ordinary,GLOBAL_SCORE_SAME_SCREEN,1.6559494442184546,1.4562169401605365,0.19973250405791826,0.62170579642431756,0.40819829334661506,0.13777363360258416,0.24056714939137266,0.055319343160630211,0.018795908656108945,0.036523434504521265,0.64780694203152012,0.0090909090909090905
zone6,R01,ordinary,NO_BACKOFF_EXACT,1.6653808267444834,1.4679801522596374,0.19740067448484619,0.62454205619946623,0.4115025664081603,0.13338500242982848,0.25675154495962682,0.056679966649289523,0.017817371664242285,0.038862594985047239,0.64739537229349886,0.0090909090909090905
zone6,R01,ordinary,NO_G,1.6539676268132455,1.4523896917141588,0.20157793509908686,0.6188147534310654,0.40712322355830671,0.14863817546180216,0.2227547447471033,0.054346742255585022,0.020361382363260946,0.033985359892324075,0.64571956262482111,0.0045454545454545452
zone6,R01,ordinary,NO_RWG,1.6450811715646823,1.4431373036887765,0.20194386787590599,0.61693716600324311,0.40452423815791833,0.18478355037473615,0.19539507495533731,0.055706078166223909,0.02573417280637234,0.029971905359851555,0.64741695602268856,0.0045454545454545452
zone6,R01,ordinary,NO_SCREEN,1.6431393968900136,1.4391742835389354,0.20396511335107845,0.61569015799621696,0.40341103025065961,0.18927992525665852,0.18849910810824552,0.055544131817369981,0.026489047965791102,0.029055083851578869,0.64869874746358158,0.0090909090909090905
zone6,R01,ordinary,OUTCOME_ORACLE,1.5826502866870806,1.3692558553374499,0.2133944313496304,0.59005067301880165,0.38377102232889404,0.27655052878998904,0.10523934524962426,0.055996988164076986,0.038608541045996828,0.017388447118080158,0.64162261209374571,0.18636363636363637
zone6,R01,ordinary,STATE_ORACLE,1.6202229002527604,1.4123720013842311,0.20785089886852917,0.60828367452100862,0.39588229930832691,0.2129270063754129,0.16009847946181838,0.054620997210804031,0.029636854235454139,0.024984142975349882,0.65106180376173706,0.013636363636363636
zone6,R01,ordinary,WIDTH_ONLY,1.5826502866870806,1.3650064057752287,0.21764388091185166,0.58997964206861897,0.38257735672152854,0.2771409264472488,0.10522433021500155,0.056076944665944525,0.038698152996827197,0.017378791669117325,0.6579470399651931,0.19090909090909092
zone6,R01,ordinary,WIDTH_SAME_SCREEN,1.6028766303954922,1.3902239934894773,0.21265263690601452,0.59794562508916982,0.38966094877609286,0.20309709219730698,0.15063521048359632,0.052055507431022489,0.027856177858547024,0.024199329572475465,0.65594036461063587,0.10000000000000001
zone6,R01,overall,CLARA,1.7752251261829666,1.5532999264380947,0.22192519974487168,0.60093901437561081,0.43514709346637026,0.15393871733028699,0.21632272173183661,0.054109283497523891,0.020655836508372764,0.033453446989151127,0.70763086479743664,0.027272727272727271
zone6,R01,overall,FEASIBLE_STATE_ORACLE,1.7589310281380977,1.5336792271827213,0.225251800955376,0.59587418749331711,0.42963566109126539,0.16906337180503953,0.19396553943384598,0.053035593620260342,0.022661648063322892,0.030373945556937447,0.71280425532358194,0.050000000000000003
zone6,R01,overall,FIX_REFERENCE_PRICE,1.8972535170571625,1.7202045269095567,0.17704899014760492,0.66657226665694225,0.48203040820554449,0.079859149728591164,0.54168027215084125,0.094911413475770465,0.0082270515085317731,0.086684361967238693,0.70823498942821961,0.0045454545454545452
zone6,R01,overall,GLOBAL_SCORE_SAME_SCREEN,1.7695325857409374,1.5464331555806123,0.22309943016032438,0.59991414473855142,0.43321822524797626,0.15558637526690069,0.21464871934592519,0.054277543125064873,0.021237493598466523,0.033040049526598343,0.70813706387120845,0.031818181818181815
zone6,R01,overall,NO_BACKOFF_EXACT,1.7807934896958413,1.5606922118711086,0.22010127782473257,0.60326854566974797,0.43722357813856499,0.14943017892141303,0.22946011922069645,0.055252557504651106,0.020018823201978276,0.035233734302672827,0.70920864955359508,0.022727272727272728
zone6,R01,overall,NO_G,1.7628651135663678,1.5372276241503264,0.22563748941604067,0.59559332505129314,0.43063240181250301,0.1671217292884821,0.19597019448002256,0.05346697097393175,0.022948062486738571,0.030518908487193151,0.70729980010511806,0.040909090909090909
zone6,R01,overall,NO_RWG,1.7393396879766012,1.5074867807086418,0.23185290726795904,0.58641045809122583,0.4222782323064117,0.20419581905450176,0.17079776299672139,0.055141532377638997,0.028453470833262568,0.026688061544376432,0.71134963961700493,0.13181818181818181
zone6,R01,overall,NO_SCREEN,1.7341382989763532,1.5001314858911405,0.23400681308521221,0.58418888872457264,0.42021213825655179,0.2096504020579753,0.16309765797724826,0.055112764890044116,0.029491049806917091,0.025621715083126991,0.71130766277818092,0.095454545454545459
zone6,R01,overall,OUTCOME_ORACLE,1.6787366475724483,1.4341404519305037,0.24459619564194424,0.56072485432386254,0.40167533096423819,0.30359208368937929,0.090399333605834048,0.058026017397941353,0.042688809301764573,0.015337208096176738,0.7078148396495364,0.50454545454545452
zone6,R01,overall,STATE_ORACLE,1.7143116468779385,1.4756868527730695,0.23862479410486831,0.57704246907033296,0.41334566827956554,0.236615235869894,0.13705202832028615,0.055032258180209633,0.033103221618259925,0.021929036561949663,0.71746773905424166,0.2818181818181818
zone6,R01,overall,WIDTH_ONLY,1.6787366475724483,1.4303044266765474,0.24843222089590059,0.56061563280224658,0.40059779578054255,0.30425730427383246,0.090370456252529374,0.058122857596791901,0.042793863310888434,0.015328994285903418,0.72564190697638042,0.50909090909090904
zone6,R01,overall,WIDTH_SAME_SCREEN,1.7209337754349006,1.4848664975547712,0.23606727788012899,0.57864349952562755,0.41592422018453784,0.22647222503243244,0.13202861209722541,0.053004786386474066,0.031229584222498413,0.021775202163975643,0.72036895447305194,0.26363636363636361
zone6,R01,ramp,CLARA,1.9036296624879996,1.6585192752043918,0.24511038728360746,0.58417130973532472,0.46441362503105343,0.16196530340636761,0.20422858342631939,0.053655626776539553,0.021691539241906355,0.031964087534633187,0.78309074209518059,0.25
zone6,R01,ramp,FEASIBLE_STATE_ORACLE,1.890219222700376,1.6421007891069019,0.24811843359347349,0.5801118794813146,0.45980169073400612,0.17770272093008008,0.18272648935324753,0.052786063124648903,0.023788969236183975,0.028997093888464925,0.78940790776031999,0.29999999999999999
zone6,R01,ramp,FIX_REFERENCE_PRICE,2.0455753130754291,1.8520979207765371,0.19347739229889099,0.65004347893272607,0.51878964906817282,0.084432985921551892,0.53241012779275032,0.093740449709895313,0.0087383291785482833,0.085002120531347036,0.77722308955757879,0.068181818181818177
zone6,R01,ramp,GLOBAL_SCORE_SAME_SCREEN,1.8992532747959261,1.6530277795984856,0.24622549519743986,0.58345084988203255,0.46287107008557421,0.16380460709571981,0.20305426148981812,0.053892507240281114,0.022291844902140888,0.031600662338140226,0.78373851186295851,0.25909090909090909
zone6,R01,ramp,NO_BACKOFF_EXACT,1.9083882780242987,1.6646005656105181,0.24378771241378017,0.58561682615665211,0.46612185267322365,0.15709098808880209,0.2174411445638634,0.054781905416059193,0.021025070298062606,0.03375683511799657,0.78575404622621992,0.23181818181818181
zone6,R01,ramp,NO_G,1.8884538098195642,1.6395248324084277,0.24892897741113607,0.57862525966703449,0.45907810739173782,0.17545575645743142,0.1840685194320453,0.053146425459242488,0.024054163079775787,0.029092262379466709,0.783487170484785,0.29545454545454547
zone6,R01,ramp,NO_RWG,1.8387041226901095,1.5744265194716049,0.2642776032185043,0.55571319801423003,0.44079206443195601,0.21301517463579225,0.15983583844381552,0.054982333113789063,0.029664702538377753,0.025317630575411323,0.79287831336455472,0.54090909090909089
zone6,R01,ramp,NO_SCREEN,1.8321854235720192,1.5658402135414256,0.26634521003059275,0.55324225673384386,0.43838018074370355,0.21867766569920949,0.15173527463475839,0.055007861250913691,0.030802946098086145,0.024204915152827553,0.79194977352193063,0.61363636363636365
zone6,R01,ramp,OUTCOME_ORACLE,1.7787189821207003,1.5012681330495659,0.27745084907113421,0.53102789040057563,0.42024195588644003,0.3151333703840456,0.08301602732132396,0.058820431826372872,0.04441403080492224,0.014406401021450606,0.78819169078993434,0.76363636363636367
zone6,R01,ramp,STATE_ORACLE,1.8136969438841704,1.5423351957556342,0.27136174812853542,0.54616098811164804,0.43177764765780746,0.24690248675893023,0.12673692913111934,0.05521802288184436,0.034568206741838824,0.020649816140005512,0.79989027616337038,0.69090909090909092
zone6,R01,ramp,WIDTH_ONLY,1.7787189821207003,1.4974480934403351,0.28127088868036498,0.53090499715729411,0.41916891105238652,0.31581551551415449,0.08298240199400797,0.05892281080681791,0.044524247248293118,0.014398563558524756,0.80905573400902842,0.76363636363636367
zone6,R01,ramp,WIDTH_SAME_SCREEN,1.8510568968269168,1.591427503519228,0.25962939330768836,0.56335617161197371,0.44556762174870462,0.23676529988846201,0.12312883067456941,0.053338007147325166,0.032634169542498974,0.020703837604826181,0.79786243361935461,0.47727272727272729
zone6,R02,ordinary,CLARA,1.8657001073094288,1.4731084389996039,0.39259166830982528,0.62576834766851341,0.41294309639129695,0.12260672005038228,0.26157322316221382,0.055758783400003419,0.016225149636108657,0.039533633763894759,0.64646783777758454,0.0090909090909090905
zone6,R02,ordinary,FEASIBLE_STATE_ORACLE,1.8474948092500207,1.4493726227696577,0.39812218648036285,0.62001407854577262,0.4062757322817615,0.13211102626096213,0.24019134791803803,0.054001035259704268,0.017393578466461147,0.036607456793243121,0.6474501703628075,0.0090909090909090905
zone6,R02,ordinary,FIX_REFERENCE_PRICE,1.9173972622467412,1.5845286055467573,0.33286865669998389,0.67960691758987357,0.44424089598319411,0.070540012298077923,0.56195607027456163,0.097573362010379874,0.0071391287627540724,0.090434233247625798,0.64922987710746471,0.0045454545454545452
zone6,R02,ordinary,GLOBAL_SCORE_SAME_SCREEN,1.859315741323289,1.4628827341026744,0.39643300722061492,0.62424170146688196,0.41007070737530549,0.12458224527792287,0.25766193627093681,0.055669114377020552,0.016804308772854059,0.038864805604166483,0.64712601167666117,0.0090909090909090905
zone6,R02,ordinary,NO_BACKOFF_EXACT,1.8693738535155877,1.4801084774211468,0.38926537609444106,0.62828317915988297,0.41490939931869669,0.11732150905639056,0.27913465004427102,0.057488385327258688,0.015532059877701992,0.041956325449556679,0.64618959927116415,0.0090909090909090905
zone6,R02,ordinary,NO_G,1.8565839573428955,1.4549202179815115,0.40166373936138461,0.62011821414872959,0.4078340455435181,0.13858834137115456,0.23048450043782762,0.054001483648375037,0.018941416938297422,0.035060066710077609,0.64567677380296795,0.0045454545454545452
zone6,R02,ordinary,NO_RWG,1.8477041928736573,1.4447159466323334,0.40298824624132373,0.61727092381040016,0.40496767718700738,0.18136681142638875,0.19756004253995352,0.055464072119558318,0.025142356166215778,0.030321715953342536,0.64711514954347715,0.0045454545454545452
zone6,R02,ordinary,NO_SCREEN,1.8481719463132016,1.4421797402985534,0.40599220601464869,0.61635866745851164,0.40425525967751869,0.18767640053574319,0.19053614920084719,0.055607760554531281,0.026192637676436654,0.029415122878094616,0.64841584358587301,0.0090909090909090905
zone6,R02,ordinary,OUTCOME_ORACLE,1.7724557028180634,1.4438650581401098,0.32859064467795329,0.61002150333867478,0.40472866356559617,0.16481288481694195,0.14050529829509431,0.045903001951544377,0.023301516265240969,0.022601485686303401,0.57618277400481754,0
zone6,R02,ordinary,STATE_ORACLE,1.8275274477383474,1.4157182253617477,0.41180922237659989,0.60923881889926912,0.3968222498638091,0.20908973035126668,0.16162757003326761,0.054250002858118498,0.029099420030823959,0.025150582827294533,0.64948297822979784,0.013636363636363636
zone6,R02,ordinary,WIDTH_ONLY,1.8002941675989321,1.3650064057752287,0.43528776182370332,0.58997964206861897,0.38257735672152854,0.2771409264472488,0.10522433021500155,0.056076944665944525,0.038698152996827197,0.017378791669117325,0.6579470399651931,0.19090909090909092
zone6,R02,ordinary,WIDTH_SAME_SCREEN,1.8195020733328358,1.3968934389059462,0.42260863442688934,0.60033882039635322,0.39153438849982003,0.18543211409354635,0.16453197678810619,0.051452149110301951,0.025342013185494946,0.026110135924806994,0.65502116544150613,0.077272727272727271
zone6,R02,overall,CLARA,2.0052220423564941,1.5684346307934049,0.43678741156308898,0.60559588408901377,0.43939841491449083,0.13895402076744875,0.23429379917818152,0.054311813727571115,0.01842685127720518,0.035884962450365918,0.70705579238851279,0.022727272727272728
zone6,R02,overall,FEASIBLE_STATE_ORACLE,1.9924885072049623,1.5509528297294508,0.44153567747551076,0.6015218068042435,0.43448779663809928,0.1499378149657912,0.21463865978627955,0.053044175235752215,0.019832917913450522,0.033211257322301693,0.71070251234540949,0.031818181818181815
zone6,R02,overall,FIX_REFERENCE_PRICE,2.0743025072047674,1.7202045269095567,0.35409798029520984,0.66657226665694225,0.48203040820554449,0.079859149728591164,0.54168027215084125,0.094911413475770465,0.0082270515085317731,0.086684361967238693,0.70823498942821961,0.0045454545454545452
zone6,R02,overall,GLOBAL_SCORE_SAME_SCREEN,2.0004051348051708,1.5603114012243859,0.44009373358078413,0.60433115569713491,0.43711660885577774,0.14157643763548239,0.23175079741566723,0.054487954310734325,0.019134153235363986,0.035353801075370318,0.70768263370602447,0.022727272727272728
zone6,R02,overall,NO_BACKOFF_EXACT,2.0108154811152921,1.5786697800024907,0.43214570111280126,0.60881635926981104,0.44227345682715524,0.13244018801039534,0.25182300814960007,0.055805168745471152,0.017514092315049849,0.038291076430421275,0.70748002266839916,0.018181818181818181
zone6,R02,overall,NO_G,1.9925940254117089,1.5457598820393059,0.44683414337240246,0.59825519496778023,0.43302910346671064,0.15630146546942675,0.20387555694231435,0.053029407947650486,0.021400210157347437,0.031629197790303036,0.70641368239764046,0.040909090909090909
zone6,R02,overall,NO_RWG,1.9723370653342438,1.5097130321277243,0.46262403320651896,0.58733996253645115,0.4229035838286257,0.20156663694537311,0.17384090746311545,0.055036800076883899,0.027929210441417475,0.027107589635466417,0.71112396351486973,0.10000000000000001
zone6,R02,overall,NO_SCREEN,1.9689774349550193,1.5024357221740099,0.4665417127810087,0.58487182233193391,0.4208593956393803,0.20781731329959088,0.16511476526495561,0.055124882421155527,0.029157877337996723,0.025967005083158783,0.7115223762590086,0.095454545454545459
zone6,R02,overall,OUTCOME_ORACLE,1.8991165601297391,1.5253767392706279,0.37373982085911062,0.58206142256861393,0.42730350156539659,0.18406629720865955,0.12049095430088447,0.045777155824130729,0.02573712374128467,0.020040032082846028,0.62856299370688562,0.19090909090909092
zone6,R02,overall,STATE_ORACLE,1.9526160414533662,1.4777015436938492,0.47491449775951616,0.57778428571768836,0.41391159269551486,0.23248718471507426,0.13833120652690001,0.054557384424678279,0.032495068688065412,0.022062315736612846,0.71621803167951958,0.27272727272727271
zone6,R02,overall,WIDTH_ONLY,1.927168868468349,1.4303044266765474,0.49686444179180117,0.56061563280224658,0.40059779578054255,0.30425730427383246,0.090370456252529374,0.058122857596791901,0.042793863310888434,0.015328994285903418,0.72564190697638042,0.50909090909090904
zone6,R02,overall,WIDTH_SAME_SCREEN,1.9649082302492931,1.4989044850248998,0.46600374522439275,0.5831399248057082,0.41986747509187733,0.20790127676682338,0.1444762859043805,0.052139426189006799,0.028551125884596056,0.023588300304410732,0.71911012052399692,0.21363636363636362
zone6,R02,ramp,CLARA,2.1600875078908413,1.6793045022282707,0.48078300566257048,0.59042145567848303,0.47025217194787328,0.14673610881241686,0.22204173245529435,0.053770643067664589,0.019398816082559663,0.034371826985104902,0.78178321727402478,0.17727272727272728
zone6,R02,ramp,FEASIBLE_STATE_ORACLE,2.1503791418074965,1.6653448132774851,0.48503432853001077,0.58730906282127726,0.46633091100664159,0.15824123608031329,0.20298524260437356,0.052674623427702627,0.020886907716777561,0.03178771571092507,0.78666210205177201,0.20909090909090908
zone6,R02,ramp,FIX_REFERENCE_PRICE,2.2390527053743203,1.8520979207765371,0.38695478459778199,0.65004347893272607,0.51878964906817282,0.084432985921551892,0.53241012779275032,0.093740449709895313,0.0087383291785482833,0.085002120531347036,0.77722308955757879,0.068181818181818177
zone6,R02,ramp,GLOBAL_SCORE_SAME_SCREEN,2.1569452504499651,1.6731847088318745,0.48376054161809012,0.58946980450495545,0.46853312885899789,0.14965667203627156,0.21992522724772631,0.054037811516386952,0.020150429478153344,0.033887382038233604,0.78278822225649214,0.19090909090909092
zone6,R02,ramp,NO_BACKOFF_EXACT,2.1644724905954948,1.6872095043165121,0.47726298627898234,0.59269531701960187,0.47247267815243532,0.13996179985395391,0.23959692227387419,0.055225397028411859,0.018445873802933048,0.036779523225478783,0.78331002300886687,0.18181818181818182
zone6,R02,ramp,NO_G,2.1450495850305051,1.6542429663242033,0.49080661870630149,0.58284079834610947,0.46321241467145008,0.16432542432626002,0.19228288575707725,0.05268441380606885,0.022461767974569346,0.030222645831499511,0.78166445534094198,0.23181818181818181
zone6,R02,ramp,NO_RWG,2.104293780861231,1.5769604913821718,0.52733328947905855,0.55692644270018332,0.44150385429447481,0.21076785032965242,0.16314404958189863,0.054921257377950991,0.029168711363406971,0.025752546014544023,0.79263026078456089,0.50909090909090904
zone6,R02,ramp,NO_SCREEN,2.0993170715898826,1.5680034450343026,0.5313136265555789,0.55398237653517712,0.43898783003945568,0.21673988055062943,0.1537525183689033,0.05500110675161473,0.030456241609204106,0.024544865142410624,0.79231074986428518,0.59090909090909094
zone6,R02,ramp,OUTCOME_ORACLE,2.0306839631560458,1.6054938017368123,0.4251901614192331,0.55251035057350706,0.44951882911319474,0.19287455124481476,0.11141407770204233,0.045743909730063238,0.026859341404695498,0.018884568325367713,0.69079878688562713,0.5636363636363636
zone6,R02,ramp,STATE_ORACLE,2.0848182968031455,1.5438981973734638,0.54092009942968067,0.54680685703396359,0.43221669305607419,0.24265622330010014,0.12793906970793473,0.054710220506408412,0.033938774000224978,0.02077144650618341,0.79873958039395798,0.67272727272727273
zone6,R02,ramp,WIDTH_ONLY,2.0599898708010653,1.4974480934403351,0.56254177736072997,0.53090499715729411,0.41916891105238652,0.31581551551415449,0.08298240199400797,0.05892281080681791,0.044524247248293118,0.014398563558524756,0.80905573400902842,0.76363636363636367
zone6,R02,ramp,WIDTH_SAME_SCREEN,2.1223287753993763,1.6118714890432289,0.51045728635614718,0.56966915071476687,0.45131031431162605,0.21802292338327331,0.13472493457722304,0.052368299620652141,0.029897739734056902,0.022470559886595225,0.79574415529801035,0.41818181818181815
zone6,R05P6179775281,ordinary,CLARA,2.5195529221197459,1.5845286055467573,0.93502431657298823,0.67960691758987357,0.44424089598319411,0.070540012298077923,0.56195607027456163,0.097573362010379874,0.0071391287627540724,0.090434233247625798,0.64922987710746471,0.0045454545454545452
zone6,R05P6179775281,ordinary,FEASIBLE_STATE_ORACLE,2.4846512335973649,1.5903602583766674,0.89429097522069734,0.6845960295080511,0.44587900071069703,0.069217841236715899,0.56247222843879263,0.099766488244261084,0.0068234892463126815,0.092942998997948389,0.64455082519703666,0.0045454545454545452
zone6,R05P6179775281,ordinary,FIX_REFERENCE_PRICE,2.5195529221197459,1.5845286055467573,0.93502431657298823,0.67960691758987357,0.44424089598319411,0.070540012298077923,0.56195607027456163,0.097573362010379874,0.0071391287627540724,0.090434233247625798,0.64922987710746471,0.0045454545454545452
zone6,R05P6179775281,ordinary,GLOBAL_SCORE_SAME_SCREEN,2.549334987367796,1.5816811440518825,0.96765384331591331,0.65724367403016337,0.44344104724867872,0.052844207218284145,0.44915308777557145,0.06770252935641026,0.0059537908467946609,0.061748738509615604,0.63745717628730358,0
zone6,R05P6179775281,ordinary,NO_BACKOFF_EXACT,2.5249793287606441,1.5892215460941226,0.93575778266652143,0.68008887115282968,0.44555913770998212,0.068384306166269448,0.55998794422770748,0.096467930822086767,0.0069622894137090271,0.089505641408377717,0.64809026546121073,0.0045454545454545452
zone6,R05P6179775281,ordinary,NO_G,2.512042261765794,1.571495712320667,0.94054654944512683,0.67772985054280666,0.44057997091968554,0.080593840741598255,0.54806598815652796,0.098443760939736294,0.008767403870353534,0.089676357069382748,0.64918276411524944,0.0045454545454545452
zone6,R05P6179775281,ordinary,NO_RWG,2.5027193864578288,1.5785614907046062,0.92415789575322216,0.68072685932540133,0.44256474012865721,0.10819654150324752,0.52671984887512691,0.099475008180746033,0.012292738340236909,0.087182269840509127,0.65121445358705043,0
zone6,R05P6179775281,ordinary,NO_SCREEN,2.5155101066528793,1.5655456394850813,0.94996446716779792,0.67549189055837,0.43890860214564459,0.098086419039287456,0.53756882033976638,0.097957648735864378,0.010835337344970317,0.087122311390894033,0.65242489731720121,0.0090909090909090905
zone6,R05P6179775281,ordinary,OUTCOME_ORACLE,2.2489770810604428,1.5224993189648581,0.72647776209558412,0.69949766548829684,0.42681693907816598,0.013628055254607174,0.66472211270442383,0.10118039416641642,0.0013522829763947602,0.099828111190021676,0.55981831543639404,0
zone6,R05P6179775281,ordinary,STATE_ORACLE,2.470993301697701,1.5696229685244945,0.90137033317320603,0.68028929362090451,0.44005391929154719,0.099690074870974754,0.52862307668510111,0.099207721006522892,0.010735030139040312,0.088472690867482578,0.64506443364557065,0.0045454545454545452
zone6,R05P6179775281,ordinary,WIDTH_ONLY,2.5877248378642839,1.3650064057752287,1.2227184320890541,0.58997964206861897,0.38257735672152854,0.2771409264472488,0.10522433021500155,0.056076944665944525,0.038698152996827197,0.017378791669117325,0.6579470399651931,0.19090909090909092
zone6,R05P6179775281,ordinary,WIDTH_SAME_SCREEN,2.5842084347635477,1.41234738510989,1.1718610496536568,0.60491482134091235,0.39587538462452349,0.15431956078829009,0.18811460342799927,0.050256740350693115,0.020815554099512978,0.029441186251180116,0.65195541828854497,0.054545454545454543
zone6,R05P6179775281,overall,CLARA,2.7148617749298087,1.7202045269095567,0.99465724802025235,0.66657226665694225,0.48203040820554449,0.079859149728591164,0.54168027215084125,0.094911413475770465,0.0082270515085317731,0.086684361967238693,0.70823498942821961,0.0045454545454545452
zone6,R05P6179775281,overall,FEASIBLE_STATE_ORACLE,2.6895828233894883,1.7247467400704597,0.96483608331902826,0.66962328038550556,0.48330631077883157,0.077885034922812124,0.54328972411957321,0.097187436366938731,0.0077769826820368272,0.089410453684901942,0.70691722762299758,0.013636363636363636
zone6,R05P6179775281,overall,FIX_REFERENCE_PRICE,2.7148617749298087,1.7202045269095567,0.99465724802025235,0.66657226665694225,0.48203040820554449,0.079859149728591164,0.54168027215084125,0.094911413475770465,0.0082270515085317731,0.086684361967238693,0.70823498942821961,0.0045454545454545452
zone6,R05P6179775281,overall,GLOBAL_SCORE_SAME_SCREEN,2.7557121502360955,1.6878027110286427,1.0679094392074526,0.63837919110741126,0.47292877453113047,0.062274630016891742,0.41810385726534299,0.064597053152798761,0.0070688889574037541,0.057528164195395019,0.69334067204980532,0
zone6,R05P6179775281,overall,NO_BACKOFF_EXACT,2.7205200448321647,1.7205057343217773,1.0000143105103871,0.66603844551355862,0.48211501702920173,0.076773926997998732,0.53970374551233058,0.093786515762706385,0.0079452622189025417,0.085841253543803842,0.70853668376322332,0.0045454545454545452
zone6,R05P6179775281,overall,NO_G,2.7068545651213882,1.7076454066938855,0.99920915842750235,0.66398102967276273,0.47850256544833347,0.091093248323588241,0.52829366279626733,0.096034426092821007,0.010074431468817459,0.085959994624003541,0.70763947769876423,0.022727272727272728
zone6,R05P6179775281,overall,NO_RWG,2.6979726959415551,1.6818203768235898,1.0161523191179644,0.65750448947426865,0.47124834357465528,0.12155907697947907,0.50580313411104283,0.097411043204083544,0.014037587305484111,0.083373455898599444,0.71445100964644659,0.022727272727272728
zone6,R05P6179775281,overall,NO_SCREEN,2.7047961770910329,1.6897677504672874,1.0150284266237457,0.65936902713698453,0.47348075190153649,0.10832268655756852,0.51713223298895927,0.095539583089248259,0.012199153359882765,0.083340429729365478,0.71491493650682814,0.050000000000000003
zone6,R05P6179775281,overall,OUTCOME_ORACLE,2.4154023842679275,1.632123254937047,0.78327912933087929,0.68264438343955169,0.45728847787618837,0.01517773621389037,0.65012785424239217,0.098046339407295832,0.0015076440558090991,0.096538695351486709,0.60614230959305304,0
zone6,R05P6179775281,overall,STATE_ORACLE,2.6716091954674765,1.6886327072662117,0.98297648820126493,0.66093866854756811,0.47316191954168368,0.11037669105251705,0.50938919207939637,0.096944514864623951,0.012035580615743563,0.084908934248880366,0.71207300758522363,0.045454545454545456
zone6,R05P6179775281,overall,WIDTH_ONLY,2.8259910609231822,1.4303044266765474,1.3956866342466328,0.56061563280224658,0.40059779578054255,0.30425730427383246,0.090370456252529374,0.058122857596791901,0.042793863310888434,0.015328994285903418,0.72564190697638042,0.50909090909090904
zone6,R05P6179775281,overall,WIDTH_SAME_SCREEN,2.8038944957891112,1.5270460326003561,1.2768484631887531,0.59128062732032804,0.42777240418610646,0.17500362070673753,0.16734543301717514,0.050472861980202059,0.023651995262696054,0.026820866717505994,0.71339441296389661,0.1409090909090909
zone6,R05P6179775281,ramp,CLARA,2.9390495629051405,1.8520979207765371,1.0869516421286014,0.65004347893272607,0.51878964906817282,0.084432985921551892,0.53241012779275032,0.093740449709895313,0.0087383291785482833,0.085002120531347036,0.77722308955757879,0.068181818181818177
zone6,R05P6179775281,ramp,FEASIBLE_STATE_ORACLE,2.9174744976657414,1.8582025422239175,1.0592719554418226,0.65290377251021314,0.52050443037361649,0.082308299592235346,0.5348160281421952,0.096091269266766463,0.0082456903643441711,0.087845578902422283,0.77725139102829754,0.072727272727272724
zone6,R05P6179775281,ramp,FIX_REFERENCE_PRICE,2.9390495629051405,1.8520979207765371,1.0869516421286014,0.65004347893272607,0.51878964906817282,0.084432985921551892,0.53241012779275032,0.093740449709895313,0.0087383291785482833,0.085002120531347036,0.77722308955757879,0.068181818181818177
zone6,R05P6179775281,ramp,GLOBAL_SCORE_SAME_SCREEN,2.9821258421470107,1.795443423891149,1.1866824182558613,0.61957783717457082,0.50287546454980536,0.066324598206163779,0.40256913964957719,0.063127685532892761,0.0075571079623096386,0.055570577570583118,0.75992441777407227,0.031818181818181815
zone6,R05P6179775281,ramp,NO_BACKOFF_EXACT,2.9447452993633059,1.8463290817180174,1.0984162176452859,0.64783790526651241,0.51716918865847605,0.08113231147912868,0.53019833726368304,0.092608395779322158,0.0084505757840268713,0.084157819995295272,0.78012505151457778,0.095454545454545459
zone6,R05P6179775281,ramp,NO_G,2.9302334990314476,1.8398651026979282,1.0903683963335182,0.64708204861747032,0.51535346421463113,0.096160404759829454,0.51942685899865038,0.094956769322227838,0.010656611902685636,0.084300157419542207,0.77676056043069519,0.081818181818181818
zone6,R05P6179775281,ramp,NO_RWG,2.9165598112572604,1.7749738589853041,1.1415859522719543,0.62926675699965284,0.49712558676726509,0.12801248591669923,0.49581792159959459,0.096468687534894862,0.014817781267016749,0.081650906267878118,0.79393163241959708,0.23181818181818181
zone6,R05P6179775281,ramp,NO_SCREEN,2.9208303805878866,1.8026641934053502,1.1181661871825341,0.63861613903298153,0.50490377059312053,0.11330361528957547,0.50758141680224522,0.094496809738674512,0.012833580805621079,0.081663228933053444,0.79353703381188267,0.23181818181818181
zone6,R05P6179775281,ramp,OUTCOME_ORACLE,2.6071229758379415,1.7336708422984877,0.87345213353945339,0.6606129504570557,0.48552361578782244,0.016441026511145037,0.64244944720739161,0.096630186734014134,0.0016201735488526852,0.095010013185161446,0.6614210401861953,0.050000000000000003
zone6,R05P6179775281,ramp,STATE_ORACLE,2.8899432150294024,1.7998657442616681,1.0900774707677328,0.63924966743598988,0.50411768937298529,0.11574343504368544,0.50081847291122616,0.095990878013522421,0.012641332233126423,0.083349545780395995,0.79183784673527535,0.22272727272727272
zone6,R05P6179775281,ramp,WIDTH_ONLY,3.0776216253524984,1.4974480934403351,1.5801735319121626,0.53090499715729411,0.41916891105238652,0.31581551551415449,0.08298240199400797,0.05892281080681791,0.044524247248293118,0.014398563558524756,0.80905573400902842,0.76363636363636367
zone6,R05P6179775281,ramp,WIDTH_SAME_SCREEN,3.0409247213397093,1.6517589347971526,1.389165786542556,0.58073534236767266,0.46251465300654832,0.18410146041863468,0.15774131463522856,0.05051575587028493,0.024851733273057612,0.025664022597227314,0.78462119005844821,0.27272727272727271
zone6,R10,ordinary,CLARA,3.2294393564722612,1.6211664214842281,1.6082729349880331,0.69131727516494179,0.45453241731394434,0.053979462476333222,0.6261005696967078,0.10800355334098143,0.0047576687421398865,0.10324588459884154,0.6511499669344315,0
zone6,R10,ordinary,FEASIBLE_STATE_ORACLE,3.1644232835398749,1.643657728284317,1.5207655552555572,0.70098638829587856,0.46085020012295819,0.046313000260799965,0.64978283890032229,0.11285449654466427,0.0036599232970599329,0.10919457324760433,0.64583351514475995,0
zone6,R10,ordinary,FIX_REFERENCE_PRICE,3.2488718890466766,1.5845286055467573,1.6643432834999194,0.67960691758987357,0.44424089598319411,0.070540012298077923,0.56195607027456163,0.097573362010379874,0.0071391287627540724,0.090434233247625798,0.64922987710746471,0.0045454545454545452
zone6,R10,ordinary,GLOBAL_SCORE_SAME_SCREEN,3.2373482445025878,1.7371705281117757,1.5001777163908121,0.71228234650203925,0.48711784052393037,0.011802437337631816,0.71061354867226512,0.11876804702769812,0.00097339530041072825,0.11779465172728741,0.65461941815518054,0
zone6,R10,ordinary,NO_BACKOFF_EXACT,3.2363020302461307,1.6257946101809657,1.6105074200651646,0.69158731431645892,0.45583247031864604,0.051634896513570845,0.62132589106144354,0.10649017667470502,0.0046268058387002962,0.1018633708360047,0.65009340134860594,0
zone6,R10,ordinary,NO_G,3.2212960635921606,1.6174543091019622,1.6038417544901979,0.69146107430693693,0.4534896891166787,0.059201851646532452,0.62732479381253392,0.10963554183874039,0.005394676096408724,0.10424086574233166,0.65102814157871347,0.0045454545454545452
zone6,R10,ordinary,NO_RWG,3.2000640216884801,1.6315966632861609,1.568467358402319,0.69649086329359788,0.45746226051673444,0.081961321423765651,0.61101430451592587,0.11211725155644597,0.0080939108834175398,0.10402334067302843,0.65496403114834678,0
zone6,R10,ordinary,NO_SCREEN,3.232928097084165,1.6077284980358073,1.6251995990483572,0.68884321783553959,0.45075771971607331,0.070016669629887091,0.61346547375619243,0.10820941237499562,0.0064635445903870317,0.10174586778460859,0.65356754630763392,0
zone6,R10,ordinary,OUTCOME_ORACLE,2.8130889540474087,1.5290294658516759,1.2840594881957323,0.72309239765028743,0.42865125000142951,0.0068802140445253616,0.74991462365836259,0.1252751178915785,0.00062599980982640019,0.12464911808175209,0.56020349869953534,0
zone6,R10,ordinary,STATE_ORACLE,3.1511702760629356,1.6296864888209313,1.5214837872420042,0.69933645640849273,0.45692569465571492,0.062419294847755255,0.63466950716631809,0.1129216132445726,0.0053369926936160253,0.10758462055095656,0.64556377272891907,0
zone6,R10,ordinary,WIDTH_ONLY,3.5414452148937454,1.3650064057752287,2.1764388091185167,0.58997964206861897,0.38257735672152854,0.2771409264472488,0.10522433021500155,0.056076944665944525,0.038698152996827197,0.017378791669117325,0.6579470399651931,0.19090909090909092
zone6,R10,ordinary,WIDTH_SAME_SCREEN,3.4902135114404325,1.420125295237213,2.0700882162032195,0.60708754425214451,0.39806019084006361,0.13991689507610952,0.19697142086755748,0.049467088068570489,0.018839785581524056,0.030627302487046412,0.65047088929155505,0.050000000000000003
zone6,R10,overall,CLARA,3.4666742579591161,1.7701729819755285,1.6965012759835882,0.68223304728337297,0.49606649108924417,0.061355692550124304,0.60911941459643759,0.10529059760633698,0.0055047257192161305,0.099785871887120847,0.71001194965529257,0
zone6,R10,overall,FEASIBLE_STATE_ORACLE,3.4208342010875179,1.78668912590774,1.634145075179779,0.68964527677075527,0.50070585736233697,0.051162217279795648,0.63529270759627321,0.1101096424406114,0.0040927330381705287,0.10601690940244089,0.70652202753257765,0
zone6,R10,overall,FIX_REFERENCE_PRICE,3.4906944283856056,1.7202045269095567,1.7704899014760489,0.66657226665694225,0.48203040820554449,0.079859149728591164,0.54168027215084125,0.094911413475770465,0.0082270515085317731,0.086684361967238693,0.70823498942821961,0.0045454545454545452
zone6,R10,overall,GLOBAL_SCORE_SAME_SCREEN,3.4763582642790576,1.8660318050853044,1.6103264591937569,0.70149557631411597,0.52299312679423515,0.013606383631923943,0.69902619832226676,0.11609265786700912,0.0011286848929826351,0.11496397297402645,0.70946099062134149,0
zone6,R10,overall,NO_BACKOFF_EXACT,3.4769227048852973,1.768227944637248,1.70869476024805,0.68111267181038526,0.49552013228635633,0.058515865313106027,0.60443920925821937,0.10377501500172684,0.0053225390407127034,0.098452475961014155,0.70973021479008958,0
zone6,R10,overall,NO_G,3.4591856940828372,1.7687553564540019,1.6904303376288359,0.68246769409702079,0.49566828167308502,0.067110358409107798,0.61093886557712651,0.10711088297803414,0.0062851348318890528,0.10082574814614506,0.70966753155152196,0.0045454545454545452
zone6,R10,overall,NO_RWG,3.4487169034142271,1.7498367805188944,1.6988801228953336,0.67934589270130408,0.4903540749497407,0.091726899095289333,0.59464204373398233,0.10989163869882648,0.0092595215492961361,0.10063211714953034,0.71712542756098985,0.0045454545454545452
zone6,R10,overall,NO_SCREEN,3.4660936882053544,1.7532487397169898,1.7128449484883654,0.67883877275936544,0.49131249045482339,0.078572954641494067,0.59619864480301443,0.10564011450105562,0.0073927839502642458,0.098247330550791392,0.71532797407644721,0.018181818181818181
zone6,R10,overall,OUTCOME_ORACLE,3.0230328309732997,1.6406172777873915,1.3824155531859057,0.70834724512413361,0.45967443935100422,0.0077639546569387308,0.74032063964360961,0.12220036845747856,0.0007034314791738857,0.12149693697830465,0.60660774088830005,0
zone6,R10,overall,STATE_ORACLE,3.4078873678784714,1.7669443682641095,1.6409429996143623,0.68624321536550004,0.49515957712536252,0.067957656110269271,0.61986462333311965,0.11026796642401476,0.0059023071769955023,0.10436565924701925,0.70834165919227621,0.013636363636363636
zone6,R10,overall,WIDTH_ONLY,3.9146266356355572,1.4303044266765474,2.4843222089590067,0.56061563280224658,0.40059779578054255,0.30425730427383246,0.090370456252529374,0.058122857596791901,0.042793863310888434,0.015328994285903418,0.72564190697638042,0.50909090909090904
zone6,R10,overall,WIDTH_SAME_SCREEN,3.7872680659707005,1.5387664109038837,2.2485016550668147,0.59458185254464002,0.43106464528260297,0.15929035723741203,0.17540383061878675,0.049375975578388819,0.021438679202016475,0.027937296376372326,0.71087336254272748,0.10454545454545454
zone6,R10,ramp,CLARA,3.7607832798355849,1.9066151132314848,1.8541681666040972,0.66595083066386251,0.53410346717349511,0.064900063335136066,0.60082924027227824,0.10406099559005838,0.0058605122427986362,0.098200483347259726,0.77761222766137661,0.040909090909090909
zone6,R10,ramp,FEASIBLE_STATE_ORACLE,3.721541760160366,1.921269563894729,1.8002721962656338,0.67286167613263448,0.53821988589912551,0.053734570455057758,0.62856761216434709,0.1088897128102736,0.0043332231426800117,0.10455648966759357,0.77480841214586749,0.045454545454545456
zone6,R10,ramp,FIX_REFERENCE_PRICE,3.7868718437654496,1.8520979207765371,1.93477392298891,0.65004347893272607,0.51878964906817282,0.084432985921551892,0.53241012779275032,0.093740449709895313,0.0087383291785482833,0.085002120531347036,0.77722308955757879,0.068181818181818177
zone6,R10,ramp,GLOBAL_SCORE_SAME_SCREEN,3.7607275909743647,1.9808829285888827,1.7798446623854767,0.68346649034206319,0.55496521306040292,0.014418478438428224,0.6926671334328498,0.11480018779172151,0.0012011874164300313,0.11359900037529147,0.77173207898969232,0.0090909090909090905
zone6,R10,ramp,NO_BACKOFF_EXACT,3.7747864377201004,1.8979670578964716,1.8768193798236261,0.6633066787677514,0.53167423814680592,0.0620180868238661,0.59616497104339339,0.10250986972555014,0.0056753904999262287,0.096834479225623896,0.77866287682966917,0.054545454545454543
zone6,R10,ramp,NO_G,3.7526431130915441,1.9080156676819866,1.844627445409555,0.66674811256506483,0.53449688134498452,0.070871563788944575,0.60279569222981233,0.10595531557823548,0.0066892286564326983,0.099266086921802776,0.77698444136246836,0.036363636363636362
zone6,R10,ramp,NO_RWG,3.7467800195367582,1.8546885390645667,1.8920914804721904,0.65583580061790869,0.51951735083447348,0.09652895567623454,0.58667303156606843,0.10885851964882727,0.0097809179524353425,0.099077601696391945,0.79488792171098233,0.14999999999999999
zone6,R10,ramp,NO_SCREEN,3.7573685790491562,1.8831994867404525,1.8741690923087013,0.66163692511034611,0.52752604400185699,0.082609718513657754,0.58775408042342236,0.10446991133409844,0.0078241834316315744,0.096645727902466866,0.79030440095305832,0.10454545454545454
zone6,R10,ramp,OUTCOME_ORACLE,3.2845696061271066,1.7434236830295458,1.5411459230975597,0.68736449082906892,0.48826317779092865,0.0086404842565276658,0.73452052181091498,0.12074189028790325,0.00076735487083958137,0.11997453541706368,0.66173798825189178,0.0090909090909090905
zone6,R10,ramp,STATE_ORACLE,3.7041543769002399,1.8911573332705343,1.8129970436297029,0.66764166314856266,0.52976139415075651,0.07090887333841521,0.6132211829105253,0.10909623818800536,0.0061989774547109118,0.10289726073329444,0.78114285944746364,0.11363636363636363
zone6,R10,ramp,WIDTH_ONLY,4.3101569802439874,1.4974480934403351,2.8127088868036494,0.53090499715729411,0.41916891105238652,0.31581551551415449,0.08298240199400797,0.05892281080681791,0.044524247248293118,0.014398563558524756,0.80905573400902842,0.76363636363636367
zone6,R10,ramp,WIDTH_SAME_SCREEN,4.1093257591802814,1.6659446931312307,2.4433810660490489,0.58477668329566579,0.46649941658353655,0.16798778638531167,0.16548452493597562,0.049308760483244202,0.022552812982679717,0.026755947500564481,0.7810904765102159,0.21818181818181817
zone6,R20,ordinary,CLARA,4.788086005975325,1.65851228628794,3.129573719687385,0.69974083032894108,0.46502282877566142,0.036660121092971176,0.66761171816930542,0.11290031183893348,0.0029892093648021438,0.10991110247413133,0.6521702224528878,0
zone6,R20,ordinary,FEASIBLE_STATE_ORACLE,4.6712030655486245,1.6803573583629416,2.9908457071856831,0.70834456909222954,0.47115908497650461,0.028839143753908548,0.69508397843001279,0.11754996905967789,0.0020263280249588314,0.11552364103471906,0.64691119689971155,0
zone6,R20,ordinary,FIX_REFERENCE_PRICE,4.9132151725465949,1.5845286055467573,3.3286865669998389,0.67960691758987357,0.44424089598319411,0.070540012298077923,0.56195607027456163,0.097573362010379874,0.0071391287627540724,0.090434233247625798,0.64922987710746471,0.0045454545454545452
zone6,R20,ordinary,GLOBAL_SCORE_SAME_SCREEN,4.7368568558824524,1.7363164516947591,3.0005404041876926,0.71221230224191345,0.48687793141802682,0.011826033626078789,0.71023022765925237,0.1187799350128529,0.0010064877119449552,0.11777344730090795,0.6543914405346819,0
zone6,R20,ordinary,NO_BACKOFF_EXACT,4.8101985248692509,1.6573203334008721,3.1528781914683792,0.69837615454615298,0.46468801054895703,0.03646785973561642,0.66094356141567634,0.11121329944798043,0.0030572510371360737,0.10815604841084435,0.65196035304576261,0
zone6,R20,ordinary,NO_G,4.76815924124561,1.6656212577126217,3.1025379835329892,0.70180672918527476,0.46701973086124615,0.039486241423706207,0.67051710607703774,0.11471453707979663,0.0032178335134389986,0.11149670356635764,0.6529768975098561,0
zone6,R20,ordinary,NO_RWG,4.7337448944798197,1.6775393158778582,3.0562055786019617,0.70518998239064945,0.47036750000878452,0.054469364361163106,0.67254161986643513,0.11751487348000171,0.0047054330092308081,0.11280944047077089,0.65667771634701833,0
zone6,R20,ordinary,NO_SCREEN,4.8056955494603049,1.6490799920127375,3.1566155574475672,0.69756092970284289,0.46237330791184045,0.04598991915218871,0.65635263525062615,0.1124173034788743,0.0038272628249537595,0.10859004065392054,0.65356287565127158,0
zone6,R20,ordinary,OUTCOME_ORACLE,4.0949514061445509,1.5333391500409512,2.5616122561035999,0.73822715450864718,0.42986183544785517,0.0049111976178125129,0.78982695483663989,0.14140949028738237,0.00040304089358835844,0.141006449393794,0.56089114772094872,0
zone6,R20,ordinary,STATE_ORACLE,4.6503246868438843,1.6740344255218826,2.9762902613220019,0.70817700429305153,0.46938298024586989,0.036301727002030215,0.69250615347374078,0.11797548541761209,0.0024838037322370741,0.11549168168537501,0.64517617815673123,0
zone6,R20,ordinary,WIDTH_ONLY,5.7178840240122613,1.3650064057752287,4.3528776182370335,0.58997964206861897,0.38257735672152854,0.2771409264472488,0.10522433021500155,0.056076944665944525,0.038698152996827197,0.017378791669117325,0.6579470399651931,0.19090909090909092
zone6,R20,ordinary,WIDTH_SAME_SCREEN,5.5243360430034842,1.432670859658395,4.0916651833450892,0.61059518165269044,0.40158422578983394,0.11815871249917696,0.2131249258191997,0.048927754458374967,0.015987251195492325,0.032940503262882628,0.64857806906830817,0.036363636363636362
zone6,R20,overall,CLARA,5.1218620065055758,1.806177313111055,3.3156846933945237,0.69096250352834454,0.50618006725090836,0.041655948764308004,0.65219179226025148,0.11005229802626312,0.0034367553505659514,0.10661554267569717,0.7098472976440906,0
zone6,R20,overall,FEASIBLE_STATE_ORACLE,5.0398214205999077,1.8241112161917969,3.2157102044081141,0.69793061539661438,0.5112176804758356,0.03240925858253825,0.68234585753208477,0.11478946854329479,0.0023016430731250506,0.11248782547016974,0.70538641246389333,0
zone6,R20,overall,FIX_REFERENCE_PRICE,5.2611843298616536,1.7202045269095567,3.5409798029520978,0.66657226665694225,0.48203040820554449,0.079859149728591164,0.54168027215084125,0.094911413475770465,0.0082270515085317731,0.086684361967238693,0.70823498942821961,0.0045454545454545452
zone6,R20,overall,GLOBAL_SCORE_SAME_SCREEN,5.0863402616231541,1.8656094448755201,3.2207308167476394,0.70139615285443946,0.52287448628586874,0.013745336495903497,0.69832385975532074,0.11609156882820282,0.0011817759336352162,0.11490979289456758,0.70932597609548498,0
zone6,R20,overall,NO_BACKOFF_EXACT,5.1481046248514808,1.8015923226009105,3.3465123022505732,0.68924148475432467,0.50489214856828357,0.040927603712392666,0.64514113106033699,0.10842187475549711,0.003506068397316796,0.10491580635818031,0.70978059414219663,0
zone6,R20,overall,NO_G,5.107305685217753,1.8106888857226404,3.2966167994951148,0.69234176557415039,0.50744736292831982,0.044556358011632907,0.65632687945587298,0.11194209555270489,0.0036915072392215763,0.1082505883134833,0.71040719073205261,0
zone6,R20,overall,NO_RWG,5.0941809229806889,1.8038814029789116,3.2902995200017786,0.69194288174759255,0.50553514867446392,0.061794599968171306,0.65848295337439222,0.11514986922096256,0.0054918086262040738,0.10965806059475847,0.71742669678692239,0
zone6,R20,overall,NO_SCREEN,5.132675104088225,1.796103897036637,3.3365712070515894,0.6886546585874056,0.50335045599404959,0.052076890988959464,0.64106391453944478,0.10966838094608694,0.0044074703244853016,0.10526091062160166,0.7118260007237055,0.0045454545454545452
zone6,R20,overall,OUTCOME_ORACLE,4.4026842648539697,1.6461472060846452,2.7565370587693225,0.72505568651901209,0.4612277899963001,0.0055323301777996233,0.78294113137666055,0.13844111409197202,0.00045646311491178755,0.1379846509770602,0.60748433824718739,0
zone6,R20,overall,STATE_ORACLE,5.0237097259374099,1.8158046730081931,3.2079050529292195,0.69746682327394416,0.50888438182875606,0.039754400787422539,0.68051493063844848,0.11523481714998635,0.0027628259582812846,0.11247199119170505,0.70487968525571854,0
zone6,R20,overall,WIDTH_ONLY,6.3989488445945613,1.4303044266765474,4.9686444179180134,0.56061563280224658,0.40059779578054255,0.30425730427383246,0.090370456252529374,0.058122857596791901,0.042793863310888434,0.015328994285903418,0.72564190697638042,0.50909090909090904
zone6,R20,overall,WIDTH_SAME_SCREEN,5.9742929815859425,1.5579058453907528,4.4163871361951896,0.59994311284299429,0.43644089092498178,0.13561304504687499,0.19022083614798335,0.048250989083991981,0.01817102752861241,0.030079961555379574,0.70832106219777746,0.050000000000000003
zone6,R20,ramp,CLARA,5.5774083316197478,1.9398820095237346,3.6375263220960101,0.67417949006564049,0.54344810096345264,0.044200539511011327,0.64447509367004108,0.10875030183381502,0.0036576814313358185,0.1050926204024792,0.77570262520540101,0.022727272727272728
zone6,R20,ramp,FEASIBLE_STATE_ORACLE,5.508131725157039,1.9557074378364294,3.5524242873206076,0.68049185813414503,0.54789344599510825,0.034338051240638358,0.67576768902112494,0.11352824793715456,0.0024503946018458742,0.11107785333530867,0.77103975291671367,0.018181818181818181
zone6,R20,ramp,FIX_REFERENCE_PRICE,5.7216457667543592,1.8520979207765371,3.8695478459778201,0.65004347893272607,0.51878964906817282,0.084432985921551892,0.53241012779275032,0.093740449709895313,0.0087383291785482833,0.085002120531347036,0.77722308955757879,0.068181818181818177
zone6,R20,ramp,GLOBAL_SCORE_SAME_SCREEN,5.5402864762635389,1.980512658566274,3.5597738176972613,0.68331684090864198,0.55486120462708599,0.014584123777925737,0.69188288923929431,0.11479429307239181,0.0012606448118335834,0.11353364826055823,0.77169071736737727,0.0090909090909090905
zone6,R20,ramp,NO_BACKOFF_EXACT,5.6121707402970866,1.9300631194397762,3.6821076208573076,0.67156406366799093,0.54068998577132932,0.043351673706176083,0.63690143482221606,0.10709123567842516,0.0037388146965415532,0.1033524209818836,0.7763571609196237,0.031818181818181815
zone6,R20,ramp,NO_G,5.562733497505695,1.944836493224926,3.6178970042807665,0.67565422701524502,0.54483980986828173,0.046815579171052384,0.64935361836537975,0.1106701945576294,0.0039115092921884597,0.10675868526544094,0.77625179183576076,0.018181818181818181
zone6,R20,ramp,NO_RWG,5.5597024353341462,1.9168659860955619,3.6428364492385827,0.67196953704721063,0.53698292584317975,0.065303541205916624,0.65125469797025826,0.11401687010000462,0.0058402910380113285,0.10817657906199329,0.79128536674518701,0.081818181818181818
zone6,R20,ramp,NO_SCREEN,5.5864429791610819,1.9291788632305031,3.6572641159305768,0.67183320396296575,0.54044159919569112,0.054826953411034676,0.63330850740971467,0.10838916799367611,0.0046705750886108319,0.10371859290506528,0.77901553768680443,0.031818181818181815
zone6,R20,ramp,OUTCOME_ORACLE,4.8225342889958407,1.7498243824406154,3.0727099065552226,0.70516794337452693,0.49006112706370109,0.0061089448950399691,0.77873027110711712,0.13700018435426015,0.00049745105137168099,0.13650273330288845,0.66270899741576172,0.0045454545454545452
zone6,R20,ramp,STATE_ORACLE,5.4901367519139619,1.9426132316278903,3.5475235202860689,0.67965339113513634,0.54421529818372105,0.041774088297565376,0.67450269102598459,0.11399219763489031,0.002921406053745326,0.11107079158114498,0.7733570134847626,0.031818181818181815
zone6,R20,ramp,WIDTH_ONLY,7.122865867047639,1.4974480934403351,5.6254177736072988,0.53090499715729411,0.41916891105238652,0.31581551551415449,0.08298240199400797,0.05892281080681791,0.044524247248293118,0.014398563558524756,0.80905573400902842,0.76363636363636367
zone6,R20,ramp,WIDTH_SAME_SCREEN,6.477540130409853,1.6895092998820243,4.788030830527827,0.59119397802127083,0.47311868814274816,0.14370955082130263,0.17968895954941783,0.047967920977760065,0.019136797683459886,0.028831123294300161,0.77769070228313364,0.12727272727272726
zone7,R01,ordinary,CLARA,1.3349561942495942,1.1707150574883669,0.16424113676122748,0.61099846079143272,0.32847502172169396,0.16010744870131591,0.22560255140260896,0.057701241324778559,0.022339658022211217,0.03536158330256732,0.53275529321156367,0.0090909090909090905
zone7,R01,ordinary,FEASIBLE_STATE_ORACLE,1.3159919788949552,1.1481063019544528,0.16788567694050266,0.60486358166138565,0.32212424769531361,0.1747514940114612,0.20490926260889306,0.056666864911178103,0.024170179376953736,0.03249668553422435,0.53269564759325527,0.013636363636363636
zone7,R01,ordinary,FIX_REFERENCE_PRICE,1.4263132378816825,1.2905526864788504,0.13576055140283208,0.67366703714361054,0.3621372770560996,0.060515633194540883,0.5376001512609907,0.099923333575286266,0.0069621538048390379,0.092961179770447197,0.53541165678792912,0
zone7,R01,ordinary,GLOBAL_SCORE_SAME_SCREEN,1.3282692258703146,1.1622299337275417,0.16603929214277313,0.60959841411074622,0.32609155999112516,0.16537735970003592,0.22194986321227661,0.058052893557141536,0.023233434765839833,0.034819458791301675,0.53095247419674529,0.0090909090909090905
zone7,R01,ordinary,NO_BACKOFF_EXACT,1.336027413786899,1.1717897621970115,0.16423765158988762,0.61139938378526815,0.32877690506681889,0.15560396704838908,0.23382355465967136,0.05838638599756827,0.021688670985246593,0.036697715012321643,0.53361861982795356,0.013636363636363636
zone7,R01,ordinary,NO_G,1.3191377150844357,1.151611858596989,0.16752585648744661,0.60479323779297778,0.32310895461737438,0.18485536878977782,0.19888214859657452,0.05691326831616933,0.025584610964383154,0.031328657351786131,0.53258816278014476,0.050000000000000003
zone7,R01,ordinary,NO_RWG,1.3074125682564366,1.1375640752804346,0.16984849297600202,0.60080395220717753,0.31916294806778034,0.24568253930929101,0.17657858523641978,0.062324032834662299,0.035003625214621858,0.02732040762004043,0.53471877808147938,0.077272727272727271
zone7,R01,ordinary,NO_SCREEN,1.2979118350571743,1.1241462495899817,0.17376558546719265,0.59577034648587335,0.31539389590754086,0.26800686165414922,0.16587644321256925,0.063982579134772441,0.038703563674544375,0.025279015460228049,0.53553642588402994,0.077272727272727271
zone7,R01,ordinary,OUTCOME_ORACLE,1.2443913126938917,1.0623655869620241,0.18202572573186734,0.56833486031177483,0.29803977719182234,0.36267192087961414,0.092367548497850727,0.066501130661506022,0.051718870954335812,0.014782259707170193,0.53081115177545646,0.39545454545454545
zone7,R01,ordinary,STATE_ORACLE,1.281113823499104,1.1048077324558132,0.17630609104329062,0.58982113562763316,0.30996172817322387,0.2851592255630413,0.14125956195859657,0.062457594891359693,0.040724353344783311,0.021733241546576371,0.53733831231444174,0.10000000000000001
zone7,R01,ordinary,WIDTH_ONLY,1.2443913126938917,1.0599176758270112,0.18447363686688031,0.5683243746247808,0.29735216170445916,0.36281639647984132,0.092343918210573958,0.066515045662399824,0.051734704098354269,0.014780341564045528,0.54311876173794937,0.39545454545454545
zone7,R01,ordinary,WIDTH_SAME_SCREEN,1.2721145220687271,1.0934190691807848,0.17869545288794256,0.57943907659433924,0.30676266545551911,0.26211587820126631,0.13014966722040616,0.056616536823824316,0.035786877623998958,0.020829659199825337,0.53854274350147835,0.24090909090909091
zone7,R01,overall,CLARA,1.4514057677204995,1.2641296167332188,0.18727615098728087,0.59159476614322637,0.35465006309240993,0.19537357027489105,0.19217696411900861,0.057251586192221093,0.026723852871522069,0.030527733320699,0.5880636675876062,0.081818181818181818
zone7,R01,overall,FEASIBLE_STATE_ORACLE,1.4361056262213316,1.2462840184068835,0.18982160781444818,0.58715865007048273,0.34963725457377676,0.21044013626809699,0.17501745142425656,0.056739870055535539,0.028614024151756765,0.028125845903778753,0.58997676285225886,0.090909090909090912
zone7,R01,overall,FIX_REFERENCE_PRICE,1.5770585672833148,1.4303539737968243,0.14670459348649026,0.66541920547341737,0.40134229822263628,0.073139844547823074,0.50836766312493431,0.095237556387055472,0.0084952487373942832,0.086742307649661163,0.59041103508441994,0
zone7,R01,overall,GLOBAL_SCORE_SAME_SCREEN,1.4450522713640239,1.2563249389535691,0.188727332410455,0.59019543100337646,0.3524577378734074,0.20134349463498821,0.19005470094865484,0.057817223091367352,0.027712151790451101,0.030105071300916223,0.58835407369937409,0.086363636363636365
zone7,R01,overall,NO_BACKOFF_EXACT,1.4562220277705411,1.2699673021828684,0.18625472558767286,0.5935828140872772,0.35628986237601934,0.19013161403230325,0.19981948333826069,0.057737756217742686,0.025999933690549107,0.031737822527193579,0.58932865265501466,0.077272727272727271
zone7,R01,overall,NO_G,1.4316255281268018,1.2404301319241915,0.19119539620261064,0.58423657167808252,0.34799290443818892,0.22253560183110443,0.16735682851715267,0.057145337550142429,0.030319959227943585,0.026825378322198831,0.58843829064225173,0.14545454545454545
zone7,R01,overall,NO_RWG,1.4016528035952971,1.201878706449315,0.19977409714598207,0.5705002656360264,0.33716385233850471,0.28919924263271968,0.14903478146824795,0.06407008794954358,0.040828473080356746,0.023241614869186793,0.59245252406915005,0.42727272727272725
zone7,R01,overall,NO_SCREEN,1.387711258022394,1.1820042893154805,0.20570696870691391,0.56370693196074551,0.33158115089641599,0.31809678727038432,0.13810587891040757,0.067194316440600255,0.045889118584810595,0.021305197855789628,0.59347098634898532,0.50454545454545452
zone7,R01,overall,OUTCOME_ORACLE,1.33927994502956,1.1250956736785365,0.21418427135102394,0.54091781632492897,0.31559558470626364,0.41230244669979199,0.075272176374239386,0.071579180334510634,0.059235229365083138,0.012343950969427505,0.59324657712716733,0.77727272727272723
zone7,R01,overall,STATE_ORACLE,1.3731756241620607,1.165184083118993,0.20799154104306813,0.5586364274204968,0.32685637387493094,0.33468813698172789,0.11769525765657163,0.06621813719720851,0.047805991426256508,0.018412145770952022,0.59643725196217334,0.59545454545454546
zone7,R01,overall,WIDTH_ONLY,1.33927994502956,1.1226370177796365,0.21664292724992384,0.5408949277530557,0.31490495102679733,0.4124232051995077,0.07526115075999662,0.071592945241803291,0.059251113098621057,0.012341832143182246,0.60555851458738785,0.77727272727272723
zone7,R01,overall,WIDTH_SAME_SCREEN,1.390447122697877,1.1876266176979282,0.20282050499994916,0.56373689985847442,0.33316045662182303,0.30625796613968648,0.1082003713046505,0.059237863964465329,0.041580990348833044,0.017656873615632306,0.59913869418877541,0.43181818181818182
zone7,R01,ramp,CLARA,1.6659968763922324,1.4407601589185339,0.2252367174736985,0.5638232033738132,0.40439528117976387,0.24438032037408181,0.15051479270521637,0.05751363870410147,0.032952420859713019,0.024561217844388434,0.70122227623513633,0.50909090909090904
zone7,R01,ramp,FEASIBLE_STATE_ORACLE,1.6549570542310739,1.4282290098435151,0.22672804438755859,0.56111440954475422,0.40087529548453393,0.26015509999939196,0.13665981510268044,0.057454080120722686,0.03489006157631417,0.02256401854440851,0.70448229059657375,0.54090909090909089
zone7,R01,ramp,FIX_REFERENCE_PRICE,1.8343975782777129,1.6637030120655074,0.17069456621220541,0.64648836838186285,0.46701967813116091,0.091482074023804497,0.46991429478258939,0.089228512676549257,0.010582196750193267,0.078646315926355986,0.69948698529216957,0.14999999999999999
zone7,R01,ramp,GLOBAL_SCORE_SAME_SCREEN,1.6615962652375202,1.4355012493025416,0.2260950159349786,0.56293860651973171,0.40291805937751873,0.25139842329211726,0.15014944515813011,0.058339976841371065,0.034038663722211975,0.024301313119159083,0.70298457682512439,0.51818181818181819
zone7,R01,ramp,NO_BACKOFF_EXACT,1.6743681988413095,1.4513378254708795,0.22303037337042969,0.56757386205331772,0.40736653582929944,0.23809006451236628,0.15752233336785038,0.057757306494762017,0.032102604807181474,0.025654701687580533,0.70265290683759374,0.50454545454545452
zone7,R01,ramp,NO_G,1.642566692953805,1.4129702029833531,0.22959648997045201,0.55579260896515414,0.39658911378224132,0.27802791926921694,0.12917297027963243,0.058648980837281678,0.037293252790569442,0.021355728046712211,0.70356059680814265,0.61363636363636365
zone7,R01,ramp,NO_RWG,1.5570213948793752,1.3026105610698024,0.25441083380957275,0.51262952843487075,0.36558921436832231,0.35982492219281664,0.11644856926442466,0.06862282217387014,0.050193665861480941,0.018429156312389207,0.71730461482446484,0.75909090909090904
zone7,R01,ramp,NO_SCREEN,1.5392929256764374,1.2776021753593978,0.26169075031703909,0.5047119212806046,0.35856438692157983,0.39280947013689194,0.10561242569332198,0.072824443604608519,0.056175992978253889,0.016648450626354599,0.71867175149473272,0.82727272727272727
zone7,R01,ramp,OUTCOME_ORACLE,1.4956774574707687,1.2252405966523805,0.27043686081838847,0.48650071048113308,0.34385607829601278,0.488005737524772,0.051809355768994883,0.078697895298372206,0.069777867061211099,0.008920028237161079,0.72198525212731179,0.91363636363636369
zone7,R01,ramp,STATE_ORACLE,1.5268583515248213,1.2630013661964774,0.26385698532834378,0.50029457787614995,0.35446303603311885,0.40944349371946998,0.088101182426042438,0.072194948506799111,0.058040818734385421,0.014154129772413683,0.72244422786590767,0.8545454545454545
zone7,R01,ramp,WIDTH_ONLY,1.4956774574707687,1.2227904691520628,0.27288698831870611,0.48647050475900633,0.34316784023412578,0.48811430303884862,0.051804934120604357,0.078711518611403242,0.069793769165421377,0.0089177494459818547,0.73548608239676305,0.91363636363636369
zone7,R01,ramp,WIDTH_SAME_SCREEN,1.6069666832099962,1.364973074844005,0.24199360836599154,0.53984343941178803,0.38310677441725566,0.36704625070842256,0.078314623471823691,0.062525768633513001,0.049213343842920802,0.013312424790592178,0.7179768579948953,0.76363636363636367
zone7,R02,ordinary,CLARA,1.5060641316951573,1.1811608814239836,0.32490325027117367,0.61483692961742142,0.33140924192832805,0.13908678701836416,0.24355078447821651,0.057460414285585182,0.019519809082457078,0.037940605203128072,0.53147785090724797,0
zone7,R02,ordinary,FEASIBLE_STATE_ORACLE,1.4920639594122977,1.162271468225285,0.32979249118701282,0.60952616684587602,0.32610322698487321,0.15032311409422439,0.22543812493103094,0.056333111114171719,0.020921303593858423,0.035411807520313268,0.53126759736436679,0.0045454545454545452
zone7,R02,ordinary,FIX_REFERENCE_PRICE,1.5620737892845145,1.2905526864788504,0.27152110280566416,0.67366703714361054,0.3621372770560996,0.060515633194540883,0.5376001512609907,0.099923333575286266,0.0069621538048390379,0.092961179770447197,0.53541165678792912,0
zone7,R02,ordinary,GLOBAL_SCORE_SAME_SCREEN,1.5023803836408702,1.1749432836345175,0.3274371000063529,0.61379380006284567,0.32966272569533184,0.14456525768093417,0.23942286571791582,0.057758791471804939,0.020382496203391776,0.037376295268413136,0.5301526566228858,0
zone7,R02,ordinary,NO_BACKOFF_EXACT,1.5115842028401361,1.1895104599427804,0.32207374289735557,0.61720651469887167,0.33375462915270904,0.13011719639832653,0.25716195617190657,0.058367375312942366,0.018361986165508958,0.040005389147433366,0.53211150136120511,0
zone7,R02,ordinary,NO_G,1.4877052218714895,1.1534245081761347,0.33428071369535484,0.60652877926530468,0.32361812584747157,0.16659389729180649,0.20659230999013209,0.05594915051629263,0.023233194056289624,0.032715956460002978,0.53149178635752947,0.045454545454545456
zone7,R02,ordinary,NO_RWG,1.4792028820872316,1.1410443370423853,0.33815854504484666,0.60175520690019224,0.32014054968630579,0.23929581433035171,0.17719988097328496,0.061626621619872146,0.03398634365521145,0.027640277964660703,0.53445511556474312,0.077272727272727271
zone7,R02,ordinary,NO_SCREEN,1.4739865737050259,1.1279110401877264,0.34607553351729936,0.59670773537094368,0.31645142135634563,0.26397553945690572,0.17125874187673668,0.06416070497224774,0.038225250606432865,0.025935454365814851,0.53477258357369617,0.072727272727272724
zone7,R02,ordinary,OUTCOME_ORACLE,1.4088975700361275,1.1322820733435841,0.27661549669254315,0.58416529132896389,0.31767923965855271,0.27202244496230854,0.11415723196027794,0.056321808099212708,0.038077217533187484,0.018244590566025197,0.47124774053043661,0.11818181818181818
zone7,R02,ordinary,STATE_ORACLE,1.4572939787439871,1.1053835482390453,0.35191043050494181,0.58995018589518733,0.31012347417974973,0.28265145470711039,0.14297160461624447,0.062343800834079324,0.040409118514757481,0.021934682319321837,0.53697605196803677,0.10000000000000001
zone7,R02,ordinary,WIDTH_ONLY,1.4288649495607719,1.0599176758270112,0.36894727373376063,0.5683243746247808,0.29735216170445916,0.36281639647984132,0.092343918210573958,0.066515045662399824,0.051734704098354269,0.014780341564045528,0.54311876173794937,0.39545454545454545
zone7,R02,ordinary,WIDTH_SAME_SCREEN,1.4570269022652034,1.1030709674087635,0.35395593485643995,0.58269609465397987,0.30947387282292893,0.23926557898320419,0.1406653945073339,0.055126339875034264,0.032774253230365362,0.022352086644668871,0.53709184529055742,0.20000000000000001
zone7,R02,overall,CLARA,1.6480340454534883,1.2803683194041784,0.36766572604931019,0.59726623917377719,0.35921149642694916,0.16907347350207949,0.20899110101696727,0.056246667481556469,0.023323348068574942,0.032923319412981454,0.58617803952179848,0.050000000000000003
zone7,R02,overall,FEASIBLE_STATE_ORACLE,1.6365228949133053,1.2659338887092257,0.37058900620407986,0.59357445960535649,0.3551568810631987,0.18073046052420164,0.19349780281491866,0.055547522873541623,0.024763707313996332,0.030783815559545239,0.58742468349598009,0.068181818181818177
zone7,R02,overall,FIX_REFERENCE_PRICE,1.7237631607698052,1.4303539737968243,0.29340918697298052,0.66541920547341737,0.40134229822263628,0.073139844547823074,0.50836766312493431,0.095237556387055472,0.0084952487373942832,0.086742307649661163,0.59041103508441994,0
zone7,R02,overall,GLOBAL_SCORE_SAME_SCREEN,1.6443536336198541,1.273658780809636,0.37069485281021819,0.59589038187195309,0.35732679457454986,0.17571943436482426,0.20614624203479143,0.056833825526428766,0.024325115478598613,0.032508710047830083,0.58650502438244678,0.054545454545454543
zone7,R02,overall,NO_BACKOFF_EXACT,1.6546361433005752,1.2905927722952362,0.3640433710053399,0.60039685929480224,0.3620835337558978,0.15932028836288997,0.22129207024399833,0.056856462550814835,0.022096213957794618,0.034760248593020182,0.58730087112270857,0.050000000000000003
zone7,R02,overall,NO_G,1.6282151584141922,1.2501614965629819,0.37805366185121053,0.58823063238354478,0.35072643383110752,0.20023377766877712,0.17536529577912596,0.055675993379374282,0.027487889301559088,0.028188104077815176,0.5860053675908905,0.10000000000000001
zone7,R02,overall,NO_RWG,1.6038186846327867,1.2069658373355294,0.39685284729725795,0.5720740968465281,0.33859282168856497,0.28105215420126173,0.15000365285514897,0.063024819915282498,0.03946050782873315,0.023564312086549313,0.59177223751049168,0.40909090909090912
zone7,R02,overall,NO_SCREEN,1.5947524094259837,1.185313251467937,0.40943915795804736,0.56476549208585491,0.33251063464710595,0.31331232394409492,0.14289510194092972,0.067193922785484875,0.045335328880982018,0.021858593904502826,0.59328365695392182,0.47727272727272729
zone7,R02,overall,OUTCOME_ORACLE,1.5326436849373017,1.2146810086542472,0.31796267628305508,0.55913214207913575,0.34076000464326112,0.3158070673476846,0.093015950271607292,0.058838248868888582,0.043615385577800481,0.015222863291088084,0.51876689682448485,0.59090909090909094
zone7,R02,overall,STATE_ORACLE,1.5809392616321232,1.1670828761906049,0.41385638544151887,0.5592164097698511,0.32738974271527138,0.33137692082462272,0.11901697931908786,0.065944789057176365,0.047379695092046537,0.018565093965129838,0.59585666384949476,0.59545454545454546
zone7,R02,overall,WIDTH_ONLY,1.5559228722794836,1.1226370177796365,0.43328585449984769,0.5408949277530557,0.31490495102679733,0.4124232051995077,0.07526115075999662,0.071592945241803291,0.059251113098621057,0.012341832143182246,0.60555851458738785,0.77727272727272723
zone7,R02,overall,WIDTH_SAME_SCREEN,1.6023447874662278,1.2021397828354519,0.40020500463077646,0.56843624785107283,0.33723718840202632,0.28140000309441238,0.11732796254567664,0.057189557417021537,0.038181795215478979,0.019007762201542551,0.59693188932747887,0.36363636363636365
zone7,R02,ramp,CLARA,1.9068430741748554,1.4678844723241578,0.43895860185069763,0.57243222564971386,0.41201447033864697,0.21155149801077699,0.1655745966034454,0.055530983793500716,0.028782936623583937,0.026748047169916765,0.69557193866690803,0.41818181818181815
zone7,R02,ramp,FEASIBLE_STATE_ORACLE,1.8981371890367611,1.4578272256299001,0.44030996340686113,0.570215225136676,0.40918940104250712,0.22439348729639377,0.15276642828848921,0.055220211123628231,0.030287774163036855,0.024932436960591362,0.69782994048999736,0.44545454545454544
zone7,R02,ramp,FIX_REFERENCE_PRICE,2.0050921444899181,1.6637030120655074,0.34138913242441082,0.64648836838186285,0.46701967813116091,0.091482074023804497,0.46991429478258939,0.089228512676549257,0.010582196750193267,0.078646315926355986,0.69948698529216957,0.14999999999999999
zone7,R02,ramp,GLOBAL_SCORE_SAME_SCREEN,1.9041767903493854,1.462274570063975,0.4419022202854101,0.57117854567990167,0.41043865509702249,0.21980870932747981,0.16407986747254613,0.056402131343632582,0.029935881650506927,0.026466249693125641,0.69714906703756596,0.43636363636363634
zone7,R02,ramp,NO_BACKOFF_EXACT,1.9116712017073234,1.4767514298739279,0.43491977183339542,0.57582676452281856,0.41450518875150399,0.19979518703020416,0.17686536774792333,0.055812411534793036,0.027413546860273585,0.028398864674519436,0.69743094751288026,0.40000000000000002
zone7,R02,ramp,NO_G,1.8875135702630306,1.4385464461719166,0.44896712409111389,0.56380035178646504,0.40377345175655677,0.24781061763696552,0.13747258814987609,0.056251247655493185,0.033595057365568434,0.022656190289924726,0.69398940045580715,0.51363636363636367
zone7,R02,ramp,NO_RWG,1.8142023538261736,1.309012383668104,0.50518997015806943,0.51465105588420101,0.36738747914312614,0.35003641826913018,0.11737447030193579,0.067209678803771211,0.048500351678076301,0.018709327125694914,0.71632267140745653,0.74090909090909096
zone7,R02,ramp,NO_SCREEN,1.8018019961115115,1.2807257934523426,0.52107620265916854,0.50581427192140194,0.3594418077342047,0.38747248921704303,0.10988846868128647,0.072699160157345136,0.055576248881811292,0.017122911275533816,0.71877300451572346,0.82727272727272727
zone7,R02,ramp,OUTCOME_ORACLE,1.7426755821439124,1.3419157932571111,0.40075978888680147,0.50592474637645812,0.37663000992655515,0.38491784426830744,0.065547375963985466,0.063736437516170641,0.052473766616460624,0.011262670899709988,0.61622357276356854,0.80454545454545456
zone7,R02,ramp,STATE_ORACLE,1.7904328417945545,1.2656972277092313,0.52473561408532299,0.50109101218118923,0.35522030050299358,0.40569321593294205,0.089234432408342321,0.07184640789329079,0.057553391465931109,0.014293016427359685,0.72169557025254139,0.84999999999999998
zone7,R02,ramp,WIDTH_ONLY,1.7685644457894747,1.2227904691520628,0.54577397663741223,0.48647050475900633,0.34316784023412578,0.48811430303884862,0.051804934120604357,0.078711518611403242,0.069793769165421377,0.0089177494459818547,0.73548608239676305,0.91363636363636369
zone7,R02,ramp,WIDTH_SAME_SCREEN,1.8646352501613368,1.3894998478545912,0.47513540230674567,0.54724035366141111,0.38999631739775736,0.33878698379105532,0.085679179839116992,0.05973625323455764,0.045279270660913064,0.014456982573644568,0.71189789259286274,0.69090909090909092
zone7,R05P6179775281,ordinary,CLARA,2.053252413461053,1.2905526864788504,0.76269972698220267,0.67366703714361054,0.3621372770560996,0.060515633194540883,0.5376001512609907,0.099923333575286266,0.0069621538048390379,0.092961179770447197,0.53541165678792912,0
zone7,R05P6179775281,ordinary,FEASIBLE_STATE_ORACLE,2.0258794553730826,1.2856173517868945,0.74026210358618849,0.67362158843942699,0.360750947086449,0.063535085746975348,0.53425838570841344,0.098462074065590377,0.007016414504076268,0.091445659561514084,0.53108626374452672,0
zone7,R05P6179775281,ordinary,FIX_REFERENCE_PRICE,2.053252413461053,1.2905526864788504,0.76269972698220267,0.67366703714361054,0.3621372770560996,0.060515633194540883,0.5376001512609907,0.099923333575286266,0.0069621538048390379,0.092961179770447197,0.53541165678792912,0
zone7,R05P6179775281,ordinary,GLOBAL_SCORE_SAME_SCREEN,2.0802325395383492,1.3001933418885432,0.78003919764980612,0.65283012251587691,0.3648453263284851,0.033663972656398554,0.44973322409262556,0.071090454061889283,0.0047379704119567406,0.066352483649932528,0.52610327772219367,0.0045454545454545452
zone7,R05P6179775281,ordinary,NO_BACKOFF_EXACT,2.0585349224897418,1.3008774382921167,0.7576574841976248,0.67559884527257841,0.3650374882396013,0.054174126378593521,0.54316030534361304,0.098918450881814182,0.0062203307109278926,0.092698120170886272,0.53579883595528566,0
zone7,R05P6179775281,ordinary,NO_G,2.0392802815529403,1.2663490438187208,0.77293123773421879,0.66944204326549694,0.35533850102797326,0.083469695549586234,0.52772067609889817,0.10160886638733306,0.009685365739210092,0.091923500648122949,0.53599548497323879,0.0090909090909090905
zone7,R05P6179775281,ordinary,NO_RWG,2.0300276222442561,1.2836326970020948,0.74639492524216156,0.67611660894268344,0.36019345978734779,0.11291554995701211,0.52725235443743168,0.10654149888822,0.01335340551066006,0.093188093377559927,0.5402359377541478,0.027272727272727271
zone7,R05P6179775281,ordinary,NO_SCREEN,2.0423651610441498,1.2612492795683303,0.78111588147581934,0.66678754681653629,0.35390598298011083,0.10630344357464097,0.51830485565267026,0.10235419087844239,0.012678070073828167,0.089676120804614179,0.53898447756904055,0.013636363636363636
zone7,R05P6179775281,ordinary,OUTCOME_ORACLE,1.7812245036543035,1.2193214215209063,0.56190308213339735,0.69364015471643969,0.34212849476454205,0.013416341586857334,0.63559191301297535,0.1024252401403284,0.0017041999809384941,0.10072104015938992,0.4489686517704527,0
zone7,R05P6179775281,ordinary,STATE_ORACLE,2.0053843283799297,1.2476485245271092,0.7577358038528208,0.66649889641021642,0.35008554617077881,0.1201407614483026,0.50375024077181141,0.10125108921524549,0.014222252189077416,0.087028837026168052,0.53719453282255591,0.031818181818181815
zone7,R05P6179775281,ordinary,WIDTH_ONLY,2.0962864222701585,1.0599176758270112,1.0363687464431479,0.5683243746247808,0.29735216170445916,0.36281639647984132,0.092343918210573958,0.066515045662399824,0.051734704098354269,0.014780341564045528,0.54311876173794937,0.39545454545454545
zone7,R05P6179775281,ordinary,WIDTH_SAME_SCREEN,2.0992483197689502,1.1216592624219832,0.97758905734696733,0.58884567127898579,0.31469530400641765,0.19023801696159856,0.16240101281273309,0.052220128071303114,0.026547083463887882,0.025673044607415197,0.5347648344974163,0.14545454545454545
zone7,R05P6179775281,overall,CLARA,2.2545370832714888,1.4303539737968243,0.82418310947466411,0.66541920547341737,0.40134229822263628,0.073139844547823074,0.50836766312493431,0.095237556387055472,0.0084952487373942832,0.086742307649661163,0.59041103508441994,0
zone7,R05P6179775281,overall,FEASIBLE_STATE_ORACLE,2.2289162385521211,1.4201451054654295,0.80877113308669124,0.6636341338317745,0.39847463857898624,0.076260809676149635,0.5036343458722955,0.093473424740635108,0.0084800485050425169,0.084993376235592583,0.58645405182998567,0.0090909090909090905
zone7,R05P6179775281,overall,FIX_REFERENCE_PRICE,2.2545370832714888,1.4303539737968243,0.82418310947466411,0.66541920547341737,0.40134229822263628,0.073139844547823074,0.50836766312493431,0.095237556387055472,0.0084952487373942832,0.086742307649661163,0.59041103508441994,0
zone7,R05P6179775281,overall,GLOBAL_SCORE_SAME_SCREEN,2.2872817258074991,1.4112065218532677,0.87607520395423122,0.64018136905197787,0.39596380048568219,0.044007953786807441,0.40580029014760077,0.065805297919725711,0.0061635480149890417,0.059641749904736668,0.57730051381884573,0
zone7,R05P6179775281,overall,NO_BACKOFF_EXACT,2.2612112833843616,1.4367458210246828,0.82446546235967899,0.66593608291292428,0.4031377609270908,0.066018969475675218,0.51297588605268951,0.094106844923806471,0.0077024304790954184,0.086404414444711031,0.5911420867990459,0
zone7,R05P6179775281,overall,NO_G,2.23840146831777,1.4085069027724997,0.82989456554526986,0.66148694345637593,0.39520548051917442,0.10045166345098,0.499982647575962,0.097508872859043527,0.011633665118776932,0.085875207740266565,0.59119284949470352,0.031818181818181815
zone7,R05P6179775281,overall,NO_RWG,2.2239473354389272,1.3911849738005404,0.83276236163838691,0.65838160030322157,0.39033977013379301,0.13189893685105267,0.4988109082277184,0.1025696250726401,0.01577450847965713,0.086795116592982974,0.59625854640939302,0.12727272727272726
zone7,R05P6179775281,overall,NO_SCREEN,2.2359351771656515,1.3881148332125106,0.84782034395314021,0.65564481550014442,0.38947737109221103,0.12731498573834268,0.48997239820525956,0.09899254832194021,0.015403521919738997,0.083589026402201158,0.59708102263145602,0.10454545454545454
zone7,R05P6179775281,overall,OUTCOME_ORACLE,1.9383849719503625,1.3300066695566417,0.60837830239372126,0.67947291319985359,0.3731548532113495,0.016787076612039275,0.60916178151314959,0.096702704305297496,0.0020857854411989243,0.094616918864098565,0.4890119008883676,0
zone7,R05P6179775281,overall,STATE_ORACLE,2.1995990916231145,1.3641135312124018,0.83548556041071276,0.6511867306555249,0.38273543232813589,0.14083774986973349,0.4746000926707627,0.097608418529018456,0.016938540359973359,0.080669878169045056,0.59364846180351882,0.17272727272727273
zone7,R05P6179775281,overall,WIDTH_ONLY,2.3397321146893191,1.1226370177796365,1.2170950969096845,0.5408949277530557,0.31490495102679733,0.4124232051995077,0.07526115075999662,0.071592945241803291,0.059251113098621057,0.012341832143182246,0.60555851458738785,0.77727272727272723
zone7,R05P6179775281,overall,WIDTH_SAME_SCREEN,2.3256862240566494,1.2335182134456204,1.0921680106110305,0.57839862789375829,0.34605135430375883,0.22608597932877628,0.13638028353357695,0.053049735899323672,0.031078810913640967,0.021970924985682691,0.59277331893740071,0.18636363636363637
zone7,R05P6179775281,ramp,CLARA,2.6226612492127299,1.6637030120655074,0.95895823714722128,0.64648836838186285,0.46701967813116091,0.091482074023804497,0.46991429478258939,0.089228512676549257,0.010582196750193267,0.078646315926355986,0.69948698529216957,0.14999999999999999
zone7,R05P6179775281,ramp,FEASIBLE_STATE_ORACLE,2.5981933559607255,1.6497920093383109,0.94840134662241393,0.64394294993356882,0.46311209309543155,0.095735628946829465,0.46461692291027262,0.087238699026651781,0.010606346252195175,0.076632352774456583,0.6953659172745591,0.15454545454545454
zone7,R05P6179775281,ramp,FIX_REFERENCE_PRICE,2.6226612492127299,1.6637030120655074,0.95895823714722128,0.64648836838186285,0.46701967813116091,0.091482074023804497,0.46991429478258939,0.089228512676549257,0.010582196750193267,0.078646315926355986,0.69948698529216957,0.14999999999999999
zone7,R05P6179775281,ramp,GLOBAL_SCORE_SAME_SCREEN,2.6627855932837239,1.6038789062873549,1.0589066869963686,0.61499960470978632,0.45021515403617418,0.055760813547333823,0.34199175604217208,0.058909751859124226,0.0078492467703135272,0.051060505088810687,0.68105663071428757,0.10000000000000001
zone7,R05P6179775281,ramp,NO_BACKOFF_EXACT,2.629171643471643,1.6633879480435683,0.96578369542807341,0.64460497213309498,0.46693117700140296,0.081940124979624732,0.47472923082925733,0.087882898817267768,0.0095645356530571404,0.078318363164210619,0.70075683891541363,0.14999999999999999
zone7,R05P6179775281,ramp,NO_G,2.6063188207300905,1.647953697640556,0.9583651230895337,0.64393164826782689,0.46259571340505101,0.12555449855553083,0.46362613489358667,0.092265698155919687,0.01439091807748997,0.077874780078429712,0.69946271333223953,0.17272727272727273
zone7,R05P6179775281,ramp,NO_RWG,2.5726382946243533,1.5550977781013302,1.0175405165230229,0.61822837066296532,0.4365125899389764,0.1639751211188048,0.46205600493098831,0.098227572939248095,0.019771815450118184,0.078455757489129918,0.71786165473420083,0.32727272727272727
zone7,R05P6179775281,ramp,NO_SCREEN,2.5877807302765574,1.590715335990085,0.99706539428647134,0.63004588615721335,0.44651752193019972,0.15808510026012476,0.45362864676847342,0.094980955940379377,0.019249736766297446,0.075731219174081932,0.71685177845119152,0.2818181818181818
zone7,R05P6179775281,ramp,OUTCOME_ORACLE,2.2287486576539761,1.5031131126824309,0.72563554497154537,0.64694545757917299,0.42191015583254404,0.022533951974518136,0.56861509059272597,0.089062035158855843,0.0028031229888545216,0.086258912170001298,0.56922437403176129,0.10454545454545454
zone7,R05P6179775281,ramp,STATE_ORACLE,2.5461321962628345,1.5479322573407817,0.99819993892205294,0.61948847343371916,0.43449980320848541,0.17358596215772731,0.43836765379501397,0.093693979469777811,0.021074895351623289,0.072619084118154528,0.7138779204874306,0.34090909090909088
zone7,R05P6179775281,ramp,WIDTH_ONLY,2.7558634372346806,1.2227904691520628,1.5330729680826187,0.48647050475900633,0.34316784023412578,0.48811430303884862,0.051804934120604357,0.078711518611403242,0.069793769165421377,0.0089177494459818547,0.73548608239676305,0.91363636363636369
zone7,R05P6179775281,ramp,WIDTH_SAME_SCREEN,2.7210087414579562,1.440348818220039,1.280659923237917,0.56314156373306379,0.40427973603973699,0.27405599234681505,0.1018948367459008,0.053969412197865656,0.036932857021663434,0.017036555176202201,0.70492047733811092,0.5
zone7,R10,ordinary,CLARA,2.641986332908405,1.3280205572555037,1.3139657756529013,0.68490637830365664,0.3726619598585304,0.045261784009415794,0.60205535474355509,0.11017132342314152,0.0045748168084680319,0.10559650661467346,0.5391954234136247,0
zone7,R10,ordinary,FEASIBLE_STATE_ORACLE,2.5858969368461344,1.3416609249116582,1.2442360119344757,0.69217950593531052,0.37649352380688828,0.04489857209324763,0.61791530592302257,0.112999590490502,0.0041659814289465823,0.1088336090615554,0.53451357946923561,0
zone7,R10,ordinary,FIX_REFERENCE_PRICE,2.6481582005071713,1.2905526864788504,1.357605514028321,0.67366703714361054,0.3621372770560996,0.060515633194540883,0.5376001512609907,0.099923333575286266,0.0069621538048390379,0.092961179770447197,0.53541165678792912,0
zone7,R10,ordinary,GLOBAL_SCORE_SAME_SCREEN,2.6913998648846174,1.4745211260819053,1.2168787388027125,0.70753613885179401,0.41381380503448623,0.0096840873840350217,0.70154991599448113,0.12374001166511059,0.00087421753600993364,0.12286579412910065,0.55702516908542443,0
zone7,R10,ordinary,NO_BACKOFF_EXACT,2.6446023878288605,1.3357171768739513,1.308885210954909,0.68584623836937031,0.3748239316614651,0.039789858373270745,0.60390154992032363,0.1082450572953754,0.0040583358926097792,0.10418672140276559,0.53899992273322839,0
zone7,R10,ordinary,NO_G,2.6286039943515336,1.3147662847043515,1.3138377096471818,0.68456916335610096,0.36893884959135265,0.056787689523597487,0.60434764306441813,0.1132582828454896,0.0057648724209405124,0.10749341042454907,0.54003887730432665,0
zone7,R10,ordinary,NO_RWG,2.609848951731792,1.3474263221934069,1.2624226295383856,0.69377924427481619,0.37811301742535691,0.076135077940295448,0.61675557265198033,0.11853578493392818,0.007373628197168045,0.11116215673676011,0.54606868438462219,0.0045454545454545452
zone7,R10,ordinary,NO_SCREEN,2.6383376799440481,1.3081611062042915,1.3301765737397566,0.6814475036694887,0.36708346237223477,0.069339649101747808,0.59341671014712627,0.11118060130870383,0.0069934108334096298,0.10418719047529419,0.54047256382513009,0
zone7,R10,ordinary,OUTCOME_ORACLE,2.2162589784868949,1.2277864012378232,0.98847257724907189,0.72246942489455379,0.34450629805581084,0.0046519112016271142,0.74078189036329989,0.13164372058304874,0.00057465404191035763,0.1310690665411384,0.44931481007083501,0
zone7,R10,ordinary,STATE_ORACLE,2.5686143373237402,1.3186126472812043,1.2500016900425361,0.69010527291899981,0.37001928851743499,0.075836624661399066,0.604137585170609,0.11436898318874714,0.0070681763595704435,0.10730080682917668,0.53868656943315474,0.0090909090909090905
zone7,R10,ordinary,WIDTH_ONLY,2.9046540444958135,1.0599176758270112,1.8447363686688034,0.5683243746247808,0.29735216170445916,0.36281639647984132,0.092343918210573958,0.066515045662399824,0.051734704098354269,0.014780341564045528,0.54311876173794937,0.39545454545454545
zone7,R10,ordinary,WIDTH_SAME_SCREEN,2.8554208114715132,1.1324057959718232,1.7230150154996902,0.5918923838764566,0.3177139932058109,0.17067710457024435,0.1724182276521618,0.051116891181983176,0.023851202334971486,0.027265688847011665,0.53429072187768578,0.086363636363636365
zone7,R10,overall,CLARA,2.8852478653199745,1.4829163912145311,1.4023314741054427,0.68089760386375708,0.41610702221637402,0.054570581330603281,0.57578174737169951,0.10508141562008749,0.0055794626334543128,0.099501952986633169,0.59558619369293553,0
zone7,R10,overall,FEASIBLE_STATE_ORACLE,2.8395144463776609,1.4837204810511084,1.3557939653265518,0.68455090532263407,0.41633289014799696,0.052877725393997654,0.59205161814068297,0.10760807316072853,0.0049822658202203843,0.10262580734050815,0.59065495206086505,0
zone7,R10,overall,FIX_REFERENCE_PRICE,2.8973999086617264,1.4303539737968243,1.4670459348649023,0.66541920547341737,0.40134229822263628,0.073139844547823074,0.50836766312493431,0.095237556387055472,0.0084952487373942832,0.086742307649661163,0.59041103508441994,0
zone7,R10,overall,GLOBAL_SCORE_SAME_SCREEN,2.9390512412829959,1.6168981730351029,1.322153068247893,0.70285103774245861,0.4537423541884435,0.01258005534528169,0.68262309594622972,0.11846764192403143,0.0011152607044511271,0.1173523812195803,0.61003593353714647,0
zone7,R10,overall,NO_BACKOFF_EXACT,2.8934365752013465,1.4845712083957441,1.4088653668056019,0.68008658280837964,0.41657185850323153,0.048859531836353179,0.57657041512695772,0.1031109913900975,0.0050255796129120888,0.098085411777185411,0.59490066518377349,0
zone7,R10,overall,NO_G,2.8739740659078974,1.4778475363115999,1.3961265295962968,0.68170423597683305,0.41468318656948339,0.067558386425619038,0.58082735420055343,0.10858591756847014,0.0069063977311585433,0.10167951983731158,0.59782799336215642,0.0045454545454545452
zone7,R10,overall,NO_RWG,2.8566341310239878,1.4745504297825063,1.3820837012414811,0.68340839601639958,0.41375703305007544,0.088050842363388462,0.59364816353069627,0.11389602526839343,0.0087091987802899538,0.10518682648810347,0.60174656012748062,0.05909090909090909
zone7,R10,overall,NO_SCREEN,2.8774458800138452,1.4592329084958013,1.4182129715180434,0.67672607351671199,0.40945435853133749,0.08354417437283293,0.56789495805259926,0.10666052845484578,0.0084979741664650537,0.098162554288380666,0.59911615308470623,0.045454545454545456
zone7,R10,overall,OUTCOME_ORACLE,2.4086315111605527,1.3410456017783949,1.0675859093821587,0.71126082127891788,0.37625567686914535,0.0062248783197938603,0.72412130323587154,0.12585768041787437,0.00070537508774252576,0.12515230533013186,0.4895249984781489,0
zone7,R10,overall,STATE_ORACLE,2.8181594243638086,1.4504087773354415,1.3677506470283665,0.67955721252100398,0.40697567000314699,0.089152870068576279,0.57786515446696274,0.10943180538430292,0.0084561430413978081,0.10097566234290511,0.59376203840325736,0.050000000000000003
zone7,R10,overall,WIDTH_ONLY,3.2890662902788752,1.1226370177796365,2.1664292724992382,0.5408949277530557,0.31490495102679733,0.4124232051995077,0.07526115075999662,0.071592945241803291,0.059251113098621057,0.012341832143182246,0.60555851458738785,0.77727272727272723
zone7,R10,overall,WIDTH_SAME_SCREEN,3.16355614296124,1.2474588365294248,1.9160973064318152,0.58274836194325419,0.34996725966437819,0.20392307186610181,0.14447259090724526,0.051333838806498541,0.027990316454306087,0.023343522352192413,0.59193793498437552,0.13181818181818181
zone7,R10,ramp,CLARA,3.3547918460666621,1.7334206558125234,1.6213711902541372,0.66560769455750957,0.48660328592526664,0.067938768565677488,0.53995089541077734,0.098274034640959795,0.0069261611585765695,0.091347873482383227,0.70564431904943969,0.095454545454545459
zone7,R10,ramp,FEASIBLE_STATE_ORACLE,3.3162750313853144,1.7206152894860844,1.5956597418992291,0.66552787171546635,0.48300627291222203,0.0656753580256728,0.55835000190757011,0.10058079126211453,0.0062177319524393052,0.094363059309675215,0.69976024360712474,0.10454545454545454
zone7,R10,ramp,FIX_REFERENCE_PRICE,3.3706486741875628,1.6637030120655074,1.706945662122054,0.64648836838186285,0.46701967813116091,0.091482074023804497,0.46991429478258939,0.089228512676549257,0.010582196750193267,0.078646315926355986,0.69948698529216957,0.14999999999999999
zone7,R10,ramp,GLOBAL_SCORE_SAME_SCREEN,3.4064659201733667,1.8485469761100246,1.5579189440633379,0.68564956633220919,0.51894213994141902,0.014784763720029187,0.6536145187047584,0.11094040758286412,0.0013190640767380168,0.10962134350612611,0.71354323333958614,0.027272727272727271
zone7,R10,ramp,NO_BACKOFF_EXACT,3.3680603177778967,1.7266099698085084,1.6414503479693872,0.66220573781755276,0.48469017187919516,0.060671384386281446,0.53982276962798248,0.096067112333332774,0.0061572670684171202,0.089909845264915647,0.70476826498003009,0.095454545454545459
zone7,R10,ramp,NO_G,3.3450419749096731,1.7382909163878133,1.6067510585218578,0.66833308777684008,0.48797133664866277,0.084816260817579314,0.54823659089678645,0.10236960601737818,0.0085848399236106692,0.093784766093767499,0.70933920988067056,0.11363636363636363
zone7,R10,ramp,NO_RWG,3.3236054794454502,1.6710109249585292,1.6525945544869198,0.65597866003753347,0.46907246265167296,0.10810243067768237,0.56130771102987509,0.10787896895104417,0.010840881419861037,0.09703808753118312,0.72223929843499934,0.18636363636363637
zone7,R10,ramp,NO_SCREEN,3.3404861975626652,1.6989503225479956,1.6415358750146682,0.6594509695815628,0.47692060804197239,0.10389873341134093,0.53282822744833636,0.10062805788155643,0.010546166582244342,0.090081891299312086,0.71312275185178864,0.16818181818181818
zone7,R10,ramp,OUTCOME_ORACLE,2.789084569078776,1.5176155642629987,1.2714690048157768,0.68384793116249309,0.42598387818663619,0.0083231889141074343,0.69490644541884061,0.1180403528029427,0.00094416655495558146,0.11709618624798711,0.56977404609830773,0.036363636363636362
zone7,R10,ramp,STATE_ORACLE,3.2826712958722286,1.6613061015259547,1.6213651943462737,0.65504464770474424,0.46634638865375871,0.10968271730018654,0.5442659206483107,0.10317607070340641,0.010484245679334384,0.092691825024072041,0.70704705856122918,0.20000000000000001
zone7,R10,ramp,WIDTH_ONLY,3.9516603523391232,1.2227904691520628,2.7288698831870613,0.48647050475900633,0.34316784023412578,0.48811430303884862,0.051804934120604357,0.078711518611403242,0.069793769165421377,0.0089177494459818547,0.73548608239676305,0.91363636363636369
zone7,R10,ramp,WIDTH_SAME_SCREEN,3.6991627675064707,1.4582504467158748,2.2409123207905957,0.56902985546715701,0.40930828337002795,0.24848272923390077,0.10848622473059862,0.051651717596523268,0.033429378044204552,0.018222339552318684,0.70379902171887321,0.41363636363636364
zone7,R20,ordinary,CLARA,3.9242990387926082,1.3681713670159268,2.5561276717766801,0.69333880271610493,0.38394027720696394,0.029118764477355667,0.64882196328794572,0.11563739388262811,0.0026109320861643884,0.11302646179646372,0.54348698353675573,0
zone7,R20,ordinary,FEASIBLE_STATE_ORACLE,3.8149192384832284,1.3836227577312012,2.4312964807520268,0.7013226870797602,0.38828055549777113,0.02971482711827857,0.66839473805758298,0.1203247937140849,0.002433886250835867,0.11789090746324901,0.53909906589575585,0
zone7,R20,ordinary,FIX_REFERENCE_PRICE,4.0057637145354938,1.2905526864788504,2.7152110280566419,0.67366703714361054,0.3621372770560996,0.060515633194540883,0.5376001512609907,0.099923333575286266,0.0069621538048390379,0.092961179770447197,0.53541165678792912,0
zone7,R20,ordinary,GLOBAL_SCORE_SAME_SCREEN,3.9074111004890435,1.47299031411864,2.4344207863704028,0.70739283698091027,0.41338380167401845,0.0097157834747524357,0.70084095108948663,0.12367938420000298,0.0009017185427010895,0.12277766565730189,0.5566401005884436,0
zone7,R20,ordinary,NO_BACKOFF_EXACT,3.9364825800926546,1.3688971115483342,2.5675854685443205,0.69234899915161763,0.38414413803067388,0.027772251483031508,0.64450104914416917,0.11296753877188367,0.0025084399544397723,0.11045909881744387,0.5429417531028653,0
zone7,R20,ordinary,NO_G,3.9095004182484465,1.3668787211650877,2.5426216970833573,0.69497374662593625,0.38357717443987405,0.035758648622220765,0.65695976076725393,0.11881883597724423,0.0030920402356086462,0.11572679574163557,0.54505979857703879,0
zone7,R20,ordinary,NO_RWG,3.8670757358679997,1.3994075268761694,2.4676682089918289,0.70246205654195937,0.39271447941489701,0.042388624295672549,0.67004929613733721,0.1226791385718858,0.00366208744532382,0.11901705112656194,0.54814933258210963,0
zone7,R20,ordinary,NO_SCREEN,3.9357021454645715,1.354301154612878,2.5814009908516922,0.69092921778472449,0.38004415012745579,0.0404849895327236,0.64351193193655309,0.11554942327769008,0.0036056526677669407,0.11194377060992312,0.54300933885579905,0
zone7,R20,ordinary,OUTCOME_ORACLE,3.2018982979692012,1.2334248115938489,1.9684734863753524,0.74155549528524922,0.34609012118952587,0.0026936763719607117,0.78876343812907035,0.15194244337879032,0.00029642165984837017,0.15164602171894198,0.45018353445015252,0
zone7,R20,ordinary,STATE_ORACLE,3.7930163293608441,1.3710424418496343,2.4219738875112093,0.70116844338125672,0.38474675890182547,0.041834309315983115,0.66527923807276423,0.12084001906886542,0.0031622659340357134,0.11767775313482971,0.53764827786437064,0
zone7,R20,ordinary,WIDTH_ONLY,4.749390413164619,1.0599176758270112,3.6894727373376068,0.5683243746247808,0.29735216170445916,0.36281639647984132,0.092343918210573958,0.066515045662399824,0.051734704098354269,0.014780341564045528,0.54311876173794937,0.39545454545454545
zone7,R20,ordinary,WIDTH_SAME_SCREEN,4.5374028599128993,1.1495129223144309,3.3878899375984677,0.59699251490560246,0.32251936577395918,0.13714622733561732,0.19097080285588827,0.049911303778304252,0.019580669264647969,0.030330634513656262,0.53367043862517205,0.031818181818181815
zone7,R20,overall,CLARA,4.2621017232410878,1.5277253228821468,2.7343764003589408,0.69065068442333277,0.42869380077469293,0.035197450462311486,0.62443523213298202,0.1102177916607978,0.0031996242070968591,0.10701816745370095,0.6002008928714937,0
zone7,R20,overall,FEASIBLE_STATE_ORACLE,4.177279848071934,1.533624077829812,2.6436557702421224,0.69581928330456744,0.4303507544116778,0.034901176689123604,0.64624723500220871,0.11482756476411735,0.0029119643668116687,0.11191560039730568,0.59516296212932673,0
zone7,R20,overall,FIX_REFERENCE_PRICE,4.3644458435266298,1.4303539737968243,2.9340918697298046,0.66541920547341737,0.40134229822263628,0.073139844547823074,0.50836766312493431,0.095237556387055472,0.0084952487373942832,0.086742307649661163,0.59041103508441994,0
zone7,R20,overall,GLOBAL_SCORE_SAME_SCREEN,4.2598479258234478,1.615600295841092,2.6442476299823583,0.70271230891968528,0.45337778194293488,0.012756612120714479,0.68180497522372552,0.11840268181484008,0.0011550139228539576,0.11724766789198612,0.60961630368549447,0
zone7,R20,overall,NO_BACKOFF_EXACT,4.2845811325564389,1.5235645262563742,2.761016606300065,0.68833962812147964,0.42752503767756561,0.033702300494347123,0.61923172756116118,0.10764003892187812,0.0030964106894198935,0.10454362823245823,0.59918235783581886,0
zone7,R20,overall,NO_G,4.244703261447488,1.5316323963600449,2.7130708650874427,0.69303423203004344,0.42979129332466448,0.042610161224618422,0.63490175833345752,0.11369496541284906,0.0037323114862877105,0.10996265392656135,0.60247567164674021,0
zone7,R20,overall,NO_RWG,4.2225440768130698,1.5378142993733925,2.6847297774396766,0.6955345463432302,0.43152778293515531,0.049959115814634143,0.64966050304595591,0.11758240831833046,0.0043565793361550311,0.1132258289821754,0.60399152479010643,0.013636363636363636
zone7,R20,overall,NO_SCREEN,4.266673661132157,1.5143279241374141,2.7523457369947426,0.68843454266795501,0.42493048652055448,0.048201890033989878,0.61931352549251029,0.11032734280058214,0.0043595260240581277,0.105967816776524,0.60102265291805745,0
zone7,R20,overall,OUTCOME_ORACLE,3.4725617310779833,1.348346365345904,2.1242153657320801,0.73219310330570186,0.37830645315215355,0.0037872377488335587,0.77794208393198949,0.14624633082740884,0.00037226090608270633,0.14587406992132615,0.49064345057596415,0
zone7,R20,overall,STATE_ORACLE,4.1527656300961455,1.5163901860777584,2.6363754440183862,0.69454410450041271,0.4255097735824494,0.049232989592956154,0.64221567110789035,0.11535867690764798,0.0038070621543745595,0.11155161475327344,0.593321104519413,0
zone7,R20,overall,WIDTH_ONLY,5.4554955627781156,1.1226370177796365,4.3328585449984764,0.5408949277530557,0.31490495102679733,0.4124232051995077,0.07526115075999662,0.071592945241803291,0.059251113098621057,0.012341832143182246,0.60555851458738785,0.77727272727272723
zone7,R20,overall,WIDTH_SAME_SCREEN,5.0155635308071282,1.2728758677558354,3.7426876630512891,0.59027270517140307,0.35710687517741491,0.16439107662506661,0.16052385230439151,0.049011082336884775,0.02301675224735282,0.025994330089531927,0.59034978303845131,0.072727272727272724
zone7,R20,ramp,CLARA,4.957498149433599,1.7802651946980508,3.1772329547355458,0.6753835939151972,0.49976186426389807,0.044373630788389885,0.59132694872871328,0.10290340908645408,0.0039647327983529483,0.098938676288101116,0.70928304421346811,0.06363636363636363
zone7,R20,ramp,FEASIBLE_STATE_ORACLE,4.8925121247925452,1.7771516774670624,3.1153604473254815,0.67795043363454188,0.49888728077204753,0.043375485319844226,0.61563241770423283,0.10742598179875067,0.0036245712998367969,0.10380141049891387,0.70317156878217824,0.068181818181818177
zone7,R20,ramp,FIX_REFERENCE_PRICE,5.0775943363096161,1.6637030120655074,3.413891324244108,0.64648836838186285,0.46701967813116091,0.091482074023804497,0.46991429478258939,0.089228512676549257,0.010582196750193267,0.078646315926355986,0.69948698529216957,0.14999999999999999
zone7,R20,ramp,GLOBAL_SCORE_SAME_SCREEN,4.962954757282497,1.8469302750041299,3.1160244822783634,0.6854104163293272,0.5184880104172912,0.015071928739057619,0.6527271791851863,0.11087084556549648,0.0013670625444447864,0.10950378302105168,0.71309244928030213,0.027272727272727271
zone7,R20,ramp,NO_BACKOFF_EXACT,4.9903443822459561,1.769299710160126,3.221044672085827,0.67132461048393355,0.4966816719779642,0.041648843630863734,0.5855702918984701,0.10037821452521813,0.0037795212707982225,0.096598693254419887,0.70829995154323833,0.06363636363636363
zone7,R20,ramp,NO_G,4.9391526483507935,1.7918524588204658,3.1473001895303265,0.67879335235398519,0.5030167137364866,0.053305655295990739,0.60375321641890567,0.10668742991538541,0.0046152121809427101,0.10207221773444267,0.71227764794813242,0.05909090909090909
zone7,R20,ramp,NO_RWG,4.9328842927460803,1.757195989059281,3.175688303686798,0.67432086769063315,0.49328175032042354,0.060837017544307412,0.62001308612064721,0.11057508153421745,0.0053070687486847659,0.10526801278553266,0.72070029733266272,0.12272727272727273
zone7,R20,ramp,NO_SCREEN,4.9564632438101199,1.7650703905483374,3.1913928532617803,0.67293586551097662,0.49549366085105723,0.059781555619460018,0.58625649993845119,0.10326518298975274,0.0053486951956581239,0.097916487794094592,0.71185945178172183,0.077272727272727271
zone7,R20,ramp,OUTCOME_ORACLE,4.0557070248964644,1.5272425508744891,2.5284644740219746,0.70791862104829006,0.42868808790896501,0.0052326117916638515,0.7593595496748794,0.13858155765207766,0.00047943992815487784,0.13810211772392278,0.57116421245510485,0.018181818181818181
zone7,R20,ramp,STATE_ORACLE,4.8592542959188894,1.74844980746706,3.1108044884518273,0.67513112591480084,0.49082495773833917,0.060668561465078055,0.61123854676579659,0.1080896614761796,0.0047121118038224155,0.10337754967235717,0.70101486049650119,0.11363636363636363
zone7,R20,ramp,WIDTH_ONLY,6.6805302355261853,1.2227904691520628,5.4577397663741225,0.48647050475900633,0.34316784023412578,0.48811430303884862,0.051804934120604357,0.078711518611403242,0.069793769165421377,0.0089177494459818547,0.73548608239676305,0.91363636363636369
zone7,R20,ramp,WIDTH_SAME_SCREEN,5.8551478090132543,1.4924236534962494,4.3627241555170047,0.57882678241832919,0.41890749875777361,0.20264013612027543,0.12220892237226889,0.048250186445901143,0.027701680679633963,0.020548505766267156,0.70111831381599865,0.32272727272727275
zone8,R01,ordinary,CLARA,1.4049330351606482,1.2340155214536079,0.17091751370704086,0.61257602439600967,0.34620164054863312,0.16287562862024366,0.21080914875971396,0.055979628195827844,0.023208421623256738,0.03277120657257112,0.55475217325094639,0.050000000000000003
zone8,R01,ordinary,FEASIBLE_STATE_ORACLE,1.388411022641959,1.2149377987690069,0.17347322387295258,0.60841496053826905,0.34084272968217222,0.17214254322828071,0.19543328567908369,0.055177770770405019,0.024397025759106267,0.030780745011298741,0.55536408149909511,0.06363636363636363
zone8,R01,ordinary,FIX_REFERENCE_PRICE,1.5025039942779568,1.3613634755052908,0.1411405187726659,0.67723930679704625,0.38197353775416221,0.05736715454844956,0.54087678569665332,0.099011829327321055,0.0067075619851481088,0.092304267342172952,0.56011310101136025,0.0045454545454545452
zone8,R01,ordinary,GLOBAL_SCORE_SAME_SCREEN,1.4020973742520895,1.2305751914974881,0.17152218275460202,0.61278921123293495,0.34523525572949831,0.16234355016373453,0.21368129026472477,0.056284923398615037,0.023304804447807102,0.032980118950807942,0.55223276538701438,0.054545454545454543
zone8,R01,ordinary,NO_BACKOFF_EXACT,1.4084717997661267,1.2379017490002611,0.17057005076586587,0.61343638740232154,0.34729327749994016,0.15681770360885874,0.21906759388137542,0.056669153412999412,0.022515820261333766,0.034153333151665646,0.55484596386009455,0.050000000000000003
zone8,R01,ordinary,NO_G,1.3945005679549862,1.2217821065893002,0.17271846136568675,0.60833788577566306,0.34276528805865897,0.18092676367886601,0.19188209428587868,0.055458815873964652,0.025616903638889306,0.029841912235075332,0.55431784765257763,0.077272727272727271
zone8,R01,ordinary,NO_RWG,1.3819379054649923,1.2080135763390638,0.17392432912592878,0.60583067267182533,0.33889772338162627,0.25492300929081058,0.17303593197738285,0.062325658596706524,0.036065777027148596,0.026259881569557931,0.55205450868680361,0.077272727272727271
zone8,R01,ordinary,NO_SCREEN,1.3709018888598126,1.1921836558069745,0.17871823305283852,0.59964375305610051,0.33445111649058989,0.28197884551226465,0.16028764400439618,0.065072087572798323,0.040852876182349521,0.024219211390448785,0.55362155512056943,0.081818181818181818
zone8,R01,ordinary,OUTCOME_ORACLE,1.3196099582910972,1.1333931630817848,0.18621679520931242,0.57499642621239089,0.31793693314081756,0.37006049546171454,0.098887681591482729,0.068376384910834059,0.053022067782029975,0.015354317128804081,0.54874289171145219,0.27272727272727271
zone8,R01,ordinary,STATE_ORACLE,1.3527898399776397,1.1716114231655979,0.18117841681204239,0.59443065428655739,0.32867239945649546,0.29944803048105728,0.13903665304858104,0.06407973616481924,0.042952602006617158,0.021127134158202075,0.5571017178838924,0.095454545454545459
zone8,R01,ordinary,WIDTH_ONLY,1.3196099582910972,1.1307676405650393,0.18884231772605814,0.57498836939146603,0.31719942681588897,0.37067231460629108,0.098886766644915608,0.068473557619850273,0.05312571042102214,0.015347847198828129,0.56232645708017237,0.27272727272727271
zone8,R01,ordinary,WIDTH_SAME_SCREEN,1.348179737860534,1.1646196086052953,0.18356012925523915,0.58539528304652033,0.32670840660247791,0.25723799688739729,0.13655294413496336,0.056793158942031179,0.035705913856627636,0.021087245085403536,0.55997964342236251,0.17272727272727273
zone8,R01,overall,CLARA,1.5722479211798643,1.363901770454079,0.20834615072578522,0.58562661335348842,0.38267144373301748,0.20480884849495987,0.17530182000218131,0.056450421238070703,0.028899831004600179,0.027550590233470482,0.64233481133593928,0.1409090909090909
zone8,R01,overall,FEASIBLE_STATE_ORACLE,1.5603535555550059,1.3504645316792818,0.20988902387572378,0.58271567025948223,0.37889693845919803,0.21436587328204193,0.1623511596016958,0.056030134613392499,0.030139718435868719,0.02589041617752379,0.6454824724197411,0.17727272727272728
zone8,R01,overall,FIX_REFERENCE_PRICE,1.7100842902563071,1.5483406484693716,0.16174364178693501,0.6631444839046412,0.43448011733281866,0.072877977489262155,0.50634066826479818,0.093703882445073869,0.0086759398302035801,0.085027942614870233,0.6451237389007366,0.022727272727272728
zone8,R01,overall,GLOBAL_SCORE_SAME_SCREEN,1.5709719780067197,1.3622869729472009,0.2086850050595187,0.58592941156796841,0.38221784892771454,0.204472468272413,0.17890259589918869,0.056806579476073718,0.028925169789554304,0.027881409686519396,0.64207465429090071,0.13636363636363635
zone8,R01,overall,NO_BACKOFF_EXACT,1.5792954719203085,1.3720729505246849,0.20722252139562344,0.58770326420621632,0.38496671903374952,0.19794581203108724,0.18227119333430902,0.056881673415874114,0.02813854541357862,0.028743128002295452,0.64331203825272698,0.13181818181818181
zone8,R01,overall,NO_G,1.5580578083343353,1.3475150556929769,0.2105427526413586,0.58045015333224625,0.37806843396866313,0.22483193180245165,0.15816475427456747,0.056367317307075761,0.031458583789562393,0.024908733517513305,0.64157642217148392,0.20000000000000001
zone8,R01,overall,NO_RWG,1.5218628449767195,1.2994937997024585,0.22236904527426185,0.56595603572830744,0.36457931711739344,0.30884397129044605,0.14389466664473771,0.065360507077546384,0.043322504587943483,0.02203800248960289,0.64867388293144357,0.48181818181818181
zone8,R01,overall,NO_SCREEN,1.5042225822550555,1.274012534895224,0.23021004735983172,0.55718190941777113,0.35742165846367602,0.3453097888174636,0.13086511388489602,0.0701594145893676,0.050264446515480093,0.019894968073887458,0.65151066286771075,0.62272727272727268
zone8,R01,overall,OUTCOME_ORACLE,1.4586540805898052,1.2208662670807977,0.2377878135090076,0.53673834668993647,0.34249293154951166,0.43365850117865584,0.079421249823317983,0.07539942592557819,0.062939222834050429,0.012460203091527783,0.64961075688654479,0.75909090909090904
zone8,R01,overall,STATE_ORACLE,1.4884824417806164,1.2559711190828358,0.23251132269778105,0.55244110698127724,0.35235384503323003,0.36341193779638586,0.113507920028208,0.069756443833337442,0.052399597108658935,0.017356846724678528,0.65638178476691877,0.69090909090909092
zone8,R01,overall,WIDTH_ONLY,1.4586540805898052,1.2179630592052435,0.2406910213845618,0.53659202339571843,0.34167742371929982,0.43432092597849836,0.07942010370450478,0.075543100474935579,0.063088562691351324,0.012454537783584286,0.66612934859725692,0.75909090909090904
zone8,R01,overall,WIDTH_SAME_SCREEN,1.5176689645922075,1.2946908549174974,0.22297810967470999,0.56110897086390399,0.36323017532386542,0.31317144984825679,0.11137199048886696,0.060542031813345019,0.043200444871440098,0.017341586941904935,0.65512793420942028,0.49545454545454548
zone8,R01,ramp,CLARA,1.8456927718413905,1.5825429506308821,0.26314982121050856,0.54742526933272484,0.44422690826058242,0.2557664658020356,0.13225152822422781,0.057057299022335681,0.035652569396024542,0.021404729626311125,0.78354506588245076,0.65000000000000002
zone8,R01,ramp,FEASIBLE_STATE_ORACLE,1.8372113173667826,1.5732552082665057,0.263956109100277,0.54533599552728529,0.44161799186609474,0.26603755074525892,0.12043332354392181,0.056884159181223116,0.036920591757896346,0.019963567423326768,0.78963656958440753,0.69999999999999996
zone8,R01,ramp,FIX_REFERENCE_PRICE,2.0292415812038329,1.8324776069365103,0.19676397426732226,0.63498853962233726,0.51443327239137693,0.090815090298956277,0.46407397599308248,0.086973715622403927,0.010850679318789531,0.076123036303614403,0.78149304429550548,0.18181818181818182
zone8,R01,ramp,GLOBAL_SCORE_SAME_SCREEN,1.8457014546923283,1.5825085119702467,0.2631929427220816,0.5477909652341294,0.44421723447950495,0.25589839428342875,0.13701513784594244,0.057504821059223513,0.035616954248713591,0.021887866810509918,0.78567775491267322,0.65454545454545454
zone8,R01,ramp,NO_BACKOFF_EXACT,1.8542662359173587,1.5925995314704391,0.26166670444691975,0.54966245866062724,0.44705179051888505,0.24731666898901924,0.13843459148786788,0.057261505350892777,0.034743317285117543,0.022518188065775217,0.78513843821664164,0.63181818181818183
zone8,R01,ramp,NO_G,1.8296559754172348,1.5647186605917569,0.264937314825478,0.54252352402310833,0.43922008521588424,0.28069627794863017,0.11673588497120167,0.057612709365367262,0.038656904210651925,0.018955805154715323,0.78347172557738698,0.72272727272727277
zone8,R01,ramp,NO_RWG,1.7341727532019022,1.4334657104797039,0.30070704272219817,0.49804434946662279,0.40235127900463358,0.38819382110287931,0.10981635016897165,0.070902161163719848,0.053845470932173609,0.017056690231546216,0.81135793082948082,0.80000000000000004
zone8,R01,ramp,NO_SCREEN,1.7127270345574233,1.4022393719328636,0.3104876626245599,0.48780676805295436,0.39357983559259963,0.43054739344094239,0.096830454319955739,0.077127603172378753,0.062212671762884537,0.014914931409494197,0.81431145000437211,0.85909090909090913
zone8,R01,ramp,OUTCOME_ORACLE,1.671390443773662,1.3531345637357912,0.31825588003787114,0.47119218722906148,0.37978635014398393,0.52084657688089897,0.053204829367230873,0.083936415838432407,0.075372110097974718,0.008564305740457679,0.81443548113333508,0.90909090909090906
zone8,R01,ramp,STATE_ORACLE,1.6978339359850714,1.3849799225071993,0.31285401347787234,0.48315035023886205,0.38873167564157024,0.4499219698648767,0.081802147436660089,0.077110418498525624,0.064420237686380374,0.012690180812145234,0.82168512289819673,0.88636363636363635
zone8,R01,ramp,WIDTH_ONLY,1.671390443773662,1.3499600058514829,0.32143043792217929,0.4709386819289817,0.37889462040120081,0.52156648647830361,0.053203887304112643,0.084113030906307673,0.075553819360316063,0.0085592115459915928,0.83643127397975703,0.90909090909090906
zone8,R01,ramp,WIDTH_SAME_SCREEN,1.7911406339485827,1.5108207404309979,0.28031989351758441,0.52430845129439096,0.42408022000218837,0.3813369950517031,0.077793550702964009,0.064314779306272121,0.051869871403757824,0.012444907902514268,0.80443018132003841,0.83181818181818179
zone8,R02,ordinary,CLARA,1.5853719486922133,1.2493984666900879,0.33597348200212596,0.61862129026125778,0.35052269258135227,0.13682062463851777,0.23662848769314834,0.056170215693406404,0.019672836912540695,0.036497378780865716,0.55457655069210465,0.036363636363636362
zone8,R02,ordinary,FEASIBLE_STATE_ORACLE,1.5709756221062185,1.2308975781666118,0.34007804393960706,0.61394285680916039,0.34532581378262306,0.14486428285054798,0.21763294272253964,0.054833316063742712,0.020778720916619923,0.034054595147122793,0.55473286135876998,0.050000000000000003
zone8,R02,ordinary,FIX_REFERENCE_PRICE,1.643644513050623,1.3613634755052908,0.28228103754533179,0.67723930679704625,0.38197353775416221,0.05736715454844956,0.54087678569665332,0.099011829327321055,0.0067075619851481088,0.092304267342172952,0.56011310101136025,0.0045454545454545452
zone8,R02,ordinary,GLOBAL_SCORE_SAME_SCREEN,1.5828473689824873,1.2455493801092703,0.33729798887321749,0.61809704812497079,0.3494414884856169,0.13870583638556286,0.23372432851668004,0.056047348448747723,0.020080769819326053,0.03596657862942168,0.55198048811696743,0.036363636363636362
zone8,R02,ordinary,NO_BACKOFF_EXACT,1.5907591372812155,1.2571164528239551,0.33364268445726086,0.62041464509560951,0.35269066621446099,0.13176750357833708,0.24697511704102124,0.057259515851752561,0.01913288791864217,0.038126627933110405,0.55409406643331016,0.036363636363636362
zone8,R02,ordinary,NO_G,1.5694610710668846,1.2251228569751043,0.34433821409178095,0.61080734162879824,0.34370370108837922,0.15381604025892651,0.20286759529406206,0.054076440154920039,0.022178193248447779,0.031898246906472229,0.5545842670681127,0.068181818181818177
zone8,R02,ordinary,NO_RWG,1.5581217741299429,1.2119411966651483,0.34618057746479503,0.6067595322705962,0.34000098751816699,0.24734899997062496,0.17060363857469482,0.061162262119523893,0.034971131943458383,0.026191130176065509,0.55109319885293506,0.077272727272727271
zone8,R02,ordinary,NO_SCREEN,1.5505274096590964,1.1943981705749038,0.35612923908419342,0.60094349975261618,0.33507317120068247,0.27471291800617237,0.16899549767794986,0.06509107976098788,0.039933827490875137,0.025157252270112722,0.55421485801644188,0.081818181818181818
zone8,R02,ordinary,OUTCOME_ORACLE,1.4882262173522485,1.1999204198672344,0.28830579748501411,0.59092262449589239,0.33662436482212371,0.26808159323656106,0.12214588043468073,0.056646008865406147,0.037676171590598641,0.018969837274807503,0.49612361245122427,0.090909090909090912
zone8,R02,ordinary,STATE_ORACLE,1.5338308246976742,1.172605339500391,0.3612254851972837,0.5947117896630395,0.32895158943817887,0.29488583672628016,0.14041101222789482,0.063849597789741933,0.042490495243093895,0.021359102546648037,0.55670777148323691,0.095454545454545459
zone8,R02,ordinary,WIDTH_ONLY,1.5084522760171553,1.1307676405650393,0.37768463545211628,0.57498836939146603,0.31719942681588897,0.37067231460629108,0.098886766644915608,0.068473557619850273,0.05312571042102214,0.015347847198828129,0.56232645708017237,0.27272727272727271
zone8,R02,ordinary,WIDTH_SAME_SCREEN,1.5378983755297737,1.1739518147163888,0.36394656081338522,0.58888767199411451,0.32932981281345913,0.23022565660357389,0.14838233705855516,0.055059439457901586,0.032254990796677104,0.022804448661224466,0.55964970161168626,0.15454545454545454
zone8,R02,overall,CLARA,1.7929910235093498,1.387032447441279,0.40595857606807023,0.59314149968715912,0.3891688249091973,0.17236169483701688,0.19733096160511324,0.055527257044285107,0.024634566439201571,0.030892690605083505,0.64064846963619637,0.090909090909090912
zone8,R02,overall,FEASIBLE_STATE_ORACLE,1.7817841410158521,1.373208112594428,0.40857602842142332,0.58987068408839216,0.3852855847836773,0.18114670847432573,0.18129840024233049,0.054612870825213801,0.025811787723079297,0.028801083102134528,0.64293444303480574,0.10454545454545454
zone8,R02,overall,FIX_REFERENCE_PRICE,1.8718279320432425,1.5483406484693716,0.32348728357387002,0.6631444839046412,0.43448011733281866,0.072877977489262155,0.50634066826479818,0.093703882445073869,0.0086759398302035801,0.085027942614870233,0.6451237389007366,0.022727272727272728
zone8,R02,overall,GLOBAL_SCORE_SAME_SCREEN,1.79126672688081,1.3827071999575857,0.40855952692322361,0.59243999873440045,0.3879538677508565,0.17530265488485849,0.19638460227806556,0.05564075947145268,0.025042544174925175,0.030598215296527492,0.64016662876232622,0.086363636363636365
zone8,R02,overall,NO_BACKOFF_EXACT,1.7994069169408464,1.3960934900616777,0.4033134268791681,0.59518973463087466,0.39171406160032068,0.16734578649376255,0.20592885097389227,0.056354401561513189,0.024094515049341288,0.032259886512171876,0.64157703134583655,0.095454545454545459
zone8,R02,overall,NO_G,1.7775802027541661,1.3644880651690969,0.41309213758506863,0.5864578806695584,0.38283613325970817,0.19223073606792118,0.16848231680380069,0.054057554422847785,0.027210988360494171,0.026846566062353531,0.63893247906529982,0.12727272727272726
zone8,R02,overall,NO_RWG,1.746804129732763,1.3054014981965067,0.4414026315362562,0.56742645921070023,0.36623878298650825,0.29868629371147731,0.14235875405376133,0.063781275498462728,0.041756798854320716,0.022024476644142012,0.64801713182087084,0.45454545454545453
zone8,R02,overall,NO_SCREEN,1.7359230639931844,1.2791580505889015,0.45676501340428288,0.55907332024321021,0.35886702804055182,0.3362008122413086,0.13840976296480659,0.069883143814081297,0.049156877196949,0.020726266617132255,0.65147001669438886,0.59999999999999998
zone8,R02,overall,OUTCOME_ORACLE,1.6732840642444025,1.3177689846922316,0.3555150795521701,0.55753975433920711,0.36971279604710561,0.32097626262890949,0.097591440384466502,0.060112340478933983,0.044744318203975224,0.015368022274958749,0.57029373124892224,0.59999999999999998
zone8,R02,overall,STATE_ORACLE,1.720692398071374,1.2582889555508923,0.46240344252048171,0.55314917232222827,0.35300492269279643,0.35790156234276249,0.11465636341424591,0.069373645275357887,0.051851085170633235,0.017522560104724659,0.65576744666213738,0.68181818181818177
zone8,R02,overall,WIDTH_ONLY,1.6993451019743677,1.2179630592052435,0.48138204276912361,0.53659202339571843,0.34167742371929982,0.43432092597849836,0.07942010370450478,0.075543100474935579,0.063088562691351324,0.012454537783584286,0.66612934859725692,0.75909090909090904
zone8,R02,overall,WIDTH_SAME_SCREEN,1.7504219927759881,1.3114156777153612,0.4390063150606261,0.56652991746506864,0.3679281592558496,0.28179130868023566,0.12086803177037091,0.058062390065721572,0.039239818662927806,0.018822571402793791,0.6529983627468684,0.40000000000000002
zone8,R02,ramp,CLARA,2.1254388169088774,1.6157879168020874,0.50965090010678971,0.55693443954264743,0.45356538190417955,0.21521184434061907,0.15051066841572275,0.054866963766082952,0.030466203147551722,0.024400760618531216,0.77943195878777516,0.5636363636363636
zone8,R02,ramp,FEASIBLE_STATE_ORACLE,2.1166881989351802,1.6055766598638928,0.51111153907128692,0.55460887591102803,0.45069705130356308,0.22530558386082633,0.1362336224181957,0.054262443774533306,0.031705263578240134,0.022557180196293158,0.78406503028993435,0.59999999999999998
zone8,R02,ramp,FIX_REFERENCE_PRICE,2.2260055554711555,1.8324776069365103,0.39352794853464451,0.63498853962233726,0.51443327239137693,0.090815090298956277,0.46407397599308248,0.086973715622403927,0.010850679318789531,0.076123036303614403,0.78149304429550548,0.18181818181818182
zone8,R02,ramp,GLOBAL_SCORE_SAME_SCREEN,2.1243265924383321,1.6114734906187902,0.51285310181954114,0.55621609453093501,0.45235346443696112,0.21944065928764819,0.15172131355526322,0.055223301549368123,0.030868270685771165,0.024355030863596947,0.78092760799625116,0.57272727272727275
zone8,R02,ramp,NO_BACKOFF_EXACT,2.1305170259406463,1.6225382324998965,0.50797879344074925,0.55746177846518397,0.4554615379990698,0.21051304297700407,0.15797945182363254,0.055624431293050669,0.029988833174020735,0.025635598119029924,0.78224039007778401,0.55000000000000004
zone8,R02,ramp,NO_G,2.1132635857551865,1.5997542552026291,0.51350933055255699,0.55339564838531319,0.44906154437624174,0.23975955870185026,0.1265872901248053,0.054077299334039181,0.033247396687971525,0.020829902646067645,0.77627925480807414,0.62272727272727268
zone8,R02,ramp,NO_RWG,2.0377925541855815,1.4409970438024933,0.59679551038308798,0.49995694914271899,0.40446682207283285,0.37566461050361011,0.10876685055016563,0.068897715498127704,0.051849769930383906,0.017047945567743777,0.81080076138078971,0.79090909090909089
zone8,R02,ramp,NO_SCREEN,2.0249599201273343,1.4089235165811917,0.61603640354614253,0.48975746485468208,0.39545740431404008,0.41918722525320923,0.10349173881953191,0.076568674540159698,0.060909688452885448,0.015658986087274233,0.81381531853984523,0.8545454545454545
zone8,R02,ramp,OUTCOME_ORACLE,1.9617858794501002,1.4896775659209696,0.47210831352913074,0.49553121279857737,0.41814112603869708,0.39715261781455563,0.066618478205701201,0.065477493206646614,0.054637271674132126,0.010840221532514495,0.69814438992880201,0.81818181818181823
zone8,R02,ramp,STATE_ORACLE,2.0102960969082249,1.388139764019019,0.62215633288920602,0.48405681771657205,0.38961927157185677,0.44374355078554734,0.082845139854373626,0.076633748521176145,0.063815885838397826,0.012817862682778295,0.82091070406545896,0.88181818181818183
zone8,R02,ramp,WIDTH_ONLY,1.9928208816958413,1.3499600058514829,0.64286087584435858,0.4709386819289817,0.37889462040120081,0.52156648647830361,0.053203887304112643,0.084113030906307673,0.075553819360316063,0.0085592115459915928,0.83643127397975703,0.90909090909090906
zone8,R02,ramp,WIDTH_SAME_SCREEN,2.0867980483642099,1.5386595161341008,0.54813853223010844,0.53268668794454976,0.43190010081766661,0.34233093303053869,0.084564331032965109,0.060782067252302445,0.047148244280993762,0.013633822971308659,0.79926613224240273,0.79545454545454541
zone8,R05P6179775281,ordinary,CLARA,2.154287738273077,1.3613634755052908,0.79292426276778594,0.67723930679704625,0.38197353775416221,0.05736715454844956,0.54087678569665332,0.099011829327321055,0.0067075619851481088,0.092304267342172952,0.56011310101136025,0.0045454545454545452
zone8,R05P6179775281,ordinary,FEASIBLE_STATE_ORACLE,2.1233660725773906,1.3532009630159514,0.77016510956143913,0.6781936642552705,0.37968069716726904,0.057188504537722347,0.54748457064176304,0.099038045233862185,0.0064940963507215685,0.092543948883140617,0.55624195412843458,0
zone8,R05P6179775281,ordinary,FIX_REFERENCE_PRICE,2.154287738273077,1.3613634755052908,0.79292426276778594,0.67723930679704625,0.38197353775416221,0.05736715454844956,0.54087678569665332,0.099011829327321055,0.0067075619851481088,0.092304267342172952,0.56011310101136025,0.0045454545454545452
zone8,R05P6179775281,ordinary,GLOBAL_SCORE_SAME_SCREEN,2.1805592731836207,1.3659833130816681,0.81457596010195199,0.65194363815923118,0.38327124493853798,0.052094450916459235,0.42050199248004383,0.069169359539929656,0.0071724212127120737,0.061996938327217574,0.55330269153834777,0.0090909090909090905
zone8,R05P6179775281,ordinary,NO_BACKOFF_EXACT,2.1585124412514682,1.3682347740866165,0.79027766716485104,0.67794113046060234,0.38390367780509638,0.052832114373160183,0.54210275763807747,0.097570243092424153,0.0062365280516806379,0.091333715040743502,0.55919809863410008,0.0045454545454545452
zone8,R05P6179775281,ordinary,NO_G,2.1401874263268779,1.3426959398043008,0.79749148652257706,0.67511518189301567,0.37672984795051323,0.071450350294639572,0.53186600361661329,0.10036136945364704,0.0083245836244509042,0.092036785829196138,0.5611129164402372,0.013636363636363636
zone8,R05P6179775281,ordinary,NO_RWG,2.1292289410733658,1.352725606687873,0.77650333438549224,0.68006029876777829,0.37954717010882011,0.11018479931878973,0.51880308583982548,0.10475181662662819,0.013788878738858729,0.090962937887769449,0.55906426359292305,0.0090909090909090905
zone8,R05P6179775281,ordinary,NO_SCREEN,2.1395040780376866,1.3299609653184628,0.80954311271922375,0.67089282874041134,0.37315260792640148,0.10179144680460864,0.51688713999979807,0.10119423599200453,0.012462858146605542,0.088731377845398973,0.56086699483645353,0.022727272727272728
zone8,R05P6179775281,ordinary,OUTCOME_ORACLE,1.8822695692169504,1.286317567672528,0.59595200154442152,0.69727775537454928,0.36089322656518386,0.011131154278328699,0.65096285343507199,0.10355805417354128,0.0013583300706600779,0.1021997241028812,0.47615039067484261,0
zone8,R05P6179775281,ordinary,STATE_ORACLE,2.0979604330452015,1.3101764240903828,0.78778400895481837,0.67069832896543713,0.36759515252525538,0.10550085043301936,0.51356706617882031,0.10049612418710367,0.012558717983565592,0.087937406203538057,0.55671393579860362,0.0090909090909090905
zone8,R05P6179775281,ordinary,WIDTH_ONLY,2.191679537902445,1.1307676405650393,1.0609118973374054,0.57498836939146603,0.31719942681588897,0.37067231460629108,0.098886766644915608,0.068473557619850273,0.05312571042102214,0.015347847198828129,0.56232645708017237,0.27272727272727271
zone8,R05P6179775281,ordinary,WIDTH_SAME_SCREEN,2.199391430227061,1.1946260381944414,1.0047653920326192,0.59535172548136917,0.3351371789589796,0.18084553484349478,0.17041049371431735,0.051865207365782998,0.025967727862869903,0.02589747950291308,0.55862130583476799,0.095454545454545459
zone8,R05P6179775281,overall,CLARA,2.4570127933397936,1.5483406484693716,0.90867214487042136,0.6631444839046412,0.43448011733281866,0.072877977489262155,0.50634066826479818,0.093703882445073869,0.0086759398302035801,0.085027942614870233,0.6451237389007366,0.022727272727272728
zone8,R05P6179775281,overall,FEASIBLE_STATE_ORACLE,2.426861244289892,1.5412442033279998,0.88561704096189142,0.66342606026769113,0.4324867338661415,0.072872163156076197,0.51428932653503456,0.093871183078582332,0.0084618357541872777,0.085409347324395007,0.64058102998169208,0.022727272727272728
zone8,R05P6179775281,overall,FIX_REFERENCE_PRICE,2.4570127933397936,1.5483406484693716,0.90867214487042136,0.6631444839046412,0.43448011733281866,0.072877977489262155,0.50634066826479818,0.093703882445073869,0.0086759398302035801,0.085027942614870233,0.6451237389007366,0.022727272727272728
zone8,R05P6179775281,overall,GLOBAL_SCORE_SAME_SCREEN,2.4951256442919223,1.5173385545612594,0.97778708973066264,0.63012489011087436,0.42577166398784372,0.072099668417645937,0.36250158175449032,0.06389851559484451,0.010169221710707407,0.053729293884137115,0.6332970039847835,0.0045454545454545452
zone8,R05P6179775281,overall,NO_BACKOFF_EXACT,2.4622895890981904,1.5519909704619004,0.91029861863628969,0.66284530060117686,0.43550548867903449,0.067469145347518855,0.50692436813019681,0.092326914546440667,0.0081016402908892435,0.084225274255551374,0.64472474160372584,0.013636363636363636
zone8,R05P6179775281,overall,NO_G,2.4421453475892001,1.5338762756165365,0.90826907197266382,0.66096819533282591,0.43041709125056182,0.089611633488224304,0.49959724511515641,0.095526769348620991,0.010620053391236116,0.084906715957384846,0.64381802605742766,0.040909090909090909
zone8,R05P6179775281,overall,NO_RWG,2.4297820328802242,1.5030126935214039,0.92676933935882011,0.65334504288419126,0.42174754571822121,0.13470001340967311,0.48548091502244184,0.10059156519103134,0.0170758178872292,0.08351574730380211,0.65107808501131759,0.1409090909090909
zone8,R05P6179775281,overall,NO_SCREEN,2.4416959722532097,1.5042690719894849,0.93742690026372422,0.65297556761746123,0.42210046101824356,0.12454626411091424,0.48410106976117057,0.097357118162161693,0.015691369705521152,0.081665748456640472,0.65306076873245322,0.1409090909090909
zone8,R05P6179775281,overall,OUTCOME_ORACLE,2.1249433252654679,1.4468754831642723,0.67806784210119453,0.68018025599356768,0.40597866640442043,0.013360925573294253,0.62236078727861999,0.097370439962896682,0.0017070413523184956,0.095663398610578182,0.53794885130646741,0
zone8,R05P6179775281,overall,STATE_ORACLE,2.3984218043411105,1.4859033122516481,0.91251849208946323,0.65196328844831841,0.41694153974357073,0.12907324339570325,0.4836481820086222,0.096882580548209252,0.015789079016472796,0.081093501531736431,0.64705918252425687,0.1409090909090909
zone8,R05P6179775281,overall,WIDTH_ONLY,2.5701598085567148,1.2179630592052435,1.3521967493514711,0.53659202339571843,0.34167742371929982,0.43432092597849836,0.07942010370450478,0.075543100474935579,0.063088562691351324,0.012454537783584286,0.66612934859725692,0.75909090909090904
zone8,R05P6179775281,overall,WIDTH_SAME_SCREEN,2.5404688532049127,1.3433888780734926,1.1970799751314192,0.57633028111329498,0.37690939531150464,0.22590550915011295,0.13901459081041229,0.053529309021554866,0.03202286656164207,0.021506442459912782,0.64887559079504409,0.26818181818181819
zone8,R05P6179775281,ramp,CLARA,2.937893192707985,1.8324776069365103,1.1054155857714734,0.63498853962233726,0.51443327239137693,0.090815090298956277,0.46407397599308248,0.086973715622403927,0.010850679318789531,0.076123036303614403,0.78149304429550548,0.18181818181818182
zone8,R05P6179775281,ramp,FEASIBLE_STATE_ORACLE,2.9053900138149582,1.8307417108063206,1.074648303008636,0.63686228512234666,0.51394566111885209,0.091205300459857849,0.47399269610071326,0.087390952428482424,0.010616821156479352,0.076774131272003068,0.77656069660446925,0.16818181818181818
zone8,R05P6179775281,ramp,FIX_REFERENCE_PRICE,2.937893192707985,1.8324776069365103,1.1054155857714734,0.63498853962233726,0.51443327239137693,0.090815090298956277,0.46407397599308248,0.086973715622403927,0.010850679318789531,0.076123036303614403,0.78149304429550548,0.18181818181818182
zone8,R05P6179775281,ramp,GLOBAL_SCORE_SAME_SCREEN,2.9931991686191877,1.7560397072837139,1.2371594613354728,0.59365877393256639,0.49296195226418693,0.091967306150714509,0.2830060083029029,0.056691951649696287,0.013207474696017796,0.043484476953678471,0.76343010939257705,0.23636363636363636
zone8,R05P6179775281,ramp,NO_BACKOFF_EXACT,2.9432101653575771,1.8296178556053955,1.1135923097521794,0.63282507819791411,0.51362997145567069,0.083173934041529562,0.46393497128364725,0.085458126153504246,0.010030205432877626,0.075427920720626609,0.78158278710211837,0.18636363636363637
zone8,R05P6179775281,ramp,NO_G,2.923278451322195,1.8255906179733048,1.0976878333488893,0.63358998182487158,0.51249872492980231,0.11112310892334683,0.45915830694726734,0.089337303590706268,0.013245322855120475,0.07609198073558579,0.77804112205252618,0.22272727272727272
zone8,R05P6179775281,ramp,NO_RWG,2.9074847929769341,1.7193764137004468,1.1881083792764859,0.60034701554124104,0.48266327429135925,0.16988902102994594,0.44388125952367002,0.095824361679247572,0.021673066530479557,0.074151295148768004,0.80598674554413507,0.36363636363636365
zone8,R05P6179775281,ramp,NO_SCREEN,2.9197545749548444,1.7635481938826163,1.1562063810722265,0.61723419826138615,0.49507107771331688,0.15256582121915288,0.44388219714941507,0.092371954930613148,0.019457997701978282,0.072913957228634835,0.80153411485112991,0.32272727272727275
zone8,R05P6179775281,ramp,OUTCOME_ORACLE,2.5203125816127523,1.6862474973632942,0.8340650842494578,0.64609353347885712,0.47335739891575473,0.015994476053029928,0.58191710378443506,0.089648240373551111,0.0021702948053274203,0.087477945568223692,0.64048386393792034,0.086363636363636365
zone8,R05P6179775281,ramp,STATE_ORACLE,2.8670612204892625,1.7490987383500556,1.1179624821392058,0.61869093495746919,0.4910122418895641,0.15941501052546764,0.44768571551175668,0.092355998976820189,0.019623244508044483,0.072732754468775682,0.79618179971697112,0.32272727272727275
zone8,R05P6179775281,ramp,WIDTH_ONLY,3.1557489829423782,1.3499600058514829,1.8057889770908948,0.4709386819289817,0.37889462040120081,0.52156648647830361,0.053203887304112643,0.084113030906307673,0.075553819360316063,0.0085592115459915928,0.83643127397975703,0.90909090909090906
zone8,R05P6179775281,ramp,WIDTH_SAME_SCREEN,3.0667847121470788,1.5864869552302145,1.4802977569168629,0.54707064583177345,0.44533477472106942,0.27807460201182532,0.098003207234102288,0.054730457651603455,0.038893529934742786,0.015836927716860637,0.79077662174025576,0.69545454545454544
zone8,R10,ordinary,CLARA,2.7632447434464211,1.395959355289736,1.3672853881566847,0.68799894260786254,0.39169148151383792,0.044550804968288921,0.60789102500747483,0.10942353003546841,0.0045135409307839941,0.10490998910468441,0.56335772106198145,0.0045454545454545452
zone8,R10,ordinary,FEASIBLE_STATE_ORACLE,2.7110150296108508,1.404454512153791,1.3065605174570591,0.69463830436046703,0.39407776153183088,0.035879910962234411,0.63470397729237404,0.11385926320708856,0.0033369333421996634,0.11052232986488889,0.56023565193794977,0
zone8,R10,ordinary,FIX_REFERENCE_PRICE,2.7727686632319504,1.3613634755052908,1.4114051877266591,0.67723930679704625,0.38197353775416221,0.05736715454844956,0.54087678569665332,0.099011829327321055,0.0067075619851481088,0.092304267342172952,0.56011310101136025,0.0045454545454545452
zone8,R10,ordinary,GLOBAL_SCORE_SAME_SCREEN,2.8099231346888938,1.5271351992009845,1.282787935487909,0.70775093887771656,0.42853862867991971,0.014799099311269538,0.7099191828713497,0.12342124830266156,0.001144197317695792,0.12227705098496577,0.58141277954404735,0
zone8,R10,ordinary,NO_BACKOFF_EXACT,2.7673604083334835,1.403416137886055,1.3639442704474285,0.68870353647595184,0.39378608336673648,0.040879559848438052,0.60730512270317427,0.10794497923286303,0.0042002973532366773,0.10374468187962636,0.56275235149670666,0.0045454545454545452
zone8,R10,ordinary,NO_G,2.7515717254412815,1.3911965119748604,1.3603752134664209,0.68989367476300201,0.39035360417819864,0.051121535981249619,0.61415110554500429,0.11257384248710552,0.0051040011152997085,0.10746984137180582,0.56548212608710702,0.0090909090909090905
zone8,R10,ordinary,NO_RWG,2.7350694480834892,1.4095083666095605,1.3255610814739278,0.69550906878743646,0.39549738356996833,0.076244546725836915,0.60983914018570606,0.11702037963734863,0.0082905614858630201,0.10872981815148559,0.56565432764739842,0.0090909090909090905
zone8,R10,ordinary,NO_SCREEN,2.7562121762244844,1.3759154992959217,1.3802966769285625,0.68491554809894817,0.38606118488636193,0.065877565334899538,0.59730536180616378,0.11028281061158898,0.0068270216152118996,0.10345578899637708,0.56307221641313532,0.013636363636363636
zone8,R10,ordinary,OUTCOME_ORACLE,2.3439728118325589,1.2944092357472383,1.0495635760853195,0.72496267064583531,0.36316616703560811,0.0055669805177469608,0.75376095935873233,0.13259783377084058,0.00057736395223406786,0.13202046981860652,0.47666292841604918,0
zone8,R10,ordinary,STATE_ORACLE,2.6867596135074581,1.3766633947245257,1.3100962187829315,0.6928152680718247,0.38627126787192462,0.059763220879367134,0.62086570386324336,0.11445685270894587,0.0055467555939524267,0.10891009711499343,0.55885133660781805,0
zone8,R10,ordinary,WIDTH_ONLY,3.0191908178256215,1.1307676405650393,1.8884231772605817,0.57498836939146603,0.31719942681588897,0.37067231460629108,0.098886766644915608,0.068473557619850273,0.05312571042102214,0.015347847198828129,0.56232645708017237,0.27272727272727271
zone8,R10,ordinary,WIDTH_SAME_SCREEN,2.9778962428641376,1.2046746746522545,1.7732215682118821,0.5983817040735997,0.33795982964937654,0.15863024460728836,0.18260669236295451,0.050525145759216281,0.02290435724970389,0.02762078850951237,0.55852958126349073,0.05909090909090909
zone8,R10,overall,CLARA,3.1458908937262033,1.5986581251649528,1.5472327685612517,0.67847566315644148,0.44861424000011646,0.056599011864182279,0.5773531560736247,0.1037847943840943,0.0059540726659119345,0.097830721718182329,0.64831251456419658,0.0090909090909090905
zone8,R10,overall,FEASIBLE_STATE_ORACLE,3.0976257621347689,1.6078248211903727,1.4898009409443962,0.68549481775880483,0.45118915461399878,0.043990819462464609,0.60658490334788606,0.10766519274282725,0.0042751951189943464,0.10338999762383289,0.64271413183778492,0
zone8,R10,overall,FIX_REFERENCE_PRICE,3.165777066338721,1.5483406484693716,1.6174364178693503,0.6631444839046412,0.43448011733281866,0.072877977489262155,0.50634066826479818,0.093703882445073869,0.0086759398302035801,0.085027942614870233,0.6451237389007366,0.022727272727272728
zone8,R10,overall,GLOBAL_SCORE_SAME_SCREEN,3.1803965483865135,1.7193154209449426,1.461081127441572,0.70050877377170873,0.48250673881471928,0.018412660842982022,0.6879773534305863,0.11713075963822538,0.0014785856585396806,0.11565217397968566,0.65858635511196095,0
zone8,R10,overall,NO_BACKOFF_EXACT,3.1538131990301714,1.6015543008424504,1.5522588981877217,0.6778637510705533,0.44942777249379556,0.052058764264724167,0.57696349391145207,0.10238872585799631,0.0055580372868305316,0.096830688571165738,0.64813575997442208,0.0045454545454545452
zone8,R10,overall,NO_G,3.1326776675204786,1.5976106140859372,1.5350670534345423,0.68038393749066284,0.44831999531499978,0.063871107718262432,0.58460505390460216,0.1070308825415161,0.0065789812768005827,0.1004519012647155,0.64939606602950073,0.027272727272727271
zone8,R10,overall,NO_RWG,3.12156048075878,1.5832313213867333,1.538329159372047,0.67769180853383904,0.44428086815230233,0.092882512619781435,0.58176178857466088,0.1119055269430891,0.010416786518608929,0.10148874042448014,0.6544967820516322,0.077272727272727271
zone8,R10,overall,NO_SCREEN,3.140699567125441,1.5761140187124123,1.5645855484130298,0.67439678355936405,0.44228162582805464,0.08149939974003613,0.5678928067025879,0.10522244237000551,0.0087612293048198071,0.096461213065185694,0.65276571599033173,0.05909090909090909
zone8,R10,overall,OUTCOME_ORACLE,2.6494553177446769,1.4580995479810619,1.1913557697636146,0.71115158672646883,0.40913149360014772,0.0064737284816068236,0.73737058911943931,0.12647335297724399,0.00069953301302179394,0.12577381996422221,0.53862181777804419,0
zone8,R10,overall,STATE_ORACLE,3.0748283343426532,1.5758249180425985,1.4990034163000552,0.68123684249972305,0.44220041777473656,0.07256335471086317,0.5935551419734002,0.10881052382438007,0.0069816775227180446,0.101828846301662,0.64318744530741101,0.027272727272727271
zone8,R10,overall,WIDTH_ONLY,3.6248732730508619,1.2179630592052435,2.4069102138456184,0.53659202339571843,0.34167742371929982,0.43432092597849836,0.07942010370450478,0.075543100474935579,0.063088562691351324,0.012454537783584286,0.66612934859725692,0.75909090909090904
zone8,R10,overall,WIDTH_SAME_SCREEN,3.4576575777067937,1.3600232544637969,2.0976343232429975,0.58138919670813116,0.38158197294923041,0.19989531561209831,0.14910294910200295,0.051281490650911012,0.028330210891140867,0.022951279759770123,0.64728389495390248,0.18636363636363637
zone8,R10,ramp,CLARA,3.7656193469431729,1.8997143601112465,1.8659049868319242,0.65495730281597331,0.53332000081124675,0.070169050395281415,0.53848850885529076,0.096315953583014119,0.0074573054046702869,0.088858648178343824,0.78359961818568213,0.13636363636363635
zone8,R10,ramp,FEASIBLE_STATE_ORACLE,3.7179549203238458,1.9107957712163344,1.807159149107509,0.66300592469876696,0.53643275673964241,0.05388705620980222,0.57207130940371587,0.099734140221571788,0.0053083543209183938,0.09442578590065337,0.7755513799404905,0.077272727272727271
zone8,R10,ramp,FIX_REFERENCE_PRICE,3.8001173496097347,1.8324776069365103,1.9676397426732226,0.63498853962233726,0.51443327239137693,0.090815090298956277,0.46407397599308248,0.086973715622403927,0.010850679318789531,0.076123036303614403,0.78149304429550548,0.18181818181818182
zone8,R10,ramp,GLOBAL_SCORE_SAME_SCREEN,3.7836014274730712,2.0087148054054915,1.7748866220675739,0.67934434872440519,0.56393810342198991,0.020978585526712341,0.65762707381693286,0.10873630216346164,0.0017443081598947049,0.10699199400356692,0.78309397889310728,0.022727272727272728
zone8,R10,ramp,NO_BACKOFF_EXACT,3.7771483981780296,1.8960415302364622,1.8811068679415648,0.65276159267931622,0.53228830702619501,0.063311054023904759,0.53820823542236707,0.094785129040791838,0.0068278933666498518,0.087957235674141959,0.78366019890647121,0.12727272727272726
zone8,R10,ramp,NO_G,3.7508619988252021,1.9044374618078022,1.8464245370173977,0.65746030849262938,0.5346467147709536,0.078377453117006307,0.54748944982757686,0.099711632862396232,0.0081443121907501387,0.09156732067164608,0.78416134912900137,0.13636363636363635
zone8,R10,ramp,NO_RWG,3.7474580039844532,1.8366279094850626,1.9108300944993883,0.63954145222280911,0.51559908771400431,0.1157531469713539,0.54475990813375741,0.10530360859231114,0.01312105698653062,0.092182551605780511,0.80282285991730828,0.25
zone8,R10,ramp,NO_SCREEN,3.7624526830093101,1.869637599143875,1.8928150838654323,0.64897046868760355,0.52487147244962551,0.099269582346576582,0.53004529579253867,0.098451939143342881,0.010865415111932054,0.087586524031410817,0.79564042412860714,0.19090909090909092
zone8,R10,ramp,OUTCOME_ORACLE,3.1649422631524531,1.701366683282332,1.4635755798701207,0.6818908446673998,0.47760436125256317,0.0074357189245849989,0.71326971976852349,0.11885012308832263,0.00084606563977944525,0.11800405744854318,0.6410597521257082,0.022727272727272728
zone8,R10,ramp,STATE_ORACLE,3.6913252331590298,1.8678408782323557,1.8234843549266722,0.65558744148965009,0.5243667755643675,0.089259106148643255,0.55984486921490662,0.10158255923881762,0.0086192908729187563,0.092963268365898841,0.78079605847095424,0.14999999999999999
zone8,R10,ramp,WIDTH_ONLY,4.5642643850732769,1.3499600058514829,3.2143043792217934,0.4709386819289817,0.37889462040120081,0.52156648647830361,0.053203887304112643,0.084113030906307673,0.075553819360316063,0.0085592115459915928,0.83643127397975703,0.90909090909090906
zone8,R10,ramp,WIDTH_SAME_SCREEN,4.192927844111547,1.6101821203566513,2.5827457237548939,0.55440656370820596,0.4519907199813043,0.24760849072334745,0.10543548453880314,0.051537590273774969,0.034539014785427063,0.016998575488347881,0.7872265780868708,0.61818181818181817
zone8,R20,ordinary,CLARA,4.101312567844233,1.4348096922867424,2.6665028755574904,0.69636390643471913,0.40260449752423311,0.029454273637835589,0.66074464573509406,0.11552419836075573,0.0025266893661956037,0.11299750899456013,0.56782667319324087,0
zone8,R20,ordinary,FEASIBLE_STATE_ORACLE,4.0055011318183462,1.4463298293733751,2.5591713024449705,0.7031963512911128,0.40584049108789388,0.024079592734674336,0.68513268639822356,0.12030719062135807,0.0019063810617806515,0.11840080955957741,0.56433000314932513,0
zone8,R20,ordinary,FIX_REFERENCE_PRICE,4.1841738509586088,1.3613634755052908,2.8228103754533183,0.67723930679704625,0.38197353775416221,0.05736715454844956,0.54087678569665332,0.099011829327321055,0.0067075619851481088,0.092304267342172952,0.56011310101136025,0.0045454545454545452
zone8,R20,ordinary,GLOBAL_SCORE_SAME_SCREEN,4.0920735916414186,1.5268936595300537,2.5651799321113633,0.70776546835934018,0.428470780457748,0.014654739019546637,0.7096571627623387,0.12338837323694447,0.0011471399752327565,0.12224123326171173,0.58115370194872018,0
zone8,R20,ordinary,NO_BACKOFF_EXACT,4.11265338045808,1.4365023776563586,2.676151002801721,0.69562982428348541,0.40307997094266468,0.028380370131885012,0.65511227574497466,0.11332976789238687,0.002499293689102219,0.11083047420328465,0.56715970095809054,0
zone8,R20,ordinary,NO_G,4.0902475362535,1.4379573029598149,2.6522902332936846,0.69831579300674573,0.40348865782565796,0.032589305931660949,0.6670964120101156,0.11813371739301216,0.0028779074243387342,0.11525580996867343,0.5702294894094494,0.0090909090909090905
zone8,R20,ordinary,NO_RWG,4.0610766621113807,1.4607208763572443,2.600355785754136,0.70294206075105115,0.40988292001594706,0.045571000439240776,0.67145266801183534,0.12202922924014463,0.0042227025606587686,0.11780652667948588,0.57219159157712596,0.0090909090909090905
zone8,R20,ordinary,NO_SCREEN,4.1076563272419708,1.4192717863990902,2.6883845408428808,0.69401544898290946,0.39823991721871271,0.039417615698648947,0.65307715918764042,0.11534916114697209,0.0035373426916240846,0.111811818455348,0.5665328350087474,0.0045454545454545452
zone8,R20,ordinary,OUTCOME_ORACLE,3.3908582339851301,1.2998754872298948,2.0909827467552344,0.74325059465162757,0.36470163093523073,0.0045994233685018003,0.79877870357260861,0.15219321054534241,0.00038318570551151691,0.15181002483983089,0.47755980635787731,0
zone8,R20,ordinary,STATE_ORACLE,3.9729260241541047,1.4278088047390438,2.5451172194150606,0.70332054336058503,0.40063795607825003,0.031983559548019513,0.68084618869304625,0.12073723741074284,0.002465838836519308,0.11827139857422353,0.55954051972005114,0
zone8,R20,ordinary,WIDTH_ONLY,4.9076139950862023,1.1307676405650393,3.7768463545211635,0.57498836939146603,0.31719942681588897,0.37067231460629108,0.098886766644915608,0.068473557619850273,0.05312571042102214,0.015347847198828129,0.56232645708017237,0.27272727272727271
zone8,R20,ordinary,WIDTH_SAME_SCREEN,4.7123200474462061,1.2224141618021238,3.4899058856440832,0.60358458565186157,0.34294283165776679,0.12753514579781494,0.20235846724614936,0.049534419455324726,0.018737588783351026,0.030796830671973686,0.55860895529182852,0.040909090909090909
zone8,R20,overall,CLARA,4.6561974013014451,1.6416205074653365,3.0145768938361095,0.689176553794553,0.46068232491595451,0.036071572879380731,0.63291066145712438,0.10919045838231002,0.0032475879052145727,0.10594287047709545,0.65018387533152344,0
zone8,R20,overall,FEASIBLE_STATE_ORACLE,4.5722635740213127,1.6534733933459846,2.9187901806753289,0.69550543844906199,0.46401178724197945,0.028941681126373152,0.66059023067766587,0.11391742888977417,0.0023821798760424694,0.11153524901373167,0.64557689657856909,0
zone8,R20,overall,FIX_REFERENCE_PRICE,4.7832134842080718,1.5483406484693716,3.2348728357387007,0.6631444839046412,0.43448011733281866,0.072877977489262155,0.50634066826479818,0.093703882445073869,0.0086759398302035801,0.085027942614870233,0.6451237389007366,0.022727272727272728
zone8,R20,overall,GLOBAL_SCORE_SAME_SCREEN,4.6405274716848357,1.7191282569805406,2.9213992147042998,0.70046151498756226,0.48245416466741542,0.018173371502316599,0.68765599503691388,0.11709457119110371,0.0014850301692813667,0.11560954102182232,0.65822095766318323,0
zone8,R20,overall,NO_BACKOFF_EXACT,4.6753030073884032,1.6393644186116887,3.0359385887767143,0.6873193231945891,0.46004859209189608,0.0349897441180511,0.62761946896614285,0.10726847475429442,0.0032156179518392689,0.10405285680245514,0.6500412617932354,0
zone8,R20,overall,NO_G,4.638220587463957,1.6466395301219952,2.9915810573419628,0.69108444592853591,0.46209216274085863,0.040179305424632279,0.64097503186715588,0.11206947282878202,0.0037008620787375313,0.10836861075004449,0.65174185719452427,0
zone8,R20,overall,NO_RWG,4.6211949495079336,1.6510267992899643,2.9701681502179698,0.69200496771404041,0.46332454172062532,0.055438295095515004,0.64757840861396121,0.11621473383136449,0.0053064614525285313,0.11090827237883594,0.65679577449555926,0.022727272727272728
zone8,R20,overall,NO_SCREEN,4.6607661549707284,1.6273964873234157,3.0333696676473139,0.68669941005897417,0.45668681364013408,0.048449999136793154,0.62523063686620839,0.10934749174445232,0.0045732292797313846,0.10477426246472095,0.65194191347036079,0.013636363636363636
zone8,R20,overall,OUTCOME_ORACLE,3.837187666540617,1.4654390312512837,2.3717486352893338,0.73147443311239724,0.41119314620414266,0.0050993438382103918,0.78871598965550938,0.14630242287523212,0.0004534930534299675,0.14584892982180217,0.53981575786014713,0
zone8,R20,overall,STATE_ORACLE,4.5439915075877595,1.6352745027000986,2.9087170048876612,0.694611040791139,0.45889973930774197,0.038128057829931408,0.65685140697462019,0.11443364675853265,0.0030821897230500217,0.11135145703548263,0.64199871995554403,0
zone8,R20,overall,WIDTH_ONLY,6.0317834868964857,1.2179630592052435,4.8138204276912369,0.53659202339571843,0.34167742371929982,0.43432092597849836,0.07942010370450478,0.075543100474935579,0.063088562691351324,0.012454537783584286,0.66612934859725692,0.75909090909090904
zone8,R20,overall,WIDTH_SAME_SCREEN,5.4845788121775971,1.3862382801055555,4.0983405320720374,0.58913206825174702,0.38894574419691541,0.1624192932105599,0.16569446548993141,0.049045755998667298,0.023309181988106418,0.025736574010560839,0.64443852251722,0.077272727272727271
zone8,R20,ramp,CLARA,5.5858202594426727,1.9468422687188804,3.6389779907237894,0.66757953039926998,0.54655817738642487,0.043335186311350256,0.59804476745475121,0.10095453741679369,0.003972278173873663,0.096982259242920019,0.78212722150094716,0.072727272727272724
zone8,R20,ramp,FEASIBLE_STATE_ORACLE,5.5076107207888265,1.9607497013737978,3.5468610194150259,0.67424350496109309,0.55046475959286256,0.034741063450688989,0.62930480364718822,0.10559181170117464,0.0028989752665957739,0.10269283643457885,0.77627384390688892,0.040909090909090909
zone8,R20,ramp,FIX_REFERENCE_PRICE,5.7677570922829569,1.8324776069365103,3.9352794853464452,0.63498853962233726,0.51443327239137693,0.090815090298956277,0.46407397599308248,0.086973715622403927,0.010850679318789531,0.076123036303614403,0.78149304429550548,0.18181818181818182
zone8,R20,ramp,GLOBAL_SCORE_SAME_SCREEN,5.5574745434366601,2.0084199666281468,3.5490545768085084,0.6792339681786953,0.56385528354071335,0.020708117359122598,0.65724872963610992,0.10870203519369333,0.0017545999032275528,0.10694743529046577,0.78272608687785705,0.022727272727272728
zone8,R20,ramp,NO_BACKOFF_EXACT,5.6136308501608259,1.9386153118675145,3.6750155382933083,0.66429661441977994,0.54424723445064793,0.041771289834841782,0.59291859400357649,0.099259302882770004,0.0039092843362220969,0.095350018546547899,0.78219201184957932,0.081818181818181818
zone8,R20,ramp,NO_G,5.5569037427895287,1.9557027593611063,3.6012009834284195,0.67027041707364399,0.54904707925221885,0.04823906110286378,0.608163811439418,0.10405356506101036,0.0044841902370055618,0.099569374824004811,0.78335930817799271,0.072727272727272724
zone8,R20,ramp,NO_RWG,5.5537915001457119,1.9316921607531994,3.6220993393925109,0.66531924533165865,0.54230252908145826,0.067847515430770541,0.616713485744246,0.10856936181719591,0.0065447762851247931,0.10202458553207112,0.79542239621972566,0.1409090909090909
zone8,R20,ramp,NO_SCREEN,5.5897390708229651,1.9328831428605104,3.6568559279624524,0.66499451596388781,0.54263707461721988,0.058136600048672223,0.59009641244526989,0.10140617191846779,0.0055661535697756424,0.095840018348692144,0.78757159244915909,0.095454545454545459
zone8,R20,ramp,OUTCOME_ORACLE,4.623695146783473,1.7110649853281255,2.9126301614553456,0.70503258019751025,0.48032860340025801,0.0054990619199942435,0.77336652828407659,0.13905295535574064,0.00052777194537416254,0.13852518341036649,0.64255895152389209,0.0090909090909090905
zone8,R20,ramp,STATE_ORACLE,5.4765111481595321,1.9401434589301743,3.5363676892293552,0.67275345657912611,0.54467648924353018,0.045301889530454408,0.62648338138597559,0.10625638911032076,0.0037269822208219677,0.10252940688949877,0.77415695977812082,0.05909090909090909
zone8,R20,ramp,WIDTH_ONLY,7.7785687642950707,1.3499600058514829,6.4286087584435867,0.4709386819289817,0.37889462040120081,0.52156648647830361,0.053203887304112643,0.084113030906307673,0.075553819360316063,0.0085592115459915928,0.83643127397975703,0.90909090909090906
zone8,R20,ramp,WIDTH_SAME_SCREEN,6.6721238388400437,1.6456229911658204,5.0265008476742228,0.56491876085953785,0.46194602077039676,0.20304691223567567,0.11864732423965356,0.048083994556997141,0.02863978867826783,0.01944420587872929,0.78122941791920197,0.49090909090909091
zone9,R01,ordinary,CLARA,1.4219159029715553,1.2335429728228373,0.18837293014871798,0.60981173488081863,0.34552755203960889,0.13655346346331604,0.22293879699215577,0.054442613403003971,0.020367165918882463,0.034075447484121515,0.5839504342927665,0.027272727272727271
zone9,R01,ordinary,FEASIBLE_STATE_ORACLE,1.4126423752425756,1.2229260864438249,0.18971628879875063,0.60809112833766643,0.34254528058483019,0.14066231635206314,0.21693865990278643,0.053911974082327493,0.020860666994241751,0.033051307088085742,0.58418288684502773,0.031818181818181815
zone9,R01,ordinary,FIX_REFERENCE_PRICE,1.5309106861859383,1.3777003877439067,0.15321029844203163,0.68079166190588325,0.38602120791631384,0.043541959087362872,0.56649294749528867,0.10180678246074851,0.0049976115975543765,0.096809170863194113,0.58835739531672215,0.0045454545454545452
zone9,R01,ordinary,GLOBAL_SCORE_SAME_SCREEN,1.4160243276065996,1.226772775031163,0.18925155257543672,0.60927628849392623,0.34362581108689139,0.13841102988198373,0.22229969080998216,0.054342883202671437,0.020635873229933356,0.033707009972738074,0.58359627981831519,0.031818181818181815
zone9,R01,ordinary,NO_BACKOFF_EXACT,1.4232484643066021,1.2352236980312905,0.18802476627531151,0.61077984452918677,0.34599966586220815,0.13497392793720811,0.23171982860593487,0.055116698984005744,0.020036318126225802,0.035080380857779946,0.58391825535056308,0.031818181818181815
zone9,R01,ordinary,NO_G,1.4027379034223111,1.2101986245540877,0.19253927886822339,0.6018360374544337,0.3389701508405219,0.15430699208330032,0.19361778665848248,0.052838864856473294,0.022731223792305466,0.030107641064167846,0.58428498990795852,0.05909090909090909
zone9,R01,ordinary,NO_RWG,1.4013686264279896,1.2101150659576849,0.19125356047030484,0.60302647850878766,0.33894667932467853,0.22237655034251111,0.1697862649005161,0.058363985103873313,0.032104914214889806,0.026259070888983511,0.58416810416727039,0.072727272727272724
zone9,R01,ordinary,NO_SCREEN,1.384091420022082,1.1873935952495345,0.19669782477254769,0.595620181734837,0.33256424373250137,0.24934040275474587,0.14598495388828689,0.058629363910030485,0.036387849681871115,0.022241514228159374,0.58541616753638304,0.086363636363636365
zone9,R01,ordinary,OUTCOME_ORACLE,1.3559596543388646,1.1567562026614973,0.19920345167736744,0.58347546425973384,0.32395823457855827,0.30115782356048493,0.11709274078535356,0.061562355372945791,0.043411836874792824,0.018150518498152968,0.5791861895805972,0.22727272727272727
zone9,R01,ordinary,STATE_ORACLE,1.378362060836934,1.1809559543958168,0.19740610644111697,0.59422830666686199,0.33075591764999646,0.25552709486000896,0.13976834310318176,0.05855198412855192,0.037091192544193935,0.021460791584357982,0.58604622223125269,0.095454545454545459
zone9,R01,ordinary,WIDTH_ONLY,1.3559596543388646,1.1530838602174136,0.20287579412145113,0.58344223566574294,0.32292667771224265,0.30191603227705915,0.11709274078535356,0.061632935777421585,0.043485099546633592,0.018147836230788,0.59396544305247334,0.22727272727272727
zone9,R01,ordinary,WIDTH_SAME_SCREEN,1.3846234134847855,1.1875855865196883,0.197037826965097,0.59413577978912546,0.3326181738645671,0.19259320110372805,0.16804168913830908,0.053571139848200618,0.027805876167932338,0.025765263680268272,0.59101992869222342,0.11818181818181818
zone9,R01,overall,CLARA,1.542431783327215,1.3354719951780796,0.20695978814913446,0.5941387013621775,0.37414306083884485,0.16414199972742893,0.19328521666711815,0.053912710068076554,0.023990893479400529,0.029921816588676018,0.63401879877397593,0.06363636363636363
zone9,R01,overall,FEASIBLE_STATE_ORACLE,1.5345946456455157,1.3266486070351386,0.20794603861037633,0.59275327475498307,0.37166458102341204,0.16874029912706079,0.18840656835867572,0.053677629758728071,0.024581287678557481,0.029096342080170569,0.63541396601968192,0.081818181818181818
zone9,R01,overall,FIX_REFERENCE_PRICE,1.67889653041255,1.5179872272913288,0.16090930312122109,0.67277185750196311,0.42541138446616167,0.05369022709492919,0.54019033208190492,0.097440307703994936,0.0062373627423497327,0.09120294496164516,0.63794858474539407,0.0090909090909090905
zone9,R01,overall,GLOBAL_SCORE_SAME_SCREEN,1.5373887124928625,1.3297908780580194,0.20759783443484248,0.59361384018288132,0.37254724142309764,0.16630456011807684,0.19338855999324189,0.0540389298641826,0.024346892635420399,0.029692037228762184,0.63412313685346522,0.068181818181818177
zone9,R01,overall,NO_BACKOFF_EXACT,1.5448925329127006,1.3386834110511128,0.2062091218615871,0.59544131602770423,0.37504514394924732,0.16242185450321245,0.20148037433546762,0.054515183492007104,0.023627458136334666,0.030887725355672427,0.63439288388917614,0.05909090909090909
zone9,R01,overall,NO_G,1.5243195522869433,1.3134903249936354,0.21082922729330719,0.58765663526795375,0.3679684343825404,0.18428648056959201,0.1657582974341372,0.052891332273508472,0.026640510095737605,0.026250822177770885,0.63440972296304055,0.12272727272727273
zone9,R01,overall,NO_RWG,1.496299365460291,1.2774601653227711,0.21883920013751884,0.57452211574919421,0.35784760301432017,0.25447192785823619,0.14423590748709897,0.059175851842218484,0.036538210497038801,0.022637641345179694,0.63810304314255151,0.29545454545454547
zone9,R01,overall,NO_SCREEN,1.4765477975932408,1.2511602565539868,0.22538754103925324,0.5661235572224651,0.35045998819162794,0.28703115337615409,0.12311127545361378,0.060857988493557495,0.041653441240286714,0.019204547253270782,0.63956789648215351,0.40454545454545454
zone9,R01,overall,OUTCOME_ORACLE,1.4497948160253047,1.2213905458676133,0.22840427015769052,0.55512068404671544,0.34209770990893895,0.33837208240308397,0.099101444048536783,0.064694716721745385,0.048974456524029888,0.01572026019771551,0.63590496749889824,0.45454545454545453
zone9,R01,overall,STATE_ORACLE,1.470707769164622,1.244501410016958,0.22620635914766299,0.56465375971152776,0.3485895256812267,0.29307950466695937,0.11794586768990281,0.060937012739895956,0.042401118381288093,0.018535894358607873,0.64192065860387904,0.41363636363636364
zone9,R01,overall,WIDTH_ONLY,1.4497948160253047,1.2179601949746381,0.23183462105066577,0.55504156765874502,0.341134128197429,0.33927126856728984,0.099101444048536783,0.064769652607340758,0.049053070530328771,0.015716582077012004,0.65103981397483268,0.45454545454545453
zone9,R01,overall,WIDTH_SAME_SCREEN,1.5045080991373725,1.287730822574787,0.21677727656258497,0.57859681659700579,0.36073261909634702,0.22567268737417032,0.14448984279871255,0.054828278407734299,0.032221877997024265,0.022606400410709999,0.64338164480379134,0.25454545454545452
zone9,R01,ramp,CLARA,1.7212996352269576,1.486459464143145,0.23484017108381219,0.57136446252160455,0.41676362387415078,0.18957565311365707,0.16549488621949499,0.053416974013669932,0.027162443635798186,0.026254530377871722,0.71453917277617363,0.34999999999999998
zone9,R01,ramp,FEASIBLE_STATE_ORACLE,1.7145074315869007,1.4788893401919707,0.23561809139493006,0.57019043560721716,0.41463718456202314,0.19448153917919295,0.1611200459811736,0.053342373168757749,0.027809217548223932,0.025533155620533786,0.71669382037235219,0.37727272727272726
zone9,R01,ramp,FIX_REFERENCE_PRICE,1.8850066481630248,1.7057395454762503,0.17926710268677418,0.65275508197042686,0.47835915233850623,0.062155369006360851,0.51600947770979089,0.093539489216507968,0.0072982455530748403,0.086241243663433095,0.71598021756867569,0.068181818181818177
zone9,R01,ramp,GLOBAL_SCORE_SAME_SCREEN,1.7168269020556011,1.4814745398412379,0.23535236221436295,0.57076425959206079,0.41536336423878356,0.19183717647040643,0.16598440762053313,0.053669723250959686,0.02756405676724236,0.026105666483717288,0.7150322228612882,0.36363636363636365
zone9,R01,ramp,NO_BACKOFF_EXACT,1.7243369198661631,1.4904747257224438,0.23386219414371906,0.57291004741561913,0.41789150634024591,0.18806397961148616,0.17327923505631287,0.053987763000437658,0.026789182723448497,0.027198580276989133,0.71562748615940674,0.32727272727272727
zone9,R01,ramp,NO_G,1.7027186759048603,1.4644385200657426,0.23828015583911727,0.56620201838547957,0.41057796542544217,0.21095496841926234,0.13914507655923886,0.052760895585242218,0.029985553070488981,0.022775342514753223,0.71507109130008606,0.43636363636363634
zone9,R01,ramp,NO_RWG,1.6283828395921076,1.3664270725845957,0.26195576700751166,0.52816573781068166,0.38304665995320991,0.28530190870989786,0.12011167666985995,0.060104540001344429,0.040619549016007832,0.01948499098533658,0.7257236897309185,0.67272727272727273
zone9,R01,ramp,NO_SCREEN,1.6071182441199425,1.337938074546811,0.26918016957313162,0.51928373242030879,0.37504413241450635,0.32129680160341151,0.10066801102345035,0.062645147793814762,0.046242087150095493,0.016403060643719245,0.72741541089281803,0.73636363636363633
zone9,R01,ramp,OUTCOME_ORACLE,1.5812898196987613,1.3086097350948767,0.27268008460388465,0.50908998359924507,0.3668058348156486,0.37237679615486979,0.079325336722098752,0.066996055139551328,0.053744982633566231,0.013251072505985088,0.72474033529062054,0.76363636363636367
zone9,R01,ramp,STATE_ORACLE,1.6011364719313637,1.3310078879047431,0.27012858402662066,0.51759802484822315,0.37309745077347611,0.32745171692724367,0.09602361493071894,0.062805377099863974,0.047019627054029234,0.015785750045834719,0.73096817397449576,0.75
zone9,R01,ramp,WIDTH_ONLY,1.5812898196987613,1.3053688725935735,0.27592094710518777,0.50897711452875016,0.36589548018045104,0.37337147970711854,0.079325336722098752,0.067075075176836557,0.053828304921412981,0.013246770255423573,0.74134975806802628,0.76818181818181819
zone9,R01,ramp,WIDTH_SAME_SCREEN,1.6817904469500606,1.4355897782199694,0.246200668730091,0.55521699120385626,0.40247438625528131,0.25468549503262949,0.12072422946165515,0.05549124144391511,0.035907131787045854,0.019584109656869238,0.72569718943007411,0.53636363636363638
zone9,R02,ordinary,CLARA,1.6206870810454892,1.2518290970743819,0.36885798397110714,0.61646713302305112,0.35066410379566082,0.10934156561927547,0.25439344648857942,0.054800940737639373,0.016356467934883993,0.038444472802755376,0.5838800974009406,0.018181818181818181
zone9,R02,ordinary,FEASIBLE_STATE_ORACLE,1.6105610165216557,1.2380821476610209,0.37247886886063475,0.61399091884970702,0.34680260115145828,0.11302606293509718,0.24426769754855077,0.054021769663573943,0.016887069468504916,0.037134700195069023,0.5832068509116165,0.022727272727272728
zone9,R02,ordinary,FIX_REFERENCE_PRICE,1.6841209846279699,1.3777003877439067,0.30642059688406326,0.68079166190588325,0.38602120791631384,0.043541959087362872,0.56649294749528867,0.10180678246074851,0.0049976115975543765,0.096809170863194113,0.58835739531672215,0.0045454545454545452
zone9,R02,ordinary,GLOBAL_SCORE_SAME_SCREEN,1.6135120721534315,1.2401406757605915,0.37337139639284006,0.61442346529281244,0.34738083938167469,0.11522957578521224,0.24490137427825379,0.054448738954815688,0.01717605556825047,0.037272683386565218,0.58334812208620235,0.022727272727272728
zone9,R02,ordinary,NO_BACKOFF_EXACT,1.6226610383242623,1.2551283631700754,0.36753267515418692,0.61791540384847432,0.35159086393490052,0.10804564740482153,0.26317592458708189,0.055621637346242363,0.016055383420519671,0.039566253925722689,0.58385870583354937,0.022727272727272728
zone9,R02,ordinary,NO_G,1.5979018601200154,1.2149308272803421,0.38297103283967343,0.60438901114927446,0.34029942126924506,0.13467668524091925,0.21123808685532044,0.052764053604225654,0.020104938758376892,0.032659114845848783,0.58486190377784641,0.054545454545454543
zone9,R02,ordinary,NO_RWG,1.5959454966858813,1.2159635524805572,0.37998194420532416,0.60583194822257669,0.34058951261762016,0.21295253142665868,0.17697659013061248,0.058016797356649885,0.030538967641783179,0.027477829714866706,0.58377698989555427,0.054545454545454543
zone9,R02,ordinary,NO_SCREEN,1.5841964809157063,1.1947218248733191,0.38947465604238696,0.59821161138738721,0.33462273519985669,0.24231898546602126,0.1538385849060728,0.058644762105235303,0.035380355714281587,0.023264406390953722,0.58528245611823115,0.086363636363636365
zone9,R02,ordinary,OUTCOME_ORACLE,1.5307745768422851,1.2251233649875828,0.30565121185470256,0.60386046511739688,0.34316249365891938,0.19362731801143551,0.15787870677445678,0.052298185054395901,0.028029359640373459,0.024268825414022439,0.52007116606403303,0.027272727272727271
zone9,R02,ordinary,STATE_ORACLE,1.57566822410187,1.1822345514510144,0.39343367265085566,0.59500758132498277,0.33111507412617558,0.25008093997596587,0.14379174274387646,0.058427203219421922,0.036421992706907623,0.022005210512514292,0.58571533208553705,0.086363636363636365
zone9,R02,ordinary,WIDTH_ONLY,1.5588354484603157,1.1530838602174136,0.40575158824290225,0.58344223566574294,0.32292667771224265,0.30191603227705915,0.11709274078535356,0.061632935777421585,0.043485099546633592,0.018147836230788,0.59396544305247334,0.22727272727272727
zone9,R02,ordinary,WIDTH_SAME_SCREEN,1.5879504612956408,1.1972737655566832,0.39067669573895764,0.5973782389287281,0.33533957247046448,0.16885507267149627,0.18281231826897776,0.052399152511720511,0.024395727610663241,0.028003424901057269,0.59034090307051645,0.095454545454545459
zone9,R02,overall,CLARA,1.7625337332940627,1.3600584471537271,0.40247528614033434,0.60258763457049891,0.38104936757357721,0.13358030755229738,0.22265435493954927,0.053533778411974493,0.019540424558590674,0.033993353853383777,0.63253566605255351,0.036363636363636362
zone9,R02,overall,FEASIBLE_STATE_ORACLE,1.7541004677818555,1.3499170776764264,0.40418339010542803,0.60089056278381581,0.37820066828220067,0.13802229409144201,0.21413462775817035,0.053032303912104721,0.020156942413112503,0.032875361498992194,0.63312572204948014,0.036363636363636362
zone9,R02,overall,FIX_REFERENCE_PRICE,1.8398058335337715,1.5179872272913288,0.32181860624244218,0.67277185750196311,0.42541138446616167,0.05369022709492919,0.54019033208190492,0.097440307703994936,0.0062373627423497327,0.09120294496164516,0.63794858474539407,0.0090909090909090905
zone9,R02,overall,GLOBAL_SCORE_SAME_SCREEN,1.7568232983706391,1.3500799768097573,0.40674332156088061,0.60067424133931679,0.37824642646572065,0.14061977339235138,0.21455649478297784,0.053501096791455371,0.020498666086230265,0.033002430705225093,0.63270278737504715,0.031818181818181815
zone9,R02,overall,NO_BACKOFF_EXACT,1.7645884030439405,1.3636737134824599,0.40091468956147958,0.60396405436758471,0.38206489182322118,0.1320444995827568,0.23111057602766852,0.054260233286545341,0.019199753252231444,0.035060480034313883,0.6328989883128826,0.036363636363636362
zone9,R02,overall,NO_G,1.7436750219875654,1.3292077383803247,0.41446728360724006,0.59296801804634547,0.37238343814284625,0.16211514978097713,0.18220578129182641,0.052386443325809905,0.02372703869333154,0.028659404632478354,0.63291788476840793,0.081818181818181818
zone9,R02,overall,NO_RWG,1.7182252624770427,1.2836791272017949,0.43454613527524649,0.57724069124306099,0.35959450241854024,0.24421178462579438,0.15123218235300467,0.058585540014663498,0.03484049581392399,0.023745044200739522,0.63728976436731877,0.27272727272727271
zone9,R02,overall,NO_SCREEN,1.7041181856497887,1.2570845835084612,0.44703360214132648,0.56817296971404463,0.35212412497659268,0.2791768080358436,0.13047528593399979,0.060714345074066131,0.040567762274785313,0.020146582799280808,0.63965477957466843,0.38181818181818183
zone9,R02,overall,OUTCOME_ORACLE,1.6517108133990317,1.3081094223701761,0.34360139102885445,0.57717236119529969,0.36645694488156894,0.225534933514553,0.13367576027876632,0.05278193437484343,0.03184429076919678,0.020937643605646653,0.56304358806619925,0.25454545454545452
zone9,R02,overall,STATE_ORACLE,1.6965980842517248,1.2475295191929079,0.44906856505881576,0.56583297887730388,0.34944011814638115,0.28744672983741248,0.12152301366485965,0.060680358713950756,0.041678968603636277,0.019001390110314487,0.64123533249937925,0.39545454545454545
zone9,R02,overall,WIDTH_ONLY,1.6816294370759708,1.2179601949746381,0.46366924210133154,0.55504156765874502,0.341134128197429,0.33927126856728984,0.099101444048536783,0.064769652607340758,0.049053070530328771,0.015716582077012004,0.65103981397483268,0.45454545454545453
zone9,R02,overall,WIDTH_SAME_SCREEN,1.7314924673212551,1.3048532707981053,0.42663919652314863,0.58430368799111743,0.36554229556357126,0.20029266580418911,0.15784068334905554,0.053171499658026034,0.028504473067308741,0.024667026590717268,0.64160536347461372,0.19545454545454546
zone9,R02,ramp,CLARA,1.9746944316432837,1.5203671070998177,0.45432732454346469,0.58215194732037578,0.42628824268220494,0.15575157537520076,0.19346403811610463,0.052460125915575646,0.022357680065065322,0.030102445850510313,0.71040755727771776,0.24090909090909091
zone9,R02,ramp,FEASIBLE_STATE_ORACLE,1.967466013531491,1.5126870864306046,0.45477892710088558,0.58111503231538075,0.42413093350545966,0.16075896697481334,0.1857308680007291,0.052124092083269298,0.023029180815236468,0.029094911268032795,0.71185530448146273,0.26363636363636361
zone9,R02,ramp,FIX_REFERENCE_PRICE,2.0642737508497992,1.7057395454762503,0.35853420537354835,0.65275508197042686,0.47835915233850623,0.062155369006360851,0.51600947770979089,0.093539489216507968,0.0072982455530748403,0.086241243663433095,0.71598021756867569,0.068181818181818177
zone9,R02,ramp,GLOBAL_SCORE_SAME_SCREEN,1.9699032627396866,1.5116794871305899,0.45822377560909594,0.58043667648598796,0.42384789999421957,0.16345299415808073,0.18610892800440079,0.052615420456500549,0.023393491250141497,0.029221929206359028,0.71114319304506002,0.25909090909090909
zone9,R02,ramp,NO_BACKOFF_EXACT,1.9762248203300836,1.5234552626012015,0.45276955772888122,0.58336913334319351,0.42715570209270592,0.15422789712414714,0.20162592207995125,0.053148835714582898,0.022010846532914796,0.031137989181668085,0.71159069002509512,0.22727272727272727
zone9,R02,ramp,NO_G,1.9563423887682057,1.4916447765813265,0.46469761218687822,0.57429791340249603,0.41822017231184211,0.18676235415517284,0.15457133981561835,0.05189173405010946,0.026837254381029244,0.025054479669080216,0.71201291438022818,0.34545454545454546
zone9,R02,ramp,NO_RWG,1.8933229232418283,1.3729677041139874,0.52035521912784,0.53088352867781619,0.3848839160007918,0.27445189243830465,0.12681812479009677,0.059339945749778522,0.038829991811701485,0.020509953938077016,0.72462779842776104,0.65454545454545454
zone9,R02,ramp,NO_SCREEN,1.8778189291021172,1.342934293973769,0.53488463512834783,0.5209148092041328,0.37644756483780922,0.31282496706871132,0.10763750511408567,0.062394424422067829,0.045109631765782227,0.017284792656285582,0.72754213646839039,0.72272727272727277
zone9,R02,ramp,OUTCOME_ORACLE,1.826511842830832,1.4155336674241952,0.41097817540663628,0.53166523657791709,0.39684064726770435,0.25605291211758946,0.11004474520484545,0.05340871430180643,0.035495955156605849,0.017912759145200564,0.63565441258318145,0.62272727272727268
zone9,R02,ramp,STATE_ORACLE,1.8708297640133289,1.3349905590563995,0.53583920495692883,0.51900972880378149,0.37421617862506501,0.32168411936655927,0.099292438821047796,0.062480254337202001,0.046270044359266585,0.016210209977935396,0.73007285703500591,0.73636363636363633
zone9,R02,ramp,WIDTH_ONLY,1.8572107668039495,1.3053688725935735,0.55184189421037555,0.50897711452875016,0.36589548018045104,0.37337147970711854,0.079325336722098752,0.067075075176836557,0.053828304921412981,0.013246770255423573,0.74134975806802628,0.76818181818181819
zone9,R02,ramp,WIDTH_SAME_SCREEN,1.9445902555446248,1.4633180382772131,0.48127221726741082,0.56427299569164979,0.41026322335001264,0.22752370002428468,0.13320741889747145,0.053439508808527388,0.031923269392820218,0.021516239415707156,0.72137424911938386,0.46363636363636362
zone9,R05P6179775281,ordinary,CLARA,2.2384324014631862,1.3777003877439067,0.86073201371927877,0.68079166190588325,0.38602120791631384,0.043541959087362872,0.56649294749528867,0.10180678246074851,0.0049976115975543765,0.096809170863194113,0.58835739531672215,0.0045454545454545452
zone9,R05P6179775281,ordinary,FEASIBLE_STATE_ORACLE,2.206550913286677,1.3765823028048287,0.82996861048184734,0.68473455762137569,0.38570713911320204,0.04467480273070857,0.55942302064862304,0.10201154471830967,0.0051578634709899419,0.096853681247319731,0.5838109880924921,0.0045454545454545452
zone9,R05P6179775281,ordinary,FIX_REFERENCE_PRICE,2.2384324014631862,1.3777003877439067,0.86073201371927877,0.68079166190588325,0.38602120791631384,0.043541959087362872,0.56649294749528867,0.10180678246074851,0.0049976115975543765,0.096809170863194113,0.58835739531672215,0.0045454545454545452
zone9,R05P6179775281,ordinary,GLOBAL_SCORE_SAME_SCREEN,2.2649500072593387,1.3748303571536027,0.8901196501057359,0.65642537926337829,0.38521501954825077,0.032099134793058329,0.46560188344905734,0.070181900860938756,0.0041502984092743481,0.066031602451664395,0.58012902918769305,0.0045454545454545452
zone9,R05P6179775281,ordinary,NO_BACKOFF_EXACT,2.2408783632753297,1.3787498152171005,0.86212854805822903,0.6800304604388786,0.38631599091440189,0.043606694114084972,0.56429170389876504,0.10065150608727137,0.0050072701474760412,0.095644235939795333,0.58792239037227845,0.0045454545454545452
zone9,R05P6179775281,ordinary,NO_G,2.2239136529986561,1.3618728103740079,0.86204084262464786,0.68057027433585737,0.38157525921690388,0.054321474269984231,0.56133064818999667,0.10406393577102603,0.0064363119444604371,0.097627623826565577,0.58770111439610151,0.0090909090909090905
zone9,R05P6179775281,ordinary,NO_RWG,2.2136268414832481,1.3686741157043349,0.84495272577891267,0.68373126662430406,0.38348573824227661,0.081808305397822967,0.53761131188999467,0.10443597367747642,0.0097607367173683981,0.094675236960108017,0.58875889370395418,0.013636363636363636
zone9,R05P6179775281,ordinary,NO_SCREEN,2.2253998911020463,1.3506195563784757,0.87478033472356997,0.67542525135981957,0.37841423281366465,0.075626709354430485,0.53814563796622872,0.10205386740638359,0.0090370894554188015,0.093016777950964788,0.5892547560774869,0.013636363636363636
zone9,R05P6179775281,ordinary,OUTCOME_ORACLE,1.9721882256006094,1.3008030017299836,0.67138522387062538,0.69605864619414537,0.36442081858656011,0.012232362783905885,0.64656488846671811,0.10348470916734816,0.0012232950925108615,0.1022614140748373,0.50446270332336141,0
zone9,R05P6179775281,ordinary,STATE_ORACLE,2.1845289395528353,1.3385052329122691,0.84602370664056548,0.67754119826041037,0.37501133296360656,0.093889824025284896,0.51839206431400842,0.10255200518435406,0.011107497222338451,0.0914445079620156,0.58488480068273263,0.013636363636363636
zone9,R05P6179775281,ordinary,WIDTH_ONLY,2.2928355125851176,1.1530838602174136,1.1397516523677031,0.58344223566574294,0.32292667771224265,0.30191603227705915,0.11709274078535356,0.061632935777421585,0.043485099546633592,0.018147836230788,0.59396544305247334,0.22727272727272727
zone9,R05P6179775281,ordinary,WIDTH_SAME_SCREEN,2.2964801387107161,1.2185141101682908,1.0779660285424246,0.6037491465890702,0.34130596140630931,0.13212342682988937,0.20636025619060083,0.050809160979526612,0.019270306642555132,0.031538854336971463,0.58766979443057565,0.054545454545454543
zone9,R05P6179775281,overall,CLARA,2.4219720762869539,1.5179872272913288,0.90398484899562415,0.67277185750196311,0.42541138446616167,0.05369022709492919,0.54019033208190492,0.097440307703994936,0.0062373627423497327,0.09120294496164516,0.63794858474539407,0.0090909090909090905
zone9,R05P6179775281,overall,FEASIBLE_STATE_ORACLE,2.3967558452507127,1.5087986679039904,0.88795717734672197,0.67257702183856105,0.4228303284584824,0.055330069086880276,0.53335145196353606,0.097499358618112084,0.0064070007343880074,0.091092357883724051,0.63443807952391007,0.0045454545454545452
zone9,R05P6179775281,overall,FIX_REFERENCE_PRICE,2.4219720762869539,1.5179872272913288,0.90398484899562415,0.67277185750196311,0.42541138446616167,0.05369022709492919,0.54019033208190492,0.097440307703994936,0.0062373627423497327,0.09120294496164516,0.63794858474539407,0.0090909090909090905
zone9,R05P6179775281,overall,GLOBAL_SCORE_SAME_SCREEN,2.4582989799333439,1.486965054450373,0.97133392548297037,0.64263957319393161,0.41669729097151131,0.040983619451848662,0.42690570726959298,0.065651458528980508,0.0053341604341419456,0.06031729809483858,0.62554958018022466,0
zone9,R05P6179775281,overall,NO_BACKOFF_EXACT,2.4247411099085747,1.5174918674850912,0.90724924242348226,0.67162023536127824,0.42527223845317358,0.053635792606372648,0.53738998213895439,0.096320092081202582,0.0062470589900424211,0.090073033091160132,0.63797881916591492,0.0090909090909090905
zone9,R05P6179775281,overall,NO_G,2.4106831793450225,1.5053096011754863,0.90537357816953568,0.67182441107354407,0.42185025353474542,0.067449725711240055,0.53621676961226017,0.099989137702017297,0.007992349903237838,0.09199678779877947,0.63716220134914159,0.013636363636363636
zone9,R05P6179775281,overall,NO_RWG,2.3948509291583178,1.4780813477206822,0.91676958143763454,0.66561927805155274,0.41420186773283435,0.096555239803729764,0.51298021093759572,0.10083313507401198,0.011655288237030548,0.089177846836981461,0.63980980777553631,0.040909090909090909
zone9,R05P6179775281,overall,NO_SCREEN,2.4049968794938468,1.4815759874151555,0.92342089207869071,0.66466308039809863,0.41518350809645016,0.089994710170838696,0.51342455299184475,0.098509703331681173,0.010921054167873456,0.087588649163807708,0.64111041503808186,0.054545454545454543
zone9,R05P6179775281,overall,OUTCOME_ORACLE,2.119913219207946,1.412289581001319,0.70762363820662633,0.68223588553929038,0.39572103438469886,0.014900985640285438,0.62311656692757045,0.098202920339926753,0.0015162752037042302,0.096686645136222521,0.54021789732083381,0
zone9,R05P6179775281,overall,STATE_ORACLE,2.3682608481297422,1.4553527029528386,0.91290814517690333,0.66073321888849779,0.40781741695535006,0.11058279010602795,0.49439814730395415,0.099061955381433281,0.013228441422787767,0.08583351395864551,0.6381394586223732,0.081818181818181818
zone9,R05P6179775281,overall,WIDTH_ONLY,2.520401886270514,1.2179601949746381,1.3024416912958747,0.55504156765874502,0.341134128197429,0.33927126856728984,0.099101444048536783,0.064769652607340758,0.049053070530328771,0.015716582077012004,0.65103981397483268,0.45454545454545453
zone9,R05P6179775281,overall,WIDTH_SAME_SCREEN,2.5010407877652927,1.3334979531611233,1.1675428346041685,0.59309745313574858,0.37358855465430646,0.16001523250723818,0.17944405270341063,0.050766157170985635,0.022859195810440856,0.027906961360544744,0.63906088265470529,0.11818181818181818
zone9,R05P6179775281,ramp,CLARA,2.7128580998963305,1.7057395454762503,1.0071185544200796,0.65275508197042686,0.47835915233850623,0.062155369006360851,0.51600947770979089,0.093539489216507968,0.0072982455530748403,0.086241243663433095,0.71598021756867569,0.068181818181818177
zone9,R05P6179775281,ramp,FEASIBLE_STATE_ORACLE,2.6911592098560839,1.6938044127856602,0.99735479707042329,0.65074540157189154,0.47500658697598097,0.064263880607676307,0.50917366898071637,0.093532246880227488,0.0074770184839574932,0.086055228396269987,0.71296272367145097,0.072727272727272724
zone9,R05P6179775281,ramp,FIX_REFERENCE_PRICE,2.7128580998963305,1.7057395454762503,1.0071185544200796,0.65275508197042686,0.47835915233850623,0.062155369006360851,0.51600947770979089,0.093539489216507968,0.0072982455530748403,0.086241243663433095,0.71598021756867569,0.068181818181818177
zone9,R05P6179775281,ramp,GLOBAL_SCORE_SAME_SCREEN,2.7547070395975659,1.6419333398062761,1.1127736997912889,0.61794701265716945,0.46043606085817645,0.047969616352577675,0.39116092677882164,0.061501337167795829,0.0063646006784519715,0.055136736489343849,0.69955452534649276,0.054545454545454543
zone9,R05P6179775281,ramp,NO_BACKOFF_EXACT,2.7162667641152329,1.7019457703933238,1.0143209937219082,0.65034532163553371,0.47729348518038078,0.062226887525597435,0.51264155702497627,0.092459140206043844,0.0073293611461711216,0.085129779059872707,0.71650276303418992,0.072727272727272724
zone9,R05P6179775281,ramp,NO_G,2.7048976106396267,1.6972655215932566,1.0076320890463699,0.65128493111146946,0.47597880855114832,0.078224476112114028,0.51291369185995384,0.096335035200622199,0.0092591591541374748,0.087075876046484715,0.7151564524116143,0.095454545454545459
zone9,R05P6179775281,ramp,NO_RWG,2.6760950591511024,1.6149878863128577,1.0611071728382442,0.62858736561654549,0.45286711324766549,0.10994637891080487,0.48919445537640149,0.097557400771709546,0.013291250083962385,0.084266150687747149,0.7236533364939105,0.25909090909090909
zone9,R05P6179775281,ramp,NO_SCREEN,2.687933257616991,1.652425075754921,1.0355081818620688,0.64049951920492498,0.46338317769768333,0.10210954898560466,0.49002107364093433,0.095243346590587613,0.012488522163180528,0.082754824427407087,0.72330250621020187,0.21818181818181817
zone9,R05P6179775281,ramp,OUTCOME_ORACLE,2.3587874272896681,1.5575240309120868,0.80126339637758071,0.65337319824411577,0.43672558083171886,0.016787909696796315,0.59807672238896625,0.093414076312553551,0.0017907124496920261,0.091623363862861532,0.60051079555160658,0.050000000000000003
zone9,R05P6179775281,ramp,STATE_ORACLE,2.6486494305116737,1.6110893034551008,1.0375601270565724,0.63127644927466531,0.45177200570335191,0.12516432673293679,0.4715448132237815,0.095956926534414594,0.015026214437702575,0.080930712096712029,0.72291877637644097,0.25454545454545452
zone9,R05P6179775281,ramp,WIDTH_ONLY,2.8554865529597975,1.3053688725935735,1.5501176803662238,0.50897711452875016,0.36589548018045104,0.37337147970711854,0.079325336722098752,0.067075075176836557,0.053828304921412981,0.013246770255423573,0.74134975806802628,0.76818181818181819
zone9,R05P6179775281,ramp,WIDTH_SAME_SCREEN,2.8094344035407941,1.5028706319970853,1.3065637715437077,0.57673659121784493,0.42137350248480826,0.18348331430331952,0.15360243653849262,0.050352971065959658,0.025838077000300611,0.024514894065659022,0.71820138184704518,0.33181818181818185
zone9,R10,ordinary,CLARA,2.8979224204033178,1.4201411018712535,1.4777813185320632,0.69429592359625181,0.39794275682848995,0.032025968318441851,0.63817143569715962,0.1133269525317213,0.0030570799564231563,0.11026987257529815,0.5923368725797663,0.0045454545454545452
zone9,R10,ordinary,FEASIBLE_STATE_ORACLE,2.8409833908236877,1.4283104642480946,1.412672926575592,0.70047402421562865,0.40023752154108572,0.031396883395367753,0.64125146797247268,0.11618526009847711,0.0030291871483974701,0.11315607295007965,0.58805245679801976,0.0045454545454545452
zone9,R10,ordinary,FIX_REFERENCE_PRICE,2.909803372164224,1.3777003877439067,1.532102984420316,0.68079166190588325,0.38602120791631384,0.043541959087362872,0.56649294749528867,0.10180678246074851,0.0049976115975543765,0.096809170863194113,0.58835739531672215,0.0045454545454545452
zone9,R10,ordinary,GLOBAL_SCORE_SAME_SCREEN,2.9302555358819724,1.5497497434663718,1.3805057924155997,0.71347381491557627,0.43434967862487195,0.012437177930655671,0.72152113592615441,0.12649697847352054,0.00096688998867940795,0.12553008848484112,0.60652184226201311,0.0045454545454545452
zone9,R10,ordinary,NO_BACKOFF_EXACT,2.9025833393940572,1.419965042458645,1.4826182969354116,0.69324755249899861,0.39789330193730771,0.031401951126246233,0.63552482833179769,0.11214027945007993,0.0030285528446407318,0.1091117266054392,0.59201179316805808,0.0045454545454545452
zone9,R10,ordinary,NO_G,2.8790734712491046,1.4205161287731551,1.4585573424759481,0.69763731260572492,0.3980481014638555,0.033450111376574297,0.64804233012530266,0.11729004013607383,0.0032651888953554825,0.11402485124071834,0.59267326498753892,0.0045454545454545452
zone9,R10,ordinary,NO_RWG,2.863067288478863,1.4287472067322187,1.4343200817466433,0.70072942508097946,0.40036020201415407,0.056542597941145425,0.62764146990309788,0.11808062194438261,0.0057172103565858853,0.11236341158779674,0.59277539639245413,0.0090909090909090905
zone9,R10,ordinary,NO_SCREEN,2.8921072306252666,1.4015496120052309,1.4905576186200342,0.69154660885542996,0.39272042821443859,0.04611732249635167,0.62558437185779059,0.11312828642353411,0.0044869499399469836,0.10864133648358712,0.59298874753951469,0.013636363636363636
zone9,R10,ordinary,OUTCOME_ORACLE,2.4930785298001834,1.3080335712448785,1.185044958555304,0.7204632866123355,0.36645187743905866,0.0074109256844231098,0.73976135474738025,0.12910798976024135,0.00058380268217022311,0.12852418707807114,0.50495507418051333,0
zone9,R10,ordinary,STATE_ORACLE,2.8214585942996817,1.4012660486904056,1.4201925456092745,0.69723090844105662,0.39264077559791455,0.055382466543261413,0.61807751301124969,0.11595526295047023,0.0053394549197902704,0.11061580803067995,0.58638310800057425,0.0090909090909090905
zone9,R10,ordinary,WIDTH_ONLY,3.181841801431927,1.1530838602174136,2.0287579412145114,0.58344223566574294,0.32292667771224265,0.30191603227705915,0.11709274078535356,0.061632935777421585,0.043485099546633592,0.018147836230788,0.59396544305247334,0.22727272727272727
zone9,R10,ordinary,WIDTH_SAME_SCREEN,3.1286897063147125,1.2320011002767699,1.8966886060379409,0.60754201847211986,0.34509444177385967,0.11181959634775732,0.21864331001970785,0.049887947203629761,0.016418029381900852,0.033469917821728895,0.58740037163281744,0.022727272727272728
zone9,R10,overall,CLARA,3.1138590280706775,1.5713167163638968,1.54254231170678,0.68860075706040458,0.44039157802587159,0.039630289052379662,0.61503516659736901,0.10859017940649804,0.003800584713973688,0.10478959469252433,0.64246213562412235,0
zone9,R10,overall,FEASIBLE_STATE_ORACLE,3.0717518788826976,1.570434321103289,1.5013175577794073,0.69160562646327461,0.44014371418862247,0.038217511443667244,0.61948877576560391,0.1113814414123198,0.0036935652554278974,0.10768787615689192,0.63828657145134127,0
zone9,R10,overall,FIX_REFERENCE_PRICE,3.1270802585035407,1.5179872272913288,1.6090930312122109,0.67277185750196311,0.42541138446616167,0.05369022709492919,0.54019033208190492,0.097440307703994936,0.0062373627423497327,0.09120294496164516,0.63794858474539407,0.0090909090909090905
zone9,R10,overall,GLOBAL_SCORE_SAME_SCREEN,3.1512225227765409,1.6878649185922594,1.4633576041842808,0.70665543392144747,0.47312983707878103,0.014724830440587948,0.70522339069046058,0.12176725954149599,0.001195762170178936,0.12057149737131703,0.65276201875623563,0
zone9,R10,overall,NO_BACKOFF_EXACT,3.1188428893384561,1.5697588672287814,1.549084022109674,0.68750449963688487,0.43995397995421004,0.038989556328153624,0.61219066862847171,0.10743551516817483,0.0037737416570168309,0.103661773511158,0.64228387765575667,0
zone9,R10,overall,NO_G,3.1006828018438335,1.5764093638389478,1.5242734380048846,0.69207710521058574,0.44182209697953778,0.042048689722166001,0.62642736122322162,0.11279331620818886,0.0041387819796422746,0.1086545342285466,0.64228334287743882,0.0090909090909090905
zone9,R10,overall,NO_RWG,3.0873640502038038,1.5536845223604876,1.5336795278433151,0.68802913505610219,0.43543871454176836,0.066599884973460352,0.60798520823954416,0.11399320681894386,0.0068699504586474105,0.10712325636029647,0.64336190453029185,0.018181818181818181
zone9,R10,overall,NO_SCREEN,3.1070728234636085,1.5518087457345175,1.5552640777290896,0.68540203755885243,0.43491181099514736,0.055148840684063602,0.60305510476489976,0.10868364528883223,0.0054873917847135965,0.10319625350411862,0.64441425087973325,0.013636363636363636
zone9,R10,overall,OUTCOME_ORACLE,2.6682409743191671,1.4216403433232994,1.2466006309958668,0.70939761649783495,0.39834765301446862,0.0088526021075440615,0.72480420413070623,0.12383120077328601,0.00072093479639261408,0.12311026597689335,0.5407887451879565,0
zone9,R10,overall,STATE_ORACLE,3.0496274560147798,1.5370226611135578,1.5126047949012207,0.68643100928055534,0.43075841643869828,0.065675385802908201,0.5975779375686805,0.11156691552379409,0.0064136791651141795,0.10515323635867992,0.63833414648395814,0.027272727272727271
zone9,R10,overall,WIDTH_ONLY,3.5363064054812985,1.2179601949746381,2.3183462105066575,0.55504156765874502,0.341134128197429,0.33927126856728984,0.099101444048536783,0.064769652607340758,0.049053070530328771,0.015716582077012004,0.65103981397483268,0.45454545454545453
zone9,R10,overall,WIDTH_SAME_SCREEN,3.3958959603892485,1.3500886224152935,2.0458073379739523,0.59795632989662817,0.37824885500660149,0.13706645078594482,0.19009601337183771,0.049243707279923062,0.019640122477807428,0.029603584802115591,0.63767011593041245,0.06363636363636363
zone9,R10,ramp,CLARA,3.4833849485798307,1.7669601481585773,1.716424800421251,0.66907896832472191,0.49555595084477788,0.046097809295759858,0.59306610587132358,0.1043735922041511,0.0044158717827975751,0.099957720421353508,0.72022102162562218,0.036363636363636362
zone9,R10,ramp,FEASIBLE_STATE_ORACLE,3.4489545774422909,1.7622772864758272,1.6866772909664618,0.67061321447446876,0.49424054025973591,0.044173894201744647,0.59924283571163428,0.10717884481917815,0.0042780946710305294,0.10290075014814762,0.7158237485604112,0.022727272727272728
zone9,R10,ramp,FIX_REFERENCE_PRICE,3.4984105723439938,1.7057395454762503,1.7926710268677415,0.65275508197042686,0.47835915233850623,0.062155369006360851,0.51600947770979089,0.093539489216507968,0.0072982455530748403,0.086241243663433095,0.71598021756867569,0.068181818181818177
zone9,R10,ramp,GLOBAL_SCORE_SAME_SCREEN,3.5124108425615348,1.8644066026288317,1.6480042399326975,0.68613347305381689,0.52292855041507424,0.015934159444494743,0.68826060692519508,0.11741737140175545,0.001343575548381675,0.11607379585337378,0.72517329659102803,0.0090909090909090905
zone9,R10,ramp,NO_BACKOFF_EXACT,3.4895132580154042,1.7627848000165374,1.7267284579988644,0.6676135739443152,0.4943831002430813,0.045426166091347003,0.59012193671277646,0.10324035834095498,0.0043892443896018964,0.098851113951353056,0.72014846252319542,0.040909090909090909
zone9,R10,ramp,NO_G,3.4732561561489566,1.7768641572886943,1.6963919988602607,0.67268522290800226,0.49833797588132761,0.048822625437412073,0.60608039068163411,0.10870639578319553,0.0048118774329811761,0.10389451835021435,0.71941425880356047,0.036363636363636362
zone9,R10,ramp,NO_RWG,3.4577036386490327,1.7111528530078204,1.7465507856412106,0.65919204166364698,0.47987974434175629,0.075568600415244089,0.58816868725278126,0.11019568186925756,0.0078033385200333358,0.10239234334922422,0.72542421211558583,0.13636363636363635
zone9,R10,ramp,NO_SCREEN,3.4741197046620336,1.7434431043083818,1.73067660035365,0.6651011667952299,0.48895003965090278,0.062751583848179276,0.58148662095454073,0.10466919392295948,0.0062850989465191853,0.098384094976440281,0.72512048877557478,0.086363636363636365
zone9,R10,ramp,OUTCOME_ORACLE,2.9792330992946838,1.5692146962698044,1.4100184030248786,0.68408197632626011,0.44000947559512266,0.0097470435692015023,0.70713506932743275,0.11899849473501507,0.00083652212222202853,0.11816197261279303,0.60111461200105953,0.018181818181818181
zone9,R10,ramp,STATE_ORACLE,3.4184988906774829,1.7137380344455846,1.7047608562318968,0.66267340344110293,0.48060591890292614,0.074575555789067258,0.57821839886741255,0.10768410474731263,0.0072971037878687946,0.10038700095944383,0.71935819930012446,0.11818181818181818
zone9,R10,ramp,WIDTH_ONLY,4.0645783436454517,1.3053688725935735,2.7592094710518777,0.50897711452875016,0.36589548018045104,0.37337147970711854,0.079325336722098752,0.067075075176836557,0.053828304921412981,0.013246770255423573,0.74134975806802628,0.76818181818181819
zone9,R10,ramp,WIDTH_SAME_SCREEN,3.8082816629550487,1.5220404707295425,2.2862411922255048,0.582232448879761,0.42675828864561088,0.15842665134755027,0.16325036111285665,0.048444118943621994,0.022372887170481134,0.026071231773140836,0.71565368512716321,0.25454545454545452
zone9,R20,ordinary,CLARA,4.3503180917445832,1.4553176788143498,2.8950004129302327,0.7008690659042065,0.40782381776756199,0.022295442194513352,0.67640400803185652,0.11904247052891502,0.0019845932956642719,0.11705787723325076,0.59595713732062461,0.0045454545454545452
zone9,R20,ordinary,FEASIBLE_STATE_ORACLE,4.241164473363555,1.4730634123603557,2.7681010610031977,0.70930830061746686,0.41280857438160856,0.020355018853323009,0.69585559048700829,0.12337026836942261,0.0016638188658240458,0.12170644950359856,0.59197336424247793,0
zone9,R20,ordinary,FIX_REFERENCE_PRICE,4.4419063565845391,1.3777003877439067,3.064205968840632,0.68079166190588325,0.38602120791631384,0.043541959087362872,0.56649294749528867,0.10180678246074851,0.0049976115975543765,0.096809170863194113,0.58835739531672215,0.0045454545454545452
zone9,R20,ordinary,GLOBAL_SCORE_SAME_SCREEN,4.3103611691717729,1.5482111218927777,2.7621500472789933,0.71342906776528681,0.43391748155363763,0.01278629996407483,0.72151736364211005,0.1264915653190915,0.00098310245945304941,0.12550846285963846,0.60611437389913936,0.0045454545454545452
zone9,R20,ordinary,NO_BACKOFF_EXACT,4.3620014326605148,1.4541152683921168,2.9078861642683975,0.69967764647520425,0.40748606203097965,0.021842761152511533,0.67357131876088672,0.11791725044912263,0.0019724769079945996,0.115944773541128,0.59580605791881558,0.0045454545454545452
zone9,R20,ordinary,NO_G,4.3149545091839103,1.4642055173874073,2.8507489917965017,0.70450433833008053,0.41032040163639838,0.022076187760081689,0.68731213801788571,0.12164484886137185,0.0019022234576379395,0.1197426254037339,0.59629521656881201,0.0045454545454545452
zone9,R20,ordinary,NO_RWG,4.2792938406447218,1.4797258581768646,2.7995679824678561,0.70895579488228033,0.41468004792557167,0.034646317019640188,0.68791456058575151,0.1243107247769084,0.0029124074391239886,0.1213983173377844,0.5982356138873629,0.0045454545454545452
zone9,R20,ordinary,NO_SCREEN,4.3560174035865602,1.4416543710027592,2.9143630325837999,0.6988674182191511,0.40398580995531741,0.028662420688526841,0.671329312881769,0.11866173466980022,0.0025283735387197155,0.1161333611310805,0.59560428121121212,0.0090909090909090905
zone9,R20,ordinary,OUTCOME_ORACLE,3.6757991683415954,1.3127337868770599,2.3630653814645339,0.73653043476089985,0.36777216272899727,0.0062711460349852829,0.78292099224489831,0.14662473971458198,0.00042177065467240165,0.14620296905990959,0.50571953937618919,0
zone9,R20,ordinary,STATE_ORACLE,4.2172371083272839,1.4542864733386855,2.7629506349885973,0.70824430271171512,0.40753415330810566,0.029413726953059653,0.68545414335077448,0.12326968492642734,0.0024146460090169321,0.12085503891741041,0.58780388885028756,0
zone9,R20,ordinary,WIDTH_ONLY,5.210599742646437,1.1530838602174136,4.0575158824290227,0.58344223566574294,0.32292667771224265,0.30191603227705915,0.11709274078535356,0.061632935777421585,0.043485099546633592,0.018147836230788,0.59396544305247334,0.22727272727272727
zone9,R20,ordinary,WIDTH_SAME_SCREEN,4.9779178339058632,1.2519178460932741,3.7259999878125876,0.61345722812443726,0.35068903329534962,0.086064221931197379,0.24365096918149726,0.050381990548591264,0.01292330209613927,0.037458688452451983,0.58672666695499254,0.022727272727272728
zone9,R20,overall,CLARA,4.6297360329070969,1.6100711697273959,3.0196648631797007,0.69665809843108584,0.45127766043134881,0.02706820405106776,0.65545590174581481,0.11409880111413351,0.0024483675020510473,0.11165043361208246,0.64416772514650866,0
zone9,R20,overall,FEASIBLE_STATE_ORACLE,4.5559144538662597,1.6208854426679562,2.9350290111983037,0.70193354363350213,0.45431537754948381,0.024646840006591987,0.67744446089715571,0.11853878218727081,0.0020226637267386507,0.11651611846053216,0.64055947837924176,0
zone9,R20,overall,FIX_REFERENCE_PRICE,4.73617328971575,1.5179872272913288,3.2181860624244218,0.67277185750196311,0.42541138446616167,0.05369022709492919,0.54019033208190492,0.097440307703994936,0.0062373627423497327,0.09120294496164516,0.63794858474539407,0.0090909090909090905
zone9,R20,overall,GLOBAL_SCORE_SAME_SCREEN,4.6141716571081579,1.6867285776170469,2.927443079491113,0.706616425871329,0.47281064017563146,0.015069266590818774,0.70507135334838478,0.12174585875504026,0.0012107578637094683,0.12053510089133077,0.65246729177346208,0
zone9,R20,overall,NO_BACKOFF_EXACT,4.641406702346095,1.6083254215301694,3.0330812808159258,0.69558959351161176,0.45078728172426275,0.026454354758273305,0.652523509606032,0.11301040427198525,0.0024362845782451262,0.11057411969374012,0.64404857400017668,0
zone9,R20,overall,NO_G,4.6064804026272261,1.6183642835742287,2.9881161190529979,0.69947676978508833,0.45360718679281886,0.027325661946106767,0.66700998267244038,0.11685382904614665,0.0023873145114204279,0.11446651453472621,0.64538010218128961,0
zone9,R20,overall,NO_RWG,4.5872840209997152,1.6144838630019722,2.9728001579977423,0.70016484144618885,0.45251718101409533,0.040862779577701465,0.67016488983263611,0.11977089742984333,0.0035333127307898382,0.1162375846990535,0.64737552798516007,0
zone9,R20,overall,NO_SCREEN,4.6300586058155968,1.5982513167569206,3.0318072890586754,0.69513232474583642,0.44795747701267608,0.034298446042200045,0.65041418508067894,0.11385328535796967,0.0031012231179766785,0.11075206223999297,0.6454511808200184,0.0045454545454545452
zone9,R20,overall,OUTCOME_ORACLE,3.9117878313723269,1.4278189566577593,2.4839688747145652,0.72730849445712209,0.40008321855785622,0.0072292773982807366,0.77144487151681729,0.14142148684926012,0.00051602769526580084,0.1409054591539943,0.54180063262284583,0
zone9,R20,overall,STATE_ORACLE,4.5314833959421721,1.6010021675975157,2.9304812283446555,0.70014197943004108,0.44873018792295577,0.035143233976226956,0.66762616294292088,0.11851768568876513,0.0029137128777651906,0.11560397281099995,0.63798504408991175,0
zone9,R20,overall,WIDTH_ONLY,5.8546526159879564,1.2179601949746381,4.6366924210133149,0.55504156765874502,0.341134128197429,0.33927126856728984,0.099101444048536783,0.064769652607340758,0.049053070530328771,0.015716582077012004,0.65103981397483268,0.45454545454545453
zone9,R20,overall,WIDTH_SAME_SCREEN,5.3693847768811382,1.3757844047098327,3.9936003721713043,0.60556901527969509,0.38546677138147195,0.10695671127116353,0.21323124107148744,0.048768212027674854,0.015539519735726875,0.033228692291947949,0.63544354481982912,0.027272727272727271
zone9,R20,ramp,CLARA,5.1695086813859934,1.806587423555428,3.3629212578305623,0.67786970457107754,0.50668720797872491,0.031136683421814904,0.63570088076097864,0.10970599559745228,0.0028196975979995816,0.10688629799945269,0.71905529185963846,0.0090909090909090905
zone9,R20,ramp,FEASIBLE_STATE_ORACLE,5.1156083036568463,1.8153716124728116,3.3002366911840322,0.68149243836144568,0.50915467677574289,0.028302313544661069,0.65994184223241403,0.11423326243962367,0.0023266661251550216,0.11190659631446863,0.71595363736347073,0.0090909090909090905
zone9,R20,ramp,FIX_REFERENCE_PRICE,5.2910815992117355,1.7057395454762503,3.585342053735483,0.65275508197042686,0.47835915233850623,0.062155369006360851,0.51600947770979089,0.093539489216507968,0.0072982455530748403,0.086241243663433095,0.71598021756867569,0.068181818181818177
zone9,R20,ramp,GLOBAL_SCORE_SAME_SCREEN,5.1599910217762588,1.8634129764689389,3.296578045307315,0.68608351257105094,0.52264944194319418,0.016279171951550587,0.68806257333413112,0.11739034836254195,0.0013580947754583987,0.11603225358708355,0.72499573547799601,0.0090909090909090905
zone9,R20,ramp,NO_BACKOFF_EXACT,5.183961337817089,1.802997821116368,3.3809635167007173,0.67664132047478809,0.50567889268685406,0.030326376248654242,0.63273812376793981,0.10864316643244272,0.0028077101951434476,0.10583545623729926,0.7189192489400843,0.0090909090909090905
zone9,R20,ramp,NO_G,5.1514198554393644,1.815522604054747,3.335897251384615,0.68036684347848408,0.50919709014145498,0.031540653166328002,0.64767357075091436,0.1125246837908902,0.0027558707422159733,0.10976881304867424,0.72135844611309641,0.0045454545454545452
zone9,R20,ramp,NO_RWG,5.1392462386077638,1.7862879111953796,3.3529583274123831,0.67719064962249043,0.50098509776522804,0.046474299497645734,0.65213870210010971,0.11563385080561785,0.0040301002820555508,0.11160375052356229,0.72576619078622262,0.05909090909090909
zone9,R20,ramp,NO_SCREEN,5.1662050683382041,1.7953021117125822,3.3709029566256192,0.67663905110263534,0.50351717656219508,0.039037025935872174,0.63069892702021058,0.10955865487735707,0.003549112540707511,0.10600954233664954,0.72239557146624456,0.018181818181818181
zone9,R20,ramp,OUTCOME_ORACLE,4.3854269480571579,1.5769676827403338,2.8084592653168232,0.70406110198316141,0.44218728078347369,0.0077688584455845588,0.75807717844079514,0.13666522503686432,0.00059286426078254456,0.13607236077608176,0.60236006480001847,0.0090909090909090905
zone9,R20,ramp,STATE_ORACLE,5.085902203341278,1.7889070302054995,3.2969951731357754,0.67883591268090582,0.50172080535234054,0.040274948405981344,0.65071998583847712,0.11429786560874887,0.0033259175960808989,0.11097194801266796,0.71609458527467262,0.027272727272727271
zone9,R20,ramp,WIDTH_ONLY,6.823787814697333,1.3053688725935735,5.5184189421037555,0.50897711452875016,0.36589548018045104,0.37337147970711854,0.079325336722098752,0.067075075176836557,0.053828304921412981,0.013246770255423573,0.74134975806802628,0.76818181818181819
zone9,R20,ramp,WIDTH_SAME_SCREEN,6.0065387148889764,1.5516310794788983,4.4549076354100761,0.59079558016927269,0.43507025739542987,0.12495243222088305,0.18485352157432899,0.047288550439487313,0.017854811549020199,0.029433738890467083,0.71191366491514252,0.19545454545454546
zone1,ALL,ordinary,CLARA,2.5839395522946598,1.3611920496160983,1.2227475026785608,0.65329894003055156,0.38189604915824571,0.10000610777445855,0.44288355554367004,0.088049462577074508,0.012504557459317805,0.075544905117756675,0.60876763275204027,0.0072727272727272727
zone1,ALL,ordinary,FEASIBLE_STATE_ORACLE,2.5401591914431316,1.3624789821183818,1.1776802093247494,0.65544870227516339,0.38225754705214554,0.10134030792590472,0.45199279662378072,0.089654096723052218,0.012477093873521212,0.07717700284953101,0.60757101023917293,0.015454545454545453
zone1,ALL,ordinary,FIX_REFERENCE_PRICE,2.6401676896122312,1.3882237430954472,1.2519439465167832,0.67238120138276114,0.38948922148390558,0.072014548647820087,0.53174765682820047,0.099662891488684693,0.0079548243966756048,0.091708067092009057,0.60863629340542558,0.0045454545454545452
zone1,ALL,ordinary,GLOBAL_SCORE_SAME_SCREEN,2.588327228683716,1.4021025609317697,1.1862246677519455,0.65474054171514484,0.39338776581995127,0.082584449389555697,0.4520475068626652,0.08560818705185369,0.011029904887327906,0.074578282164525778,0.60936467924732474,0.0072727272727272727
zone1,ALL,ordinary,NO_BACKOFF_EXACT,2.5892089350394323,1.3646984027444993,1.2245105322949321,0.65362719631076205,0.38288097981229086,0.095876166343691088,0.44509750849318958,0.086950334691658665,0.012028242891206711,0.074922091800451923,0.60867507157186085,0.0072727272727272727
zone1,ALL,ordinary,NO_G,2.5716306189858997,1.3465000173925921,1.2251306015933068,0.65000176838475154,0.37776907381456415,0.11580208819502484,0.43132827392342749,0.088763276948356798,0.014481789587374533,0.074281487360982251,0.60979222508261333,0.013636363636363636
zone1,ALL,ordinary,NO_RWG,2.5548709941409746,1.3511263511124361,1.2037446430285379,0.6526045349145756,0.3790686057583405,0.15039176961143919,0.42345378442023501,0.092680849248323122,0.019216358151046508,0.073464491097276596,0.61472960362977114,0.031818181818181815
zone1,ALL,ordinary,NO_SCREEN,2.5702147967435747,1.3306413210771719,1.2395734756664023,0.64554998803331054,0.37331438383832244,0.15896985610100084,0.41261769454843256,0.091586013243437514,0.020923671399780679,0.070662341843656815,0.61355275405166831,0.030909090909090907
zone1,ALL,ordinary,OUTCOME_ORACLE,2.2484713790163497,1.2755789637318891,0.97289241528446024,0.66221740409816654,0.35784742952784965,0.13156032728231823,0.47320017099018685,0.10103672932869116,0.018230921493526193,0.08280580783516496,0.53348898662842337,0.090909090909090912
zone1,ALL,ordinary,STATE_ORACLE,2.5144981118507452,1.3308535283369949,1.1836445835137499,0.64749951952565377,0.37337399261917159,0.16671779045474339,0.41535557129638878,0.092890618964692792,0.021517640094561197,0.071372978870131568,0.61152958315583039,0.04818181818181818
zone1,ALL,ordinary,WIDTH_ONLY,2.8256409637746982,1.1537784415451811,1.6718625222295167,0.56780618862485455,0.32363379970012268,0.37284481426916932,0.090230950212643393,0.067136546891833251,0.052681818659836455,0.014454728231996783,0.62524198480403992,0.39090909090909093
zone1,ALL,ordinary,WIDTH_SAME_SCREEN,2.771658431889493,1.2167266821950005,1.5549317496944919,0.58759883556387627,0.34131588977029681,0.20818518994657981,0.15920220929232981,0.053327883125225836,0.028296118479351214,0.025031764645874605,0.6122192080393043,0.12272727272727273
zone1,ALL,overall,CLARA,2.7883195341022229,1.5088920222566469,1.2794275118455758,0.64330180141777693,0.42307024348960864,0.11366506157498799,0.41447248080563676,0.084074586437515517,0.014370080109989469,0.069704506327526033,0.65756403078132009,0.038181818181818185
zone1,ALL,overall,FEASIBLE_STATE_ORACLE,2.7516304260516189,1.509640214318388,1.24199021173323,0.64513594612110803,0.4232804097990866,0.11491956160439895,0.4257077298308678,0.085857010633927214,0.014291570900879574,0.071565439733047631,0.65605195969257779,0.049090909090909088
zone1,ALL,overall,FIX_REFERENCE_PRICE,2.8606867629067296,1.5455634089467776,1.3151233539599512,0.66392358746118985,0.43337119480706104,0.080785916193575905,0.50321839898768128,0.094319037892019161,0.0091567887185118463,0.085162249173507287,0.65670507686766011,0.018181818181818181
zone1,ALL,overall,GLOBAL_SCORE_SAME_SCREEN,2.7962404810061807,1.5409124783067631,1.2553280026994176,0.64397513018436736,0.4320647536160454,0.095186291677350293,0.4238057487543353,0.0817706921900508,0.012783708346461461,0.068986983843589325,0.6571300023514699,0.036363636363636362
zone1,ALL,overall,NO_BACKOFF_EXACT,2.7954252801474948,1.5100699403483853,1.2853553397991093,0.64320427991843443,0.42340111935807434,0.10932241741811848,0.41598370643815008,0.08291853138947812,0.013848827225505548,0.06906970416397254,0.65706510431147191,0.033636363636363638
zone1,ALL,overall,NO_G,2.7726544862164451,1.4952342985700133,1.2774201876464315,0.64003886723098291,0.41923380425179024,0.13182336726578398,0.40436104274015638,0.085334938209760597,0.016588152526775403,0.068746785682985187,0.65841984525694663,0.06363636363636363
zone1,ALL,overall,NO_RWG,2.7511097658378727,1.472015719262159,1.2790940465757132,0.63429769112619805,0.41271173141250539,0.16853573870983066,0.39807804203631025,0.08972598044289716,0.021729748228951788,0.067996232213945351,0.66288984922724326,0.20090909090909093
zone1,ALL,overall,NO_SCREEN,2.761814849893923,1.4597292037761089,1.3020856461178139,0.62938940110466912,0.40926046301754743,0.17967319356359934,0.38601169658908996,0.08920514500697925,0.024028943804653872,0.06517620120232534,0.66340311715759437,0.22727272727272729
zone1,ALL,overall,OUTCOME_ORACLE,2.4152711497893122,1.3904143736579684,1.0248567761313425,0.64529808422096524,0.38979000511919376,0.14663173311536409,0.45547451692226443,0.098587050930297543,0.02053650960983161,0.078050541320465919,0.57629463579712126,0.22363636363636363
zone1,ALL,overall,STATE_ORACLE,2.7130049686996989,1.4540959138572456,1.2589090548424529,0.62981404789667739,0.40767807820887791,0.18714582038207256,0.39197269548099645,0.090738853356009841,0.024513259879124841,0.066225593476884975,0.66062735625972446,0.26363636363636361
zone1,ALL,overall,WIDTH_ONLY,3.1356966526985439,1.2328592259366946,1.9028374267618484,0.54120407128093728,0.34553294115254352,0.41314633534072776,0.072009048991481264,0.071172062829811325,0.059311609826497656,0.011860453003313644,0.6766392629098934,0.69090909090909092
zone1,ALL,overall,WIDTH_SAME_SCREEN,3.0211592516075787,1.3452606742231563,1.6758985773844213,0.576990079083887,0.37710638168244864,0.23718308408983116,0.13076884325862348,0.053488395285537296,0.032374146493560477,0.021114248791976827,0.66198744998824421,0.24090909090909091
zone1,ALL,ramp,CLARA,3.16683693381531,1.754759806050449,1.4120771277648592,0.62824526534596015,0.49192834989105449,0.13188770844453004,0.37887221134222532,0.079522514497357699,0.016925497697713617,0.062597016799644065,0.74604750814344012,0.20727272727272728
zone1,ALL,ramp,FEASIBLE_STATE_ORACLE,3.1332869623966992,1.7524194376187723,1.3808675247779256,0.62885317516083394,0.49127094302822394,0.13268273094612976,0.39150799459680863,0.081319008350589181,0.016751185554542438,0.064567822796046739,0.74300349563963652,0.21818181818181817
zone1,ALL,ramp,FIX_REFERENCE_PRICE,3.2525801503056058,1.8041541031888104,1.4484260471167949,0.64951529815421671,0.50580315245800989,0.091761428929543642,0.46581174454061702,0.087824411479388062,0.010756107245257183,0.077068304234130872,0.74464431095173389,0.10000000000000001
zone1,ALL,ramp,GLOBAL_SCORE_SAME_SCREEN,3.1763415413357405,1.7725547406603162,1.4037868006754217,0.62728067573659174,0.49692692702865771,0.11087468030247591,0.38644919478173256,0.077094018439298792,0.015049034850858354,0.062044983588440419,0.74400781054816123,0.19363636363636363
zone1,ALL,ramp,NO_BACKOFF_EXACT,3.1742847429707099,1.7520083807608304,1.4222763622098784,0.62714931546532893,0.49115547761868977,0.12663387440251456,0.37980566768055091,0.07823423863167743,0.016288431003241864,0.061945807628435559,0.74529968119944856,0.19818181818181818
zone1,ALL,ramp,NO_G,3.1464292630359045,1.7424209604511454,1.4040083025847578,0.62576672819890655,0.4884623820260815,0.15255550908881069,0.37061240803453244,0.081295994726492252,0.019384056208075762,0.061911938518416476,0.74651009712116922,0.21545454545454548
zone1,ALL,ramp,NO_RWG,3.102190822809789,1.6570409990732167,1.4451498237365712,0.5996291797235096,0.46447924680756225,0.19295157174937402,0.36630997756629025,0.08659734958655374,0.025283349044727309,0.061314000541826418,0.75462262778794942,0.37363636363636366
zone1,ALL,ramp,NO_SCREEN,3.1127938641048778,1.6644650880112475,1.448328776093629,0.59993636759083213,0.46656466504858207,0.20557946199901359,0.35366784618098646,0.086544966918811181,0.027996804742290115,0.058548162176521056,0.75502524895706113,0.38818181818181818
zone1,ALL,ramp,OUTCOME_ORACLE,2.7230781401156392,1.5672813240277523,1.1557968160878864,0.61192765035596541,0.43926585494085879,0.16690234687216909,0.42913963672271666,0.095390463628474254,0.02365025094431954,0.071740212684154717,0.65370686554725121,0.31818181818181818
zone1,ALL,ramp,STATE_ORACLE,3.0612877557374594,1.6441504187605915,1.4171373369768665,0.5967095817234096,0.46085829728154398,0.21276551833700105,0.3619670765384132,0.088144355761486978,0.028367911537845864,0.059776444223641104,0.75073193057780296,0.40636363636363637
zone1,ALL,ramp,WIDTH_ONLY,3.6438678839968319,1.3589330807166766,2.284934803280156,0.49331897641776451,0.38074106749392722,0.46610961081980085,0.04779623382930679,0.075965475661069273,0.067687151977025614,0.0082783236840436453,0.77315802602189909,0.81818181818181812
zone1,ALL,ramp,WIDTH_SAME_SCREEN,3.4375772005573522,1.5717751874422841,1.8658020131150674,0.56557118691090769,0.4405281761247159,0.27302826959198362,0.095485103166802407,0.053748003639215169,0.037599755889237495,0.016148247749977657,0.75089767183717093,0.48909090909090908
zone10,ALL,ordinary,CLARA,3.0533735200189391,1.6676302545312101,1.3857432654877289,0.65034590250259172,0.46788510162309127,0.092981037946874262,0.43196199737858726,0.07903615366078362,0.011183761646219325,0.067852392014564278,0.7124030333939656,0.029999999999999999
zone10,ALL,ordinary,FEASIBLE_STATE_ORACLE,3.0051605593711779,1.6686392202208631,1.3365213391503146,0.65194207831592088,0.46816851895164546,0.093304581883357524,0.43435098456700133,0.080596968229748156,0.011268790622634788,0.069328177607113364,0.70887100130689296,0.043636363636363633
zone10,ALL,ordinary,FIX_REFERENCE_PRICE,3.1172911891999324,1.6979104797843116,1.4193807094156203,0.66699368476472143,0.47639078287396253,0.064897693980154825,0.52701022624339655,0.088623833440110059,0.006736794666745172,0.081887038773364881,0.71001055508414279,0.0090909090909090905
zone10,ALL,ordinary,GLOBAL_SCORE_SAME_SCREEN,3.0486687911171915,1.696119946156126,1.3525488449610654,0.65091583416618837,0.47588782398964097,0.080848106598512534,0.43193835588006529,0.077117695833338648,0.010415799638519619,0.066701896194819033,0.70923399799466769,0.029999999999999999
zone10,ALL,ordinary,NO_BACKOFF_EXACT,3.06339206475212,1.6695676507993398,1.3938244139527804,0.65031611088017238,0.46842931405795918,0.092647584254947415,0.42796456690144724,0.078150475819802362,0.011162292314429421,0.066988183505372931,0.71294134356857841,0.024545454545454544
zone10,ALL,ordinary,NO_G,3.0423585988904467,1.6556262086245135,1.3867323902659332,0.64710677659011717,0.46451317861559227,0.10100591585737699,0.42144490228229037,0.079364826253101928,0.01235440015810926,0.067010426094992664,0.71363840025469072,0.078181818181818172
zone10,ALL,ordinary,NO_RWG,3.0251089365088366,1.6568069973996031,1.3683019391092335,0.6477311234105263,0.46484486085578591,0.14948523319386514,0.39781631138530521,0.082363836786720296,0.018214811031446058,0.06414902575527423,0.7172127703261193,0.079999999999999988
zone10,ALL,ordinary,NO_SCREEN,3.044704923675277,1.6435930572794935,1.4011118663957833,0.64320025035835682,0.46113307992317082,0.14325726917101206,0.39397991714056191,0.080353031014344461,0.018053415345052705,0.062299615669291743,0.71721050547280529,0.099090909090909091
zone10,ALL,ordinary,OUTCOME_ORACLE,2.7236169946152389,1.589994307362643,1.1336226872525956,0.65926710515707443,0.44607725129484183,0.11488529223545155,0.45664797881593022,0.08914443306312915,0.01561791757367903,0.073526515489450106,0.63602546604949617,0.090909090909090912
zone10,ALL,ordinary,STATE_ORACLE,2.9852241690372296,1.6435705654732558,1.3416536035639737,0.64493606584662011,0.4611267620000703,0.15643816201849262,0.39042711804179814,0.082490443222315718,0.019436542722692358,0.063053900499623339,0.70948245610708582,0.11272727272727272
zone10,ALL,ordinary,WIDTH_ONLY,3.3353717685782369,1.4608320855737138,1.8745396830045233,0.57237083987485549,0.40979572832042355,0.33815455249565091,0.07163666967583654,0.058859485351391384,0.046248222899205958,0.012611262452185416,0.72806631524550847,0.34999999999999998
zone10,ALL,ordinary,WIDTH_SAME_SCREEN,3.2788356974408699,1.5157168171448669,1.7631188802960032,0.59020218099371635,0.42521278775052285,0.1759750063678914,0.1543458516310352,0.048823883273497334,0.023759458351502689,0.025064424921994639,0.71739691872984002,0.17818181818181816
zone10,ALL,overall,CLARA,3.1972581077034445,1.7896159885486593,1.4076421191547868,0.64109875725725163,0.50186473112323804,0.09849494425865693,0.42100311752192587,0.077803134713640892,0.012005360531462169,0.06579777418217872,0.74488129610636,0.026363636363636367
zone10,ALL,overall,FEASIBLE_STATE_ORACLE,3.1647630788976979,1.7908108857431195,1.3739521931545802,0.64260093052487699,0.50220037640258097,0.09858079710765176,0.42422928845325603,0.079370780528152371,0.012018393933894856,0.067352386594257505,0.74196551501945129,0.040000000000000001
zone10,ALL,overall,FIX_REFERENCE_PRICE,3.2686775140893416,1.8343605457136767,1.4343169683756656,0.65951524360870228,0.51443342695610805,0.068791671441848667,0.51735965007260309,0.086934010069761217,0.0072855667926820331,0.079648443277079164,0.74407676197536765,0
zone10,ALL,overall,GLOBAL_SCORE_SAME_SCREEN,3.197627075664959,1.8061924211889504,1.3914346544760119,0.64083299711865782,0.50652103242668989,0.085556759000302601,0.42094782988642321,0.075881877778021634,0.011150457827360861,0.064731419950660757,0.7417577918490732,0.030909090909090907
zone10,ALL,overall,NO_BACKOFF_EXACT,3.2068674415025797,1.7881631267897913,1.4187043147127907,0.64029163097738206,0.50145662388760093,0.097746023739143179,0.41662298209143261,0.076813524018757504,0.011931869300449259,0.064881654718308229,0.74485830327103464,0.021818181818181816
zone10,ALL,overall,NO_G,3.1843979812861396,1.7811670029718816,1.4032309783142591,0.63899254322925392,0.49949142056796364,0.10688462457606689,0.40989970483679167,0.078142570594190872,0.013207847296212463,0.064934723297978406,0.74453232993074336,0.051818181818181819
zone10,ALL,overall,NO_RWG,3.1650643700854673,1.7484241046538398,1.4166402654316284,0.63016689453145347,0.49029397722019963,0.15676055105115985,0.385530128574404,0.081256466096246677,0.019274200212985336,0.06198226588326132,0.7533261480495701,0.16454545454545455
zone10,ALL,overall,NO_SCREEN,3.1773630979676262,1.7472960797324952,1.4300670182351332,0.6287799289308833,0.48997711628723672,0.14965804486680101,0.38297783275768327,0.079381453349790132,0.019071658391043134,0.060309794958746957,0.75149269896874316,0.15636363636363634
zone10,ALL,overall,OUTCOME_ORACLE,2.8532070920129833,1.6802917010363607,1.1729153909766228,0.64247090916291749,0.4711556615973122,0.1197149804170059,0.44948710450977514,0.088167515834348148,0.016386447134996214,0.071781068699351899,0.66873284574040348,0.18181818181818182
zone10,ALL,overall,STATE_ORACLE,3.1329186989430706,1.7406363137886409,1.3922823851544313,0.62821903639758236,0.48810639551649154,0.16251566876361676,0.38070958228968915,0.081560584922006449,0.020430367604067207,0.061130217317939217,0.74781892527807092,0.22727272727272729
zone10,ALL,overall,WIDTH_ONLY,3.5500943292349234,1.5275310720100301,2.0225632572248946,0.55083555467788092,0.42824537254497208,0.34997559725409277,0.062451601591322334,0.060019598860218938,0.048550233084624653,0.011469365775594251,0.76447596839165066,0.61818181818181817
zone10,ALL,overall,WIDTH_SAME_SCREEN,3.4316044727092412,1.638377546312189,1.7932269263970526,0.58579030626149187,0.45938202262984812,0.18763211534539623,0.14335714078297518,0.049149427868765097,0.025425338246084811,0.023724089622680255,0.74860410646442899,0.16272727272727272
zone10,ALL,ramp,CLARA,3.3755727201121006,1.8988028218720707,1.4767698982400286,0.63057459180944431,0.53229429671663686,0.1010128898638035,0.41534829092718689,0.077126438791162835,0.012381037017580058,0.064745401773582761,0.78367586061329897,0.072727272727272724
zone10,ALL,ramp,FEASIBLE_STATE_ORACLE,3.3494219433930441,1.9015508923561342,1.4478710510369086,0.63238484838451137,0.53306622662789072,0.10083542205570066,0.41892410625994297,0.078686079974614312,0.012358672339594524,0.066327407635019792,0.78049211373850014,0.078181818181818172
zone10,ALL,ramp,FIX_REFERENCE_PRICE,3.4492152889504881,1.9510400726200914,1.4981752163303956,0.64855068046549247,0.54696768175821564,0.07067403231584328,0.51229747169749973,0.086015584243287563,0.0075588809256932456,0.078456703317594301,0.78339554056753424,0.0090909090909090905
zone10,ALL,ramp,GLOBAL_SCORE_SAME_SCREEN,3.3756546619013816,1.9058825637456884,1.4697720981556923,0.62996362793827609,0.5342829882541692,0.087540988891531696,0.41521045280822316,0.075207423602123818,0.011477488615253188,0.063729934986870629,0.78008950665149757,0.076363636363636356
zone10,ALL,ramp,NO_BACKOFF_EXACT,3.3859667757770979,1.8925279454120421,1.4934388303650548,0.62842888282798715,0.53053169096943775,0.099993041609373293,0.41076903774078222,0.076086923833787248,0.012288834854547362,0.063798088979239873,0.78414870145640592,0.084545454545454549
zone10,ALL,ramp,NO_G,3.3613843863250112,1.8929580504918793,1.4684263358331315,0.62932317436667351,0.53065250700309996,0.109437270003319,0.40407725070094769,0.077459462398822843,0.0135916200355151,0.063867842363307725,0.78268716231325075,0.079999999999999988
zone10,ALL,ramp,NO_RWG,3.3346382920188602,1.8269406640776935,1.5076976279411656,0.61073605578126133,0.51210829733619401,0.15948188020060944,0.37981063641287927,0.080666912892724679,0.019753947672190981,0.060912965220533702,0.79918213549157868,0.25363636363636366
zone10,ALL,ramp,NO_SCREEN,3.3442921512730428,1.837083257485761,1.5072088937872812,0.61242118103613175,0.51495734042834729,0.15232623948856358,0.37760734057184464,0.078857331526549321,0.01954675847925829,0.059310573047291017,0.79485731889338695,0.25909090909090909
zone10,ALL,ramp,OUTCOME_ORACLE,3.0104582379903979,1.7602764511748696,1.2501817868155283,0.62423617848540747,0.49338239483540097,0.12190128673131714,0.4456199308487962,0.087607293227760535,0.01676337429042515,0.070843918937335368,0.70565938645614745,0.25727272727272726
zone10,ALL,ramp,STATE_ORACLE,3.3032094861407812,1.8264495112561387,1.4767599748846418,0.61067089883901793,0.51197033306047612,0.16495376990269264,0.37583269744252767,0.081039694173421134,0.020893931180073402,0.060145762993347729,0.7923020407087904,0.3290909090909091
zone10,ALL,ramp,WIDTH_ONLY,3.7793213351748491,1.5897102371660787,2.1896110980087706,0.53013580501033297,0.44547053696776284,0.35482693210952876,0.058291545951817868,0.060556857593623892,0.049586079276691425,0.010970778316932458,0.81276485797584974,0.78636363636363638
zone10,ALL,ramp,WIDTH_SAME_SCREEN,3.6128913557336775,1.7518705864141477,1.8610207693195284,0.58149007654588969,0.49102119686890611,0.19235561829088449,0.13799184765131012,0.049247915462158745,0.026145333315799428,0.02310258214635931,0.787472756323641,0.2290909090909091
zone2,ALL,ordinary,CLARA,2.5099626396883306,1.349533376478306,1.1604292632100248,0.64456712344305944,0.37890407721209901,0.12604025475396333,0.42732414779244454,0.086564298559072134,0.016826229177404072,0.069738069381668058,0.59447762036183094,0.034545454545454546
zone2,ALL,ordinary,FEASIBLE_STATE_ORACLE,2.4595908430813815,1.3453161903342417,1.1142746527471399,0.64641508993899088,0.37771947436264275,0.12515424599926883,0.43356144511991684,0.086470345217868977,0.01602131607966947,0.070449029138199504,0.59215887886205387,0.039090909090909086
zone2,ALL,ordinary,FIX_REFERENCE_PRICE,2.5613437143912834,1.3747295712633094,1.1866141431279738,0.66252701751408705,0.38598166001687539,0.092665779163938852,0.51974738813954291,0.096586997964760307,0.011886920617165451,0.084700077347594854,0.59340077093113575,0.0045454545454545452
zone2,ALL,ordinary,GLOBAL_SCORE_SAME_SCREEN,2.5141031414812209,1.3947233581487668,1.1193797833324544,0.64703985434855749,0.39159789228807129,0.11073419246111042,0.43305155059015144,0.085200904241369946,0.015741439326825431,0.069459464914544494,0.59633908119364309,0.030909090909090907
zone2,ALL,ordinary,NO_BACKOFF_EXACT,2.519492729160854,1.3531446084329128,1.1663481207279414,0.64486731304582889,0.37991846821058395,0.1203838637655426,0.4254706861316796,0.084701524032536349,0.016257735574982345,0.068443788457553986,0.59425722710023199,0.031818181818181815
zone2,ALL,ordinary,NO_G,2.4955982125792362,1.3359888988726774,1.1596093137065586,0.64146614685997816,0.3750994486711921,0.13874484624568176,0.41906462286625851,0.087803580350065857,0.018435399597349762,0.069368180752716085,0.59498928848190202,0.072727272727272724
zone2,ALL,ordinary,NO_RWG,2.4732183559485117,1.3438444740759226,1.1293738818725891,0.64301892380407311,0.37730607091929474,0.18428046577400092,0.41020124246225909,0.095330339848041595,0.026605526528499075,0.068724813319542499,0.59722160967311078,0.091818181818181827
zone2,ALL,ordinary,NO_SCREEN,2.4877663000721042,1.3108677962846245,1.17689850378748,0.63285509059539069,0.368042959180166,0.2027110945478558,0.38405135143247576,0.092851488070047367,0.029578157030568125,0.063273331039479228,0.59701899953363724,0.11272727272727272
zone2,ALL,ordinary,OUTCOME_ORACLE,2.1338415823647727,1.2436269115455683,0.89021467081920436,0.6500261760745959,0.34915507020852088,0.17458882593685715,0.44705812244064119,0.10460625172539964,0.026468842008256797,0.078137409717142822,0.51697880518708794,0.22090909090909089
zone2,ALL,ordinary,STATE_ORACLE,2.428234641042061,1.3031416452386455,1.1250929958034155,0.63423932768418056,0.36587269203241901,0.20222712573299581,0.38474752988421596,0.09174868935742389,0.028405622890395287,0.063343066467028586,0.59504233077714008,0.12454545454545454
zone2,ALL,ordinary,WIDTH_ONLY,2.7228175844026952,1.1111538807066001,1.6116637036960952,0.55063730888919937,0.31194354469195673,0.46008657570856598,0.056231737575579657,0.081142750510618047,0.0714001275209903,0.0097426229896277385,0.60555585349422814,0.65909090909090906
zone2,ALL,ordinary,WIDTH_SAME_SCREEN,2.6765296650618322,1.1768030217168612,1.4997266433449714,0.57251184554824663,0.33038431463865942,0.29257314900633674,0.11007043772138032,0.05951983156198648,0.041173569765574333,0.018346261796412116,0.59685970246187581,0.32363636363636361
zone2,ALL,overall,CLARA,2.6899030219372859,1.4885682710003703,1.2013347509369166,0.63283765911304302,0.41790250904956461,0.14860519622932558,0.40066593700123876,0.085488446417803607,0.02062933712279779,0.064859109295005796,0.65126640717502338,0.12090909090909092
zone2,ALL,overall,FEASIBLE_STATE_ORACLE,2.6486992805631542,1.4803490557597692,1.1683502248033857,0.6346818420127851,0.41559374072355332,0.14677481675283283,0.40733121167277064,0.084967790849986041,0.019388579357132039,0.065579211492853978,0.64704373956373018,0.11818181818181819
zone2,ALL,overall,FIX_REFERENCE_PRICE,2.7596584290754218,1.5264279255607855,1.2332305035146374,0.65303999845610761,0.42853724347664757,0.11048081948577045,0.49263101911716839,0.094384803195245517,0.014977114794413044,0.079407688400832441,0.65058282068167983,0.077272727272727271
zone2,ALL,overall,GLOBAL_SCORE_SAME_SCREEN,2.7039885215288431,1.5252029808263949,1.1787855407024492,0.63339448752473371,0.42819315787709933,0.13313126327405744,0.40488714526782854,0.08407102349257059,0.019629985130549886,0.064441038362020669,0.64976468027879919,0.10454545454545454
zone2,ALL,overall,NO_BACKOFF_EXACT,2.7048476273048956,1.4896658593926184,1.2151817679122783,0.63214345000352068,0.41821082039570162,0.14343123893312015,0.39856231894618066,0.083839670447710749,0.020132255336506293,0.063707415111204424,0.65090800389782077,0.11636363636363636
zone2,ALL,overall,NO_G,2.6764625786631582,1.4789412298081388,1.1975213488550198,0.63095393037852154,0.41519828399556713,0.16158082392156409,0.39371581720556292,0.086838856223563299,0.022220603168888544,0.064618253054674724,0.65019789792305926,0.16363636363636364
zone2,ALL,overall,NO_RWG,2.6534991765321676,1.4525151852949407,1.2009839912372275,0.62130854823741344,0.40777523778399483,0.21043513484889656,0.38614074847326835,0.095893735357201845,0.031821267846835095,0.064072467510366757,0.65829162573084132,0.29999999999999999
zone2,ALL,overall,NO_SCREEN,2.6590728231054848,1.4269503450572045,1.2321224780482807,0.61252657403810096,0.40059410288575414,0.23271810553206668,0.36030513491556271,0.094501118137343063,0.035647493119965831,0.058853625017377231,0.66074666854192032,0.37545454545454543
zone2,ALL,overall,OUTCOME_ORACLE,2.2789569047202001,1.3535939844810585,0.92536292023914213,0.63262437856400788,0.3799883836227923,0.19636140547246256,0.43318668883496636,0.1058690466350051,0.030800500199595716,0.075068546435409375,0.56490273508460098,0.34090909090909094
zone2,ALL,overall,STATE_ORACLE,2.6065637070467482,1.4147372384068071,1.1918264686399418,0.61426018899735013,0.39716345495024946,0.23076676259573067,0.3614279367769882,0.092692311520964271,0.033771132320653444,0.058921179200310814,0.65344406785807352,0.36909090909090908
zone2,ALL,overall,WIDTH_ONLY,3.049519558844024,1.1750130543441486,1.8745065044998768,0.5150300711452328,0.32982520100006474,0.51060022061751531,0.042604167437463952,0.090437273096115267,0.082731189394531543,0.0077060837015837848,0.67431792144836289,0.88181818181818183
zone2,ALL,overall,WIDTH_SAME_SCREEN,2.9154409067911624,1.2950344400089044,1.62040646678226,0.55568454306748583,0.36353907337780506,0.3380425810856037,0.089017686221812747,0.063878477888884594,0.048660161988985096,0.015218315899899484,0.65563812189040893,0.61545454545454548
zone2,ALL,ramp,CLARA,3.0779058450169701,1.6981511046674895,1.379754740349479,0.60161885352392841,0.4768128631984504,0.17921919708763429,0.36751112200003994,0.084992534548629012,0.025889210911111404,0.059103323637517594,0.77006628288283641,0.35545454545454547
zone2,ALL,ramp,FEASIBLE_STATE_ORACLE,3.0414190118155275,1.6907994215389004,1.3506195902766265,0.60546903036359823,0.47474778366794784,0.17567433819001527,0.37454325906262487,0.083795185378473816,0.023962487710631759,0.059832697667842036,0.76289503070111619,0.32363636363636361
zone2,ALL,ramp,FIX_REFERENCE_PRICE,3.1726408728635347,1.7504897611682009,1.4221511116953329,0.62206361089121276,0.49151473300202098,0.13437432284824966,0.45673151956066799,0.092267250862067871,0.019328122787309557,0.072939128074758303,0.77016363997435744,0.25454545454545452
zone2,ALL,ramp,GLOBAL_SCORE_SAME_SCREEN,3.0987570796439292,1.7228613480458257,1.3758957315981006,0.59978977697865166,0.48375394279910661,0.16343195172076089,0.36847455613521751,0.083463429994574456,0.02506617701513188,0.058397252979442572,0.76077822502166803,0.32545454545454544
zone2,ALL,ramp,NO_BACKOFF_EXACT,3.0991163518784139,1.6929442234128214,1.4061721284655913,0.59847782439594277,0.47535025610444243,0.17483900983714529,0.36507651814726982,0.08364266288170101,0.025585381546729978,0.058057281334971025,0.76962055351989966,0.35454545454545455
zone2,ALL,ramp,NO_G,3.0654604949698774,1.6943377858563591,1.3711227091135174,0.60244987503715441,0.47574170622903156,0.19279760762148151,0.36304446979450089,0.086471346543408448,0.02741226087429114,0.059059085669117294,0.76767998969016915,0.35363636363636364
zone2,ALL,ramp,NO_RWG,3.0365100657561674,1.6070828656051197,1.4294272001510464,0.57135368687705745,0.45123189716969481,0.24830876573813937,0.35870225848695975,0.098902840265377601,0.040042226073832378,0.058860614191545216,0.79598311207172978,0.45363636363636362
zone2,ALL,ramp,NO_SCREEN,3.0340336767528053,1.5943710150371431,1.4396626617156612,0.56710402710856411,0.44766115262812828,0.27221846866199056,0.33354552768189716,0.097977194792735062,0.044060132316381596,0.053917062476353472,0.79943693718130593,0.50727272727272721
zone2,ALL,ramp,OUTCOME_ORACLE,2.6055120901093352,1.5202057529994719,1.0853063371098632,0.59306544346676471,0.42682821385350173,0.22652067348449539,0.41600769201220472,0.10861925177890012,0.036958100594940133,0.071661151183959992,0.66745384879145053,0.40727272727272723
zone2,ALL,ramp,STATE_ORACLE,2.9799317435330104,1.5861098719990416,1.3938218715339681,0.57266147118510258,0.44534060683090892,0.26790865926391788,0.33499504254278861,0.095052087263683957,0.041048405363648247,0.054003681900035697,0.78215308755737945,0.48363636363636359
zone2,ALL,ramp,WIDTH_ONLY,3.6632836519612382,1.2709245225010619,2.3923591294601763,0.45002155670186533,0.35680539629776853,0.57827746851102002,0.029508389007575919,0.10370585370963117,0.098085782497307802,0.0056200712123233437,0.82822418775612583,0.94545454545454555
zone2,ALL,ramp,WIDTH_SAME_SCREEN,3.3847134754231916,1.4845120587048846,1.9002014167183059,0.5219459515810817,0.41680189523142663,0.39820532080996884,0.066681127471134638,0.070479870669379607,0.058705873155887357,0.01177399751349224,0.77972089233984887,0.78272727272727272
zone3,ALL,ordinary,CLARA,2.8211787138334334,1.5247030154015475,1.2964756984318861,0.63934196050029402,0.42782816715788047,0.095809152450708354,0.39933795515104142,0.076115044194125875,0.012260296477470232,0.063854747716655627,0.6658718746484299,0.036363636363636362
zone3,ALL,ordinary,FEASIBLE_STATE_ORACLE,2.7705594931815463,1.5229394182245426,1.2476200749570037,0.64017644879545121,0.42733277469242958,0.10219326147860744,0.39629376387684501,0.076693028069418717,0.012695401117873293,0.063997626951545414,0.66354121526010335,0.05272727272727272
zone3,ALL,ordinary,FIX_REFERENCE_PRICE,2.8805806927416118,1.5608450672164886,1.3197356255251236,0.65946616289800142,0.4379804289036503,0.068073675040725409,0.49651215942551213,0.086533616520278273,0.0072495611023719207,0.079284055417906354,0.66549002811887559,0.013636363636363636
zone3,ALL,ordinary,GLOBAL_SCORE_SAME_SCREEN,2.8207749766188472,1.5631767444178961,1.2575982322009511,0.64059842452240923,0.43863539440966387,0.081042450384680179,0.39833346430809646,0.073799536474281946,0.01114996061534667,0.062649575858935269,0.66558155218697612,0.038181818181818178
zone3,ALL,ordinary,NO_BACKOFF_EXACT,2.8283701786227704,1.5285090375828509,1.2998611410399195,0.63932428498668747,0.42889727451217929,0.092865973524498657,0.39922030407629377,0.075509710506811295,0.012020072929552098,0.063489637577259173,0.66576335667039854,0.03272727272727273
zone3,ALL,ordinary,NO_G,2.7977069601078783,1.5027285171126152,1.2949784429952633,0.63449379222635616,0.42165555527896686,0.11464315592033947,0.39034778130945258,0.077691735406074547,0.014423855411204408,0.06326787999487013,0.668793614216597,0.11545454545454545
zone3,ALL,ordinary,NO_RWG,2.7880432624436109,1.5169044062792303,1.2711388561643813,0.63728290917869224,0.42563754661790359,0.17085393475594951,0.37517895979536764,0.082461792485445148,0.021356071003526076,0.061105721481919062,0.6694174950958105,0.10636363636363637
zone3,ALL,ordinary,NO_SCREEN,2.8073604981580638,1.489150857508347,1.3182096406497166,0.62962253713654348,0.41784160595192521,0.17756571940693983,0.35929706733694788,0.080754006322713692,0.023060429266974804,0.057693577055738889,0.6703926112878984,0.14090909090909093
zone3,ALL,ordinary,OUTCOME_ORACLE,2.4643237790260906,1.4350888684814747,1.0292349105446157,0.6463679633476147,0.4026556539780845,0.14604016157448035,0.43493152729376661,0.089727669422551212,0.019832693850098761,0.069894975572452445,0.58623972932330515,0.15363636363636363
zone3,ALL,ordinary,STATE_ORACLE,2.7425329817427069,1.486169330024897,1.2563636517178101,0.63005587100181926,0.41700409823185491,0.19299794370735135,0.35203663373434818,0.081720751127324798,0.024368752438327364,0.05735199868899743,0.66569344813344544,0.17636363636363636
zone3,ALL,ordinary,WIDTH_ONLY,3.1019383095019397,1.2983073436478976,1.8036309658540421,0.55526380266699704,0.36423387733943913,0.41599107276720532,0.037171671517222983,0.06422555917358673,0.056806653562249121,0.0074189056113375899,0.68375689278770257,0.50454545454545452
zone3,ALL,ordinary,WIDTH_SAME_SCREEN,3.0342317181657155,1.3671200735329021,1.6671116446328131,0.57677399984999922,0.38356329584646309,0.200008519274187,0.099243806035241744,0.045593051672219755,0.027704595417510951,0.017888456254708786,0.67160792158411597,0.26545454545454544
zone3,ALL,overall,CLARA,2.9298352507820073,1.6321098280700888,1.2977254227119204,0.63858354563376907,0.45778270029440826,0.10212215800803355,0.39231780429692448,0.075646083091470293,0.013063915793130224,0.062582167298340055,0.69277883790235772,0.061818181818181814
zone3,ALL,overall,FEASIBLE_STATE_ORACLE,2.8946503516800854,1.6260835009236938,1.2685668507563932,0.63821796768481653,0.45608991177014024,0.10853235831123183,0.3897160245119563,0.076278634019272068,0.013524960488151046,0.062753673531120976,0.69146071205471749,0.075454545454545455
zone3,ALL,overall,FIX_REFERENCE_PRICE,2.9997404150995237,1.6759060896459679,1.3238343254535572,0.65911685546652299,0.47008502096179006,0.072947355140395714,0.49046558294678932,0.085765142941563816,0.0078394519346578432,0.077925691006905953,0.69273198296791139,0.027272727272727271
zone3,ALL,overall,GLOBAL_SCORE_SAME_SCREEN,2.9381772473122507,1.6577816751711096,1.2803955721411446,0.63838077885400746,0.46499389330031232,0.086850492784376759,0.39087869105244988,0.073299570718985144,0.011930396175114964,0.061369174543870142,0.69158575383145637,0.061818181818181814
zone3,ALL,overall,NO_BACKOFF_EXACT,2.9369687982778907,1.6343475269015506,1.3026212713763423,0.63845757106949619,0.45841126738189741,0.099264528992281789,0.39194974883706751,0.074991201252592773,0.012801115896548091,0.062190085356044665,0.69267723931683811,0.059090909090909097
zone3,ALL,overall,NO_G,2.913496313029293,1.6186019540018051,1.2948943590274899,0.63575408544672363,0.4539883536460142,0.12138200492931712,0.38342739104734908,0.077367983660024231,0.015346470727152423,0.062021512932871767,0.69489039517605133,0.11818181818181819
zone3,ALL,overall,NO_RWG,2.8931964112672515,1.590219175020231,1.3029772362470216,0.62643721363376104,0.4460156629208531,0.17913356629292818,0.36777704096803804,0.0823989508140614,0.022627641686273705,0.059771309127787678,0.69695497632500403,0.24545454545454545
zone3,ALL,overall,NO_SCREEN,2.9008233473113441,1.5756188441173045,1.3252045031940416,0.62184278811710703,0.44191444637508714,0.18574372616945814,0.35361271507326403,0.080796473270967853,0.02421535213686762,0.056581121134100201,0.69844965284841531,0.30545454545454548
zone3,ALL,overall,OUTCOME_ORACLE,2.5521855984273736,1.5045403383734586,1.047645260053915,0.63713307098212379,0.42194857397513114,0.15185569770171464,0.43066656684350607,0.089538739582178867,0.020662733162806691,0.068876006419372152,0.61049740213685677,0.27000000000000002
zone3,ALL,overall,STATE_ORACLE,2.8535431931224933,1.5632502677971849,1.2902929253253101,0.62011032211331463,0.43844012718404268,0.20142878216195012,0.34674828073020481,0.081833646971162272,0.025577913721684636,0.056255733249477594,0.69572306299180042,0.34545454545454546
zone3,ALL,overall,WIDTH_ONLY,3.2851049597547926,1.3421921124728584,1.9429128472819357,0.53771579665457347,0.37634513973338979,0.43061140837137935,0.03520067353598276,0.066245721574224634,0.059248720776700278,0.0069970007975243189,0.71089187407624699,0.77272727272727271
zone3,ALL,overall,WIDTH_SAME_SCREEN,3.1584605987928294,1.4659129142051959,1.6925476845876346,0.57722859819571526,0.41109817392786596,0.21174850545306328,0.095484442841684766,0.046468128665975342,0.029287082031606803,0.017181046634368525,0.69679777854802205,0.27000000000000002
zone3,ALL,ramp,CLARA,3.1336592284874523,1.7551174609849831,1.378541767502468,0.63101302610588905,0.49216699053930724,0.10484300067720886,0.3903072573417109,0.075488788145657876,0.013402828386806984,0.06208595975885086,0.739427254652814,0.14454545454545456
zone3,ALL,ramp,FEASIBLE_STATE_ORACLE,3.1055638358026738,1.7484260477298412,1.3571377880728308,0.63037784216272597,0.49028738007437989,0.11128971597752198,0.38767689461841748,0.076128905486951365,0.013872573996139375,0.062256331490811959,0.73874512957959471,0.15272727272727271
zone3,ALL,ramp,FIX_REFERENCE_PRICE,3.2081322964440071,1.8044985648904119,1.4036337315535936,0.65014798675568919,0.50603808714195586,0.07539815382982494,0.48856605919090856,0.085457461502966722,0.0081299265046685925,0.0773275349982981,0.73952352515530473,0.090909090909090912
zone3,ALL,ramp,GLOBAL_SCORE_SAME_SCREEN,3.1413325921787978,1.7676828370711308,1.3736497551076652,0.62982201576016661,0.49569659056350579,0.089232315716636007,0.38783970805692064,0.07307606858836499,0.012243678076728545,0.060832390511636428,0.73669759227202725,0.12727272727272726
zone3,ALL,ramp,NO_BACKOFF_EXACT,3.139951838285576,1.7540891356562309,1.3858627026293437,0.63017001769087799,0.49187813510988249,0.10225600175091069,0.38979044788001388,0.074817228005563535,0.013135345427282313,0.061681882578281201,0.73935061488512599,0.14636363636363636
zone3,ALL,ramp,NO_G,3.1233039748960039,1.7508726633686122,1.3724313115273905,0.63053877231353783,0.49097463165830424,0.1239886848269928,0.38113043711667205,0.077213479493399531,0.015664649616344943,0.061548829877054567,0.74109842051203001,0.16181818181818181
zone3,ALL,ramp,NO_RWG,3.0810255846329637,1.6698035903939228,1.4112219942390403,0.60499063132981434,0.46820242014856006,0.18182439819275284,0.36520529705777438,0.082359638920270539,0.023117516662837213,0.059242122257433326,0.74832413237887985,0.35999999999999999
zone3,ALL,ramp,NO_SCREEN,3.0860617662135144,1.6705693095359806,1.4154924566775329,0.60423203410277748,0.46841750979520552,0.18846559023187801,0.35216450555333584,0.080815107039308498,0.024651172482814277,0.056163934556494197,0.74852491978124636,0.3927272727272727
zone3,ALL,ramp,OUTCOME_ORACLE,2.7213096084924855,1.5835172582198687,1.1377923502726159,0.61771051800813292,0.44396468639180364,0.15375372376655869,0.42930482709589357,0.089473846837697851,0.020995003733708096,0.068478843103989759,0.65267931152471326,0.33363636363636362
zone3,ALL,ramp,STATE_ORACLE,3.0435224724091392,1.6503697629102967,1.3931527094988414,0.60087065630761705,0.46274347984417086,0.2040639262651073,0.34517792386741192,0.081853611239060681,0.026029228051054638,0.055824383188006033,0.7480760183938806,0.42636363636363639
zone3,ALL,ramp,WIDTH_ONLY,3.5462535439229468,1.3975852854274722,2.1486682584954746,0.51184266218233276,0.39173660414674827,0.43501053352158303,0.03546119710715049,0.067132835424295198,0.060195811623690976,0.0069370238006041919,0.7646881390762329,0.86818181818181817
zone3,ALL,ramp,WIDTH_SAME_SCREEN,3.3658586346641544,1.5875595079846758,1.7782991266794774,0.57505764651905233,0.44510014980888413,0.21653234855382264,0.095403873011469978,0.046988083948592121,0.029955623696046617,0.017032460252545473,0.74362800885483871,0.36272727272727273
zone4,ALL,ordinary,CLARA,2.6630592318323223,1.4352999780506404,1.2277592537816822,0.66813617018385618,0.4019337235784759,0.076440643179350037,0.46399740704426434,0.084793391905165508,0.0094845410565424677,0.075308850848623016,0.6205325446986617,0.0054545454545454541
zone4,ALL,ordinary,FEASIBLE_STATE_ORACLE,2.6205553886684547,1.4340726435729931,1.1864827450954618,0.66953747582795031,0.40158896670273236,0.077118746350809592,0.46942865936607731,0.086619102742253234,0.0093687369226351982,0.077250365819618041,0.61837299390457079,0.0054545454545454541
zone4,ALL,ordinary,FIX_REFERENCE_PRICE,2.7158366524696551,1.4623424180331472,1.2534942344365081,0.685875435339379,0.40952991458479815,0.061067293343167087,0.55761381795397957,0.097200946748401171,0.0065320510697680564,0.090668895678633094,0.62004765910859472,0
zone4,ALL,ordinary,GLOBAL_SCORE_SAME_SCREEN,2.665743622082287,1.4704263905659622,1.1953172315163245,0.66719062481879077,0.41180069338615066,0.063832864087388641,0.46453399254828553,0.081640285269385479,0.0084999340817006365,0.073140351187684846,0.62041382808609957,0.0045454545454545452
zone4,ALL,ordinary,NO_BACKOFF_EXACT,2.6699136604384379,1.4377577342909038,1.2321559261475341,0.66803066560028868,0.40262410454484227,0.075874162427383832,0.46535038247201188,0.08439843742059687,0.0094032175733345935,0.074995219847262276,0.62032840750130025,0.0054545454545454541
zone4,ALL,ordinary,NO_G,2.6522502251309725,1.422048618200773,1.2302016069301995,0.66561100235064941,0.39821143148581661,0.08689692211269652,0.4495995198157452,0.084833457373571078,0.011048378343818777,0.073785079029752287,0.62049067209736652,0.0090909090909090905
zone4,ALL,ordinary,NO_RWG,2.636655780619543,1.424223492455996,1.2124322881635472,0.66658169222641717,0.39882235122042964,0.12323097267240997,0.43153580581802542,0.086897698425917935,0.01537883340765559,0.071518865018262351,0.62491736643443208,0.018181818181818181
zone4,ALL,ordinary,NO_SCREEN,2.655253681005616,1.4114170570873525,1.2438366239182639,0.66171564440254782,0.39522503791463104,0.11842476518236655,0.42608893762721534,0.085505166440623864,0.015637314118994675,0.069867852321629204,0.62487796261113171,0.018181818181818181
zone4,ALL,ordinary,OUTCOME_ORACLE,2.3502415750979444,1.3537714295375043,0.99647014556044056,0.67481690393928084,0.37903244590624652,0.094775514658274648,0.471448451201403,0.093783363962601007,0.013569458890517158,0.080213905072083841,0.54980450213125065,0.047272727272727272
zone4,ALL,ordinary,STATE_ORACLE,2.6004823352611437,1.4080556239879769,1.1924267112731672,0.66346869927640539,0.3942808151339075,0.1256332878235728,0.42701157525004402,0.087261652258365976,0.016066849300187806,0.071194802958178177,0.62120133723025306,0.019999999999999997
zone4,ALL,ordinary,WIDTH_ONLY,2.906339912435441,1.2418988710300554,1.6644410414053865,0.5858243475395466,0.34760756992100794,0.28697243940362632,0.074225355230084333,0.055055212577133125,0.041608489420386918,0.013446723156746198,0.63480400067231169,0.22727272727272724
zone4,ALL,ordinary,WIDTH_SAME_SCREEN,2.8491175765922252,1.2969762936879996,1.5521412829042258,0.60298643064346558,0.36307875606088003,0.15301537448866029,0.15729260128642272,0.04744662810404774,0.021427239820528389,0.026019388283519341,0.62441191979979727,0.064545454545454545
zone4,ALL,overall,CLARA,2.9677926509245371,1.5979965702718861,1.3697960806526517,0.64672841650340318,0.44737518894939915,0.091658313492874594,0.43840159272938928,0.082349517495125341,0.011467178411025496,0.070882339084099827,0.69430423283539211,0.0090909090909090905
zone4,ALL,overall,FEASIBLE_STATE_ORACLE,2.9339585763755056,1.6005907629439733,1.3333678134315328,0.64908916595138089,0.4481038947561653,0.091367098452225057,0.44647240503769181,0.084289594986085584,0.011209097112566109,0.073080497873519473,0.6926175401732716,0.020909090909090908
zone4,ALL,overall,FIX_REFERENCE_PRICE,3.0369373534591615,1.6339611266689786,1.4029762267901833,0.66535822756887508,0.45747759243172881,0.073402252429355608,0.53288876445259814,0.094037888637711328,0.0080675651986394665,0.085970323439071822,0.69397266306559036,0
zone4,ALL,overall,GLOBAL_SCORE_SAME_SCREEN,2.9732108052500124,1.6215264371396743,1.3516843681103399,0.64548020294893171,0.45398470211450748,0.077351654392510558,0.43848804521373685,0.079129849130426866,0.010342994785047776,0.068786854345379081,0.69179133827067774,0.006363636363636363
zone4,ALL,overall,NO_BACKOFF_EXACT,2.9746375041088156,1.5989188602533557,1.3757186438554609,0.64647728189929043,0.44763425916891303,0.090682300163045182,0.43899771293347223,0.081878726128808005,0.011366220450788823,0.070512505678019158,0.69422089567166978,0.0090909090909090905
zone4,ALL,overall,NO_G,2.9544371447447206,1.5845202021673912,1.3699169425773294,0.64338953020875622,0.44358969229083334,0.10338932175063631,0.4248060250267397,0.082740159806475172,0.013287555598816106,0.06945260420765903,0.69374318655669931,0.034545454545454546
zone4,ALL,overall,NO_RWG,2.9356154227801001,1.5599029322324809,1.3757124905476192,0.63678644334672441,0.43667472882597114,0.14215751542261629,0.40865977141979204,0.085283699699935683,0.017960079693650897,0.067323620006284765,0.70026928419320156,0.077272727272727271
zone4,ALL,overall,NO_SCREEN,2.9472393942281361,1.5557171199453792,1.3915222742827575,0.63425245282706411,0.43549893885768398,0.13920212229644871,0.40157205870391549,0.084208341829541677,0.018655076485884579,0.065553265343657061,0.70051845575824223,0.10636363636363637
zone4,ALL,overall,OUTCOME_ORACLE,2.6194416952882631,1.4904133616425617,1.129028333645701,0.6481736197909882,0.41715518652543226,0.10873312536045945,0.45717443087875553,0.092269708983601956,0.015550621645681459,0.076719087337920489,0.61599986309105392,0.17636363636363636
zone4,ALL,overall,STATE_ORACLE,2.9013993264651723,1.5526763557862697,1.348722970678903,0.63573331249551457,0.43464479162197928,0.14512185274562434,0.40594359302381744,0.086124351684098238,0.018859104289158591,0.067265247394939637,0.69780698425164034,0.14363636363636362
zone4,ALL,overall,WIDTH_ONLY,3.3151582263672479,1.3431539195774571,1.9720043067897906,0.55050268338223507,0.37579017470939163,0.3270960981189926,0.059454691814767688,0.059188442900553175,0.047869681118104572,0.011318761782448615,0.7164154979472781,0.64090909090909087
zone4,ALL,overall,WIDTH_SAME_SCREEN,3.1975184514673614,1.4485825701301891,1.7489358813371723,0.58450880698534136,0.40540496419049576,0.18253652640249893,0.13449817780435516,0.048417513713605129,0.02540480372857018,0.023012709985034931,0.70099020183840532,0.17818181818181816
zone4,ALL,ramp,CLARA,3.3243729324532483,1.7824863618098437,1.5418865706434031,0.62562314942099928,0.49880639628989715,0.099896616608201955,0.4245785769031688,0.081006772684912159,0.012523540324894462,0.068483232360017701,0.78019523388990153,0.13272727272727275
zone4,ALL,ramp,FEASIBLE_STATE_ORACLE,3.2955486685043858,1.7868184266541511,1.5087302418502324,0.62846387177671237,0.5000232684371746,0.099001972269844696,0.43422282640172316,0.083003666387591699,0.012186232327123488,0.070817434060468198,0.77868094218473682,0.13999999999999999
zone4,ALL,ramp,FIX_REFERENCE_PRICE,3.404372109251856,1.8263454799571721,1.5780266292946825,0.64377975228959705,0.51112637329757393,0.080363225286077006,0.51885180678295462,0.092235615153515693,0.0089097665366936214,0.083325848616822046,0.78058029561850317,0.072727272727272724
zone4,ALL,ramp,GLOBAL_SCORE_SAME_SCREEN,3.3292076961184138,1.7932938431442031,1.535913852974208,0.62417252679450441,0.50184220565348114,0.084404593309518897,0.42412422489364998,0.077721521571813418,0.011298880202475988,0.066422641369337412,0.77514338294998741,0.11090909090909092
zone4,ALL,ramp,NO_BACKOFF_EXACT,3.3314279709817347,1.7797600775278031,1.5516678934539301,0.62455705156571539,0.4980405860983127,0.098989879511548556,0.42474046316124492,0.080518416717391586,0.012440999027729209,0.068077417689662356,0.78062470759596514,0.14818181818181816
zone4,ALL,ramp,NO_G,3.3090604478536356,1.7692054281364424,1.5398550197171919,0.62208692450401093,0.49507579694343623,0.11196357865084224,0.41138124918543478,0.081534603236017619,0.014459944653942621,0.067074658582074981,0.77978702051761606,0.18090909090909091
zone4,ALL,ramp,NO_RWG,3.2774518596000455,1.7045779111399628,1.5728739484600818,0.60386216499783418,0.47692200003431273,0.15248099568959755,0.39629709797059309,0.084388056022703356,0.019342429063902079,0.065045626958801256,0.79116159700819855,0.37545454545454549
zone4,ALL,ramp,NO_SCREEN,3.2868926125668771,1.714518808544431,1.5723738040224451,0.60502428193213809,0.47971438694568019,0.15036302405826674,0.38841433162868055,0.083464386920614392,0.020235722054568452,0.063228664866045919,0.79005930208633501,0.37090909090909091
zone4,ALL,ramp,OUTCOME_ORACLE,2.932430191186687,1.6345034297402994,1.2979267614463874,0.61760364770475784,0.45723815694451986,0.11647028655358391,0.44875645083090332,0.091305198129563198,0.016608394352745474,0.074696803776817713,0.69292801131194626,0.30363636363636365
zone4,ALL,ramp,STATE_ORACLE,3.2428138303460097,1.7064666840419946,1.536347146304013,0.60544048928253802,0.47745255422027688,0.15562144955862428,0.3947165482094705,0.085454120357686375,0.020324008952823533,0.065130111404862828,0.7881687033091922,0.40181818181818174
zone4,ALL,ramp,WIDTH_ONLY,3.7537991502598431,1.4559970709977519,2.297802079262091,0.51425337057283005,0.40709592134268069,0.34863791670155475,0.052128601631730033,0.061318764512385701,0.051086970202899915,0.010231794309485755,0.81223242141286156,0.82272727272727264
zone4,ALL,ramp,WIDTH_SAME_SCREEN,3.5821991576100238,1.6255112723224687,1.9566878852875547,0.56942990392890347,0.45471227002939874,0.19776920365804737,0.12279359397022833,0.048898742540119153,0.027427803670523894,0.021470938869595241,0.78874615084481237,0.38727272727272727
zone5,ALL,ordinary,CLARA,2.7890504988147944,1.5356701686780307,1.2533803301367636,0.66441990606753543,0.43060399961798546,0.065511595471193479,0.4579866243582037,0.082190272716278975,0.0082921224925157199,0.073898150223763254,0.64584703986784708,0.0045454545454545452
zone5,ALL,ordinary,FEASIBLE_STATE_ORACLE,2.740939288654809,1.5307444517890687,1.2101948368657403,0.66382146077630488,0.42922037127838919,0.071119969552594947,0.45235871569318747,0.083263407624281263,0.0087634615794687128,0.07449994604481254,0.64414287255407288,0.013636363636363636
zone5,ALL,ordinary,FIX_REFERENCE_PRICE,2.8391927437321129,1.5619232823733149,1.277269461358798,0.68090004148475758,0.43797846975711002,0.049948199647359297,0.54932700322709493,0.094042194382716091,0.0054113575637730893,0.088630836818943001,0.64610562098158175,0
zone5,ALL,ordinary,GLOBAL_SCORE_SAME_SCREEN,2.7909339169954355,1.5736781390953349,1.2172557779001001,0.66578651401904732,0.44128039580262152,0.054405771496312393,0.46375336285780611,0.080223396144404047,0.0073391977436421396,0.072884198400761907,0.64675857891930377,0.006363636363636363
zone5,ALL,ordinary,NO_BACKOFF_EXACT,2.794703648048682,1.5398571329670778,1.2548465150816039,0.66492507889381514,0.4317801131823244,0.062586645912224251,0.46131720967901824,0.081967326268454807,0.0079691834461904556,0.073998142822264343,0.64579651733383669,0.0036363636363636364
zone5,ALL,ordinary,NO_G,2.7790522216210563,1.5240962559986173,1.2549559656224387,0.66260525492364075,0.42735290055073438,0.078827154871254426,0.448984342070334,0.082948899803584358,0.0097931398781987526,0.073155759925385588,0.6458081156201767,0.0099999999999999985
zone5,ALL,ordinary,NO_RWG,2.7634968154903823,1.5334111909423283,1.2300856245480538,0.66470751256148186,0.4299694553102037,0.10517484147063332,0.4268848787401226,0.084020953538857329,0.013022346935848316,0.07099860660300901,0.64625127901358759,0.020909090909090908
zone5,ALL,ordinary,NO_SCREEN,2.7814406672581002,1.5184808295400649,1.2629598377180353,0.66016779128082836,0.42577553356799491,0.10318404298723187,0.42325662386114493,0.082342802098876705,0.013083396107724053,0.06925940599115267,0.64640075313214829,0.019090909090909089
zone5,ALL,ordinary,OUTCOME_ORACLE,2.463419248970248,1.4534418320883191,1.0099774168819287,0.67153735756510424,0.40750615226132447,0.089646279723959055,0.47296389940335226,0.09138292294269991,0.01269036400879137,0.078692558933908544,0.57522851278286447,0.05272727272727272
zone5,ALL,ordinary,STATE_ORACLE,2.7223508274169546,1.5114691008628645,1.2108817265540901,0.65908831779078947,0.42380594686091611,0.11837874971766345,0.41181820665135643,0.083398443219401028,0.014592160207112497,0.068806283012288527,0.64274494841387053,0.030909090909090907
zone5,ALL,ordinary,WIDTH_ONLY,3.014800044662965,1.3366131736093088,1.6781868710536565,0.58629183374971472,0.37468911336272614,0.27294094118130957,0.072449767196529014,0.051823907360553187,0.038561114332098537,0.013262793028454647,0.65443476074293228,0.21818181818181817
zone5,ALL,ordinary,WIDTH_SAME_SCREEN,2.9743889428992234,1.3816747763006196,1.5927141665986038,0.59975104020593528,0.38734686692770104,0.14566187014422963,0.1505354718023123,0.045736061993864402,0.020702644334249738,0.02503341765961465,0.64900061605606041,0.10181818181818181
zone5,ALL,overall,CLARA,3.0220404000750198,1.6664936691852223,1.355546730889799,0.64764122455068374,0.46696673931207178,0.075728405507770685,0.4400181137354976,0.080359287815565977,0.0095068207888944125,0.070852467026671556,0.70210202700133406,0.014545454545454545
zone5,ALL,overall,FEASIBLE_STATE_ORACLE,2.9885593595830797,1.6651767598044387,1.323382599778643,0.64801091113040277,0.46659682094668309,0.080965135747311054,0.43617846204686445,0.081536653589241864,0.0099262565493738446,0.071610397039868018,0.70203102766685721,0.019090909090909092
zone5,ALL,overall,FIX_REFERENCE_PRICE,3.0878651238783048,1.7037862339931713,1.3840788898851346,0.66564407193841257,0.47744217886486673,0.058281725734611746,0.53273699231171856,0.091917543838398647,0.006350283964864414,0.08556725987353421,0.70224184543534851,0.0090909090909090905
zone5,ALL,overall,GLOBAL_SCORE_SAME_SCREEN,3.0267169288783675,1.6909927878194189,1.3357241410589524,0.64769152708744271,0.47384851420931734,0.063102172016189714,0.44569840436802843,0.078306448965170514,0.0084078938820338917,0.06989855508313661,0.70139473047760859,0.0099999999999999985
zone5,ALL,overall,NO_BACKOFF_EXACT,3.0301113080604716,1.6698173556705491,1.3602939523899238,0.64805292019491079,0.467900359111321,0.072224318014260519,0.44289779034406945,0.079993722379805315,0.0091112772692420359,0.070882445110563255,0.70199542713513108,0.0099999999999999985
zone5,ALL,overall,NO_G,3.0081409740312184,1.6554738222951193,1.3526671517361013,0.64532545185759849,0.46387127670249234,0.089973313346734279,0.43167683577761229,0.081386150669432292,0.011181902935231117,0.070204247734201156,0.70248495101300323,0.029090909090909091
zone5,ALL,overall,NO_RWG,2.9923596422828047,1.6354046127827622,1.3569550295000441,0.63963586457914823,0.45823385830014524,0.11822477646990497,0.40976288573520342,0.082630053100953407,0.014630037227450196,0.068000015873503197,0.70536959489546591,0.049090909090909088
zone5,ALL,overall,NO_SCREEN,3.0031158581167312,1.6313866167361819,1.3717292413805506,0.63766889063740417,0.4571052077252632,0.11604766944032611,0.40587242682428271,0.080963629402978909,0.014739581852782313,0.066224047550196577,0.7053567864687994,0.073636363636363639
zone5,ALL,overall,OUTCOME_ORACLE,2.6736067306396505,1.5557496693459096,1.1178570612937413,0.64844473633730426,0.43585887418867025,0.099116790534173105,0.46212682874982497,0.090184344562178581,0.013950899080447134,0.076233445481731429,0.62766715557118447,0.15363636363636363
zone5,ALL,overall,STATE_ORACLE,2.9582564994690514,1.6218848854249834,1.3363716140440693,0.63600368430721876,0.45443618207605008,0.1313475585216769,0.39611362875897455,0.082263079051126647,0.016273885840762371,0.065989193210364255,0.70480509629021004,0.10454545454545454
zone5,ALL,overall,WIDTH_ONLY,3.3426048265778561,1.4085251124117071,1.9340797141661497,0.55516139482590865,0.39450366156670336,0.29783012202645265,0.060852038277586694,0.05396399270551485,0.042325790053379587,0.011638202652135238,0.71789176409565303,0.54090909090909089
zone5,ALL,overall,WIDTH_SAME_SCREEN,3.2486637073287854,1.5052746363220035,1.7433890710067832,0.58577955261578007,0.42168049412577491,0.16490686356110626,0.13395355441141876,0.046133107345887867,0.023176514647325383,0.022956592698562463,0.70695857182662269,0.15636363636363634
zone5,ALL,ramp,CLARA,3.2997664600504564,1.7980228104191944,1.5017436496312608,0.62934148385958033,0.503471599240644,0.080382561405096392,0.43169581094577819,0.079448928934819169,0.010007392894936854,0.069441536039882304,0.76838285055195832,0.097272727272727261
zone5,ALL,ramp,FEASIBLE_STATE_ORACLE,3.2721061792306778,1.7984992785350964,1.4736069006955808,0.63032305790781396,0.50360543859904361,0.085339132445271595,0.42864980331018143,0.080677475457660269,0.01039972835413047,0.070277747103529797,0.76905441262937857,0.10545454545454544
zone5,ALL,ramp,FIX_REFERENCE_PRICE,3.3723906229789975,1.8435443503161835,1.5288462726628131,0.64720969478745005,0.51625854864991083,0.062380739682630901,0.52520450256216511,0.090855161077071062,0.0067712610482670525,0.084083900028804018,0.76842220139549688,0.045454545454545456
zone5,ALL,ramp,GLOBAL_SCORE_SAME_SCREEN,3.3015760499183364,1.8093058658640833,1.4922701840542527,0.62824735330274306,0.50664099683752239,0.066719215483876604,0.43687192034398753,0.077305911795121723,0.0088260177911971011,0.06847989400392461,0.76633462468298519,0.083636363636363634
zone5,ALL,ramp,NO_BACKOFF_EXACT,3.3090946160243639,1.798639080597356,1.5104555354270066,0.62908472736270504,0.50364470884125123,0.07665052351917552,0.43411733804820107,0.078996244522751516,0.0095840958856538132,0.069412148637097687,0.76813046535980534,0.091818181818181827
zone5,ALL,ramp,NO_G,3.2833685515629822,1.7869572319941465,1.496411319568836,0.62678915162954474,0.50036329069428231,0.094961671379797025,0.42359293933420794,0.080552179670592833,0.011744303693302141,0.068807875977290683,0.76976393593236914,0.13727272727272727
zone5,ALL,ramp,NO_RWG,3.2562360035138722,1.7306169744716482,1.5256190290422242,0.61095244930856896,0.4845373756598727,0.12457322567521982,0.40187361380867437,0.081869465090231713,0.015303934341807796,0.066565530748423918,0.77711437629236713,0.30636363636363634
zone5,ALL,ramp,NO_SCREEN,3.2668707865027029,1.7406604594499857,1.526210327052717,0.61214357298634303,0.48735857930547322,0.12204659709908502,0.39814538055359588,0.080228570122366144,0.015422108693556768,0.064806461428809359,0.77574948374103969,0.30636363636363634
zone5,ALL,ramp,OUTCOME_ORACLE,2.9182228137894981,1.6519267016828394,1.266296112106658,0.62144619020872083,0.4624333664495337,0.10339783983009435,0.45634312535549704,0.089447727215558298,0.01447792916644523,0.074969798049113051,0.68812360014961216,0.30181818181818182
zone5,ALL,ramp,STATE_ORACLE,3.223853245852073,1.725065238941043,1.4987880069110295,0.60960617086029356,0.48297789938723101,0.13729765328606888,0.38906186024995931,0.081620534298981334,0.016963385949307727,0.064657148349673607,0.7776364276024359,0.37272727272727274
zone5,ALL,ramp,WIDTH_ONLY,3.6780346769386667,1.4825156440683813,2.1955190328702856,0.524188253288705,0.41484599071513528,0.30854018836153141,0.055276055295276336,0.054633746004488337,0.04383397863634951,0.010799767368138808,0.79384564913861599,0.81818181818181812
zone5,ALL,ramp,WIDTH_SAME_SCREEN,3.542854770464102,1.6362689687684191,1.9065858016956825,0.57428509711073361,0.45803512686683129,0.17246709701206514,0.12557559882132779,0.046091053654619504,0.02411233893435423,0.021978714720265267,0.77505960839527743,0.34636363636363637
zone6,ALL,ordinary,CLARA,2.8129720548430193,1.5601524297838267,1.2528196250591923,0.66383238833220981,0.43739365560034849,0.084063224425319855,0.4721852648314524,0.085921255645109759,0.0098783749807437368,0.076042880664366014,0.64914033773861868,0.0045454545454545452
zone6,ALL,ordinary,FEASIBLE_STATE_ORACLE,2.761760388672359,1.560454291872992,1.201306096799367,0.66601507263367565,0.43747844832202409,0.085268055473589774,0.47328908741654274,0.087570030936034146,0.0099803802958782842,0.077589650640155855,0.6468836762748279,0.0054545454545454541
zone6,ALL,ordinary,FIX_REFERENCE_PRICE,2.8700000359713016,1.5845286055467573,1.2854714304245445,0.67960691758987357,0.44424089598319416,0.070540012298077923,0.56195607027456163,0.097573362010379874,0.0071391287627540724,0.090434233247625798,0.64922987710746471,0.0045454545454545452
zone6,ALL,ordinary,GLOBAL_SCORE_SAME_SCREEN,2.8077610546589158,1.5948535596243256,1.2129074950345902,0.66553716413306307,0.44714116398251125,0.067765711412500346,0.47364518995387972,0.083247793786922403,0.0087067782576226698,0.074541015529299745,0.64828019773706946,0.0036363636363636364
zone6,ALL,ordinary,NO_BACKOFF_EXACT,2.8212469128272195,1.5640850238713491,1.2571618889558704,0.66457551507495816,0.43849831686088842,0.081438714780335153,0.47562871834174503,0.08566795178426409,0.0095991555662979337,0.076068796217966139,0.64874579828404844,0.0045454545454545452
zone6,ALL,ordinary,NO_G,2.8024098301519409,1.5523762377661843,1.2500335923857571,0.66198612432296267,0.43520933199988698,0.093301690128958725,0.45982942664620613,0.08622841315244667,0.011336542556351924,0.074891870596094742,0.64891682792632166,0.0036363636363636364
zone6,ALL,ordinary,NO_RWG,2.7858627334128938,1.5551101440379471,1.2307525893749465,0.66332315896465843,0.43597728319982043,0.12215551781786023,0.44064617815055573,0.088055456700595197,0.015193722241094675,0.072861734459500505,0.6514776613297163,0.0018181818181818182
zone6,ALL,ordinary,NO_SCREEN,2.8090890192801128,1.540741630674223,1.2683473886058898,0.65878897271029624,0.43194118394034736,0.11820986672275299,0.43728443733113559,0.085947251392327104,0.014761566080507774,0.071185685311819319,0.65133398206511228,0.0054545454545454541
zone6,ALL,ordinary,OUTCOME_ORACLE,2.5024246861515094,1.4795977696670088,1.0228269164844999,0.6721778788009416,0.41476594208438816,0.093356576104775199,0.49004166694882895,0.093952998492199735,0.012858276198209461,0.081094722293990257,0.57974366959108825,0.037272727272727277
zone6,ALL,ordinary,STATE_ORACLE,2.744047722519126,1.5402868219226575,1.2037609005964682,0.66106504954854528,0.43181342867305361,0.12408556668948796,0.43550495736404915,0.087795163947526025,0.015458420166234301,0.072336743781291707,0.64726983330455112,0.006363636363636363
zone6,ALL,ordinary,WIDTH_ONLY,3.0459997062112607,1.3650064057752287,1.6809933004360318,0.58997964206861897,0.38257735672152854,0.2771409264472488,0.10522433021500155,0.056076944665944525,0.038698152996827197,0.017378791669117325,0.6579470399651931,0.19090909090909092
zone6,ALL,ordinary,WIDTH_SAME_SCREEN,3.0042273385871585,1.4104521944801842,1.5937751441069739,0.60417639854625405,0.39534302770606677,0.16018487493088598,0.18267562747729177,0.050431847883792603,0.021768156384114265,0.028663691499678325,0.65239318134011004,0.06363636363636363
zone6,ALL,overall,CLARA,3.0167690415867923,1.6836578758455278,1.3331111657412649,0.64926054318665682,0.47176449498531159,0.095152705828151843,0.45072159998350969,0.083735081266693115,0.011250244072778359,0.072484837193914756,0.70855617878271038,0.010909090909090908
zone6,ALL,overall,FEASIBLE_STATE_ORACLE,2.9803315960839947,1.6840358278164338,1.2962957682675618,0.65091903337008716,0.47187066126927374,0.09609153951119534,0.4539064976936113,0.085633263241371493,0.011333184954021164,0.074300078287350343,0.708466487057692,0.019090909090909092
zone6,ALL,overall,FIX_REFERENCE_PRICE,3.0876593114877995,1.7202045269095567,1.3674547845782428,0.66657226665694225,0.48203040820554455,0.079859149728591164,0.54168027215084125,0.094911413475770465,0.0082270515085317731,0.086684361967238693,0.70823498942821961,0.0045454545454545452
zone6,ALL,overall,GLOBAL_SCORE_SAME_SCREEN,3.0176696793368829,1.7052377035588933,1.3124319757779914,0.64910324414233056,0.4778262443429977,0.077357832609420446,0.45237068642090461,0.081109355456761983,0.0099501993235704238,0.071159156133191542,0.70558946726877303,0.010909090909090908
zone6,ALL,overall,NO_BACKOFF_EXACT,3.0274312690760152,1.6859375986867071,1.3414936703893088,0.64969550140356547,0.47240486656991243,0.091617552591061163,0.45411344264023673,0.083408226354010517,0.010861357034792034,0.072546869319218471,0.70894723298350082,0.0090909090909090905
zone6,ALL,overall,NO_G,3.0057610166800108,1.6740154310120321,1.3317455856679792,0.64652780187260139,0.46905594306579046,0.10523663190044756,0.43908103185032077,0.084316756709028454,0.012879869236802819,0.071436887472225624,0.70828553649701953,0.021818181818181816
zone6,ALL,overall,NO_RWG,2.9905094551294633,1.6505476746315524,1.3399617804979109,0.64050873691016841,0.46246387666677952,0.13616860640856293,0.42071336033585088,0.086526176715679096,0.017034319751132874,0.069491856964546211,0.7142953474252467,0.051818181818181819
zone6,ALL,overall,NO_SCREEN,3.0013361406631969,1.6483375190572129,1.3529986216059844,0.63918463390805247,0.46184304644926827,0.13128804950911765,0.4165214431147245,0.084217145169518087,0.016529666955909225,0.067687478213608848,0.71297979006883405,0.052727272727272734
zone6,ALL,overall,OUTCOME_ORACLE,2.6837945375594772,1.5756809860020431,1.1081135515574325,0.65176671839503475,0.44143390795062548,0.10322648038933351,0.47685598263387619,0.092498199035763701,0.014218694338588803,0.078279504697174859,0.63132244441699248,0.1390909090909091
zone6,ALL,overall,STATE_ORACLE,2.9540267955229327,1.6449540290010867,1.3090727665218462,0.63989509239500675,0.46089262789417651,0.13743823370703542,0.41703039617963017,0.086407388208702599,0.017259800811469137,0.069147587397233437,0.71179602455339597,0.12272727272727273
zone6,ALL,overall,WIDTH_ONLY,3.3490944114388199,1.4303044266765474,1.9187899847622709,0.56061563280224658,0.40059779578054255,0.30425730427383246,0.090370456252529374,0.058122857596791901,0.042793863310888434,0.015328994285903419,0.72564190697638042,0.50909090909090904
zone6,ALL,overall,WIDTH_SAME_SCREEN,3.2502595098059901,1.5214978542949327,1.7287616555110561,0.58951780340785964,0.42621392713402129,0.18085610495805607,0.16189499955711023,0.050648807843612739,0.024608482420083882,0.026040325423528854,0.71441358254029008,0.15454545454545454
zone6,ALL,ramp,CLARA,3.2681916689478627,1.8072837641928838,1.4609079047549773,0.63295331301520741,0.50620140283680948,0.10044700019729676,0.44079695552333664,0.08279560339559458,0.011869375635429752,0.070926227760164801,0.77908238035871236,0.11181818181818182
zone6,ALL,ramp,FEASIBLE_STATE_ORACLE,3.2375492694982038,1.8085250292678925,1.4290242402303097,0.6347356498159169,0.50655007280169961,0.10126497565966497,0.4449726122570577,0.084793983313309229,0.011941037012366318,0.072852946300942897,0.77983391318059414,0.12909090909090909
zone6,ALL,ramp,FIX_REFERENCE_PRICE,3.3464390383749398,1.8520979207765371,1.4943411175984009,0.65004347893272607,0.51878964906817282,0.084432985921551892,0.53241012779275032,0.093740449709895313,0.0087383291785482833,0.085002120531347036,0.77722308955757879,0.068181818181818177
zone6,ALL,ramp,GLOBAL_SCORE_SAME_SCREEN,3.2678676869261607,1.8166102998953331,1.4512573870308259,0.63185636456245287,0.50882121623637322,0.081757695910901818,0.44201973021185309,0.080130497030734826,0.010492242914173496,0.069638254116561327,0.77397478965011846,0.10000000000000001
zone6,ALL,ramp,NO_BACKOFF_EXACT,3.2809126492000571,1.805233865796259,1.4756787834037965,0.63220415817570175,0.50562558868045415,0.096710971990385378,0.44406056199340604,0.082443360725553708,0.011467145016298062,0.070976215709255636,0.78084183169979149,0.11909090909090909
zone6,ALL,ramp,NO_G,3.2558227008957514,1.7972970124674945,1.4585256884282554,0.63019008924218478,0.50339613549821705,0.11072574570070357,0.42958551495659297,0.083482623744680809,0.013554656181130387,0.069927967563550436,0.7790296838909303,0.13272727272727275
zone6,ALL,ramp,NO_RWG,3.2332080339359011,1.7395830789998421,1.4936249549360581,0.61394234707583706,0.48718435643426983,0.14272560155285902,0.41134510783232708,0.085849533555093366,0.01785448083184963,0.067995052723243743,0.79312269900497634,0.30272727272727273
zone6,ALL,ramp,NO_SCREEN,3.2392288867920049,1.7497772403904068,1.4894516464015968,0.6158621802750629,0.49004788491476559,0.13723156669282138,0.40682635952780882,0.083472971413795491,0.017317505406630747,0.066155466007164751,0.78942349916759225,0.31454545454545457
zone6,ALL,ramp,OUTCOME_ORACLE,2.9047259632475271,1.6667361685110056,1.2379897947365206,0.62733672512694683,0.46672174112841736,0.1078396754583146,0.47002606902975802,0.091787320586522725,0.014831670336136337,0.076955650250386379,0.69297170070588199,0.2781818181818182
zone6,ALL,ramp,STATE_ORACLE,3.196549916906184,1.7439739404578383,1.4525759764483441,0.61590251337306012,0.48841774448426889,0.14359702134773927,0.40864366913735806,0.08580151144493417,0.018053739296729293,0.067747772148204863,0.78899351524496597,0.34636363636363637
zone6,ALL,ramp,WIDTH_ONLY,3.6698706651131778,1.4974480934403351,2.1724225716728411,0.53090499715729411,0.41916891105238652,0.31581551551415449,0.08298240199400797,0.058922810806817917,0.044524247248293118,0.014398563558524754,0.8090557340090283,0.76363636363636367
zone6,ALL,ramp,WIDTH_SAME_SCREEN,3.5202352566312269,1.642102384074573,1.8781328725566535,0.57794626520226999,0.45980213875863274,0.19011740417939688,0.1521537128744829,0.050699748819853299,0.025814650643150618,0.024885098176702671,0.7874017915538325,0.30272727272727273
zone7,ALL,ordinary,CLARA,2.2921116222213636,1.2677241099325263,1.0243875122888371,0.65554952171444525,0.3557247555543232,0.086818083480198482,0.45152616103466342,0.08817874129828393,0.011201473960827952,0.076977267337455954,0.53646544157142428,0.0018181818181818182
zone7,ALL,ordinary,FEASIBLE_STATE_ORACLE,2.24695031380194,1.2642557609218983,0.98269455288004137,0.65630270599235185,0.35475050021425902,0.092644618612837432,0.45018316344578863,0.088957286859105422,0.011741553030934175,0.077215733828171221,0.53373243081342803,0.0036363636363636364
zone7,ALL,ordinary,FIX_REFERENCE_PRICE,2.3391122711339833,1.2905526864788504,1.0485595846551323,0.67366703714361054,0.3621372770560996,0.060515633194540883,0.5376001512609907,0.099923333575286266,0.0069621538048390387,0.092961179770447197,0.53541165678792912,0
zone7,ALL,ordinary,GLOBAL_SCORE_SAME_SCREEN,2.3019386228846388,1.3169755998902297,0.98496302299440952,0.65823026250443462,0.36955944374468935,0.072601292179231225,0.46269936402135714,0.086864306991189869,0.010025967491979874,0.076838339499209971,0.54017473564313856,0.0027272727272727271
zone7,ALL,ordinary,NO_BACKOFF_EXACT,2.2974463014076583,1.2733583897708389,1.0240879116368196,0.65647999625554121,0.35730741843025365,0.081491479936322275,0.45650968304793677,0.087376961651916774,0.010567552741746599,0.076809408910170157,0.5366941265961076,0.0027272727272727271
zone7,ALL,ordinary,NO_G,2.2768455262217691,1.2506060832922568,1.0262394429295119,0.65206139406116326,0.35091632110480919,0.10549305995539775,0.4389005077034554,0.089309680808505765,0.013472016683286406,0.075837664125219334,0.53703482199845565,0.020909090909090912
zone7,ALL,ordinary,NO_RWG,2.2587135520375434,1.2618149916788981,0.99689856035864499,0.65498341377336577,0.35406489087633758,0.14328352116652457,0.43356713788729079,0.094341415369713674,0.018675818004597049,0.075665597365116619,0.54072556967342034,0.037272727272727277
zone7,ALL,ordinary,NO_SCREEN,2.2776606790429939,1.2351537660326417,1.0425069130103519,0.6463284700255133,0.34657578254873755,0.14962209666403345,0.41847373656513109,0.0914454999143713,0.020041189571196397,0.071404310343174876,0.53855507794153912,0.03272727272727273
zone7,ALL,ordinary,OUTCOME_ORACLE,1.9705341325680839,1.1750360589316373,0.79549807363644642,0.66203304530739637,0.32968878617205077,0.13109125900047355,0.47433240439269486,0.10176686857257725,0.018474272834044105,0.083292595738533134,0.47010517771946664,0.10272727272727274
zone7,ALL,ordinary,STATE_ORACLE,2.2210845594615209,1.2294989788705613,0.99158558059095969,0.64750878684665869,0.34498735918860257,0.16112447513916731,0.41147964611800514,0.092252297439659417,0.021117233268444873,0.07113506417121454,0.53756874888051198,0.04818181818181818
zone7,ALL,ordinary,WIDTH_ONLY,2.484717428437051,1.0599176758270112,1.4247997526100398,0.5683243746247808,0.29735216170445916,0.36281639647984132,0.092343918210573958,0.066515045662399824,0.051734704098354269,0.01478034156404553,0.54311876173794937,0.39545454545454545
zone7,ALL,ordinary,WIDTH_SAME_SCREEN,2.4442426830974586,1.1200136034595571,1.3242290796379015,0.58797314826187275,0.31423304025292714,0.19988856121038615,0.15932102100970463,0.05299823994608982,0.027708017183574331,0.025290222762515469,0.53567211675846205,0.14090909090909093
zone7,ALL,overall,CLARA,2.5002652970013077,1.3970987248061799,1.1031665721951278,0.6451656998155022,0.39200093614661247,0.10547098402354167,0.42195054155311834,0.084807003468343661,0.013464307303608494,0.071342696164735139,0.59208796575165079,0.026363636363636367
zone7,ALL,overall,FEASIBLE_STATE_ORACLE,2.4636678108272703,1.389941514292492,1.0737262965347787,0.64494748642696309,0.38999048375512729,0.1110420617103139,0.42208969065087248,0.085639291118911637,0.013950402031565534,0.07168888908734608,0.5899346824736833,0.033636363636363638
zone7,ALL,overall,FIX_REFERENCE_PRICE,2.563440912702593,1.4303539737968243,1.1330869389057683,0.66541920547341737,0.40134229822263628,0.073139844547823074,0.50836766312493431,0.095237556387055472,0.0084952487373942832,0.086742307649661163,0.59041103508441994,0
zone7,ALL,overall,GLOBAL_SCORE_SAME_SCREEN,2.5151173595795639,1.4347377420985334,1.0803796174810312,0.64636610571789022,0.40257369381300362,0.089281510050523219,0.43328586086020043,0.083465334055278673,0.012094217982268767,0.071371116073009874,0.59436236982466151,0.028181818181818179
zone7,ALL,overall,NO_BACKOFF_EXACT,2.5100174324426527,1.401088326030981,1.1089291064116718,0.64566839344497262,0.39312161064796103,0.099606540840313756,0.42597791646461347,0.083890418800867922,0.012784113685954224,0.071106305114913698,0.59237092671927227,0.025454545454545452
zone7,ALL,overall,NO_G,2.4833838964428301,1.3817156927862635,1.1016682036565661,0.64173852310497592,0.38767985973652375,0.12667791812021981,0.41168677688125027,0.086522217353975889,0.01601604457314517,0.070506172780830698,0.59318803454734848,0.056363636363636359
zone7,ALL,overall,NO_RWG,2.4617194063008134,1.3624788493482567,1.099240556952557,0.63597978102908115,0.38227625202921872,0.16803205837261131,0.40823160182555346,0.092228593304838014,0.021825853501038404,0.070402739803799588,0.59724427858132434,0.20727272727272728
zone7,ALL,overall,NO_SCREEN,2.4725036771520061,1.3457986413258287,1.1267050358261774,0.62985557114628232,0.37759080033752496,0.17809403227192894,0.39163637252034122,0.09007373176069064,0.02389709391521096,0.066176637845479655,0.59679489438742528,0.22636363636363638
zone7,ALL,overall,OUTCOME_ORACLE,2.1383003688311524,1.2718350638027449,0.86646530502840791,0.64459535923770761,0.35681451451643464,0.15098174134562864,0.45590265906537147,0.09984482895079598,0.021202807275581555,0.078642021675214432,0.51623876477882658,0.27363636363636362
zone7,ALL,overall,STATE_ORACLE,2.4249278063754507,1.3326358907870399,1.0922919155884105,0.62862817697345785,0.37389339850078696,0.1890577334675233,0.38627863104425508,0.090912365415070834,0.024877486414809753,0.066034879000261087,0.59460510410757139,0.28272727272727272
zone7,ALL,overall,WIDTH_ONLY,2.7958993570110708,1.1226370177796365,1.6732623392314341,0.5408949277530557,0.31490495102679733,0.4124232051995077,0.07526115075999662,0.071592945241803291,0.059251113098621057,0.012341832143182246,0.60555851458738785,0.77727272727272723
zone7,ALL,overall,WIDTH_SAME_SCREEN,2.6995195615978247,1.2287238636528521,1.4707956979449721,0.57671856854359249,0.34470462683388026,0.23641161941080871,0.13338101211910819,0.053964415684838771,0.032369733035922374,0.021594682648916376,0.59422632409529641,0.23727272727272725
zone7,ALL,ramp,CLARA,2.901558239056016,1.6172066987637546,1.2843515402922603,0.62474701717561931,0.45395891596774723,0.13194525835254614,0.38345630564614835,0.080690115780313071,0.016641689638083948,0.064048426142229109,0.70224171269142432,0.24727272727272726
zone7,ALL,ramp,FEASIBLE_STATE_ORACLE,2.872014951081284,1.6067230423529746,1.2652919087283088,0.62375017799300148,0.45101406866134841,0.13786701191762646,0.38560511718264906,0.081583952666373583,0.017125297048764459,0.064458655617609106,0.70012199215008664,0.2627272727272727
zone7,ALL,ramp,FIX_REFERENCE_PRICE,2.9820787964955082,1.6637030120655072,1.3183757844299999,0.64648836838186285,0.46701967813116091,0.091482074023804497,0.46991429478258945,0.089228512676549257,0.010582196750193267,0.078646315926355986,0.69948698529216957,0.14999999999999999
zone7,ALL,ramp,GLOBAL_SCORE_SAME_SCREEN,2.9195958652652987,1.639426395353605,1.2801694699116917,0.62403534791419124,0.4602004037738851,0.11136492772520354,0.39251255331255858,0.0790926226384977,0.014901983752843045,0.064190638885654641,0.70156519143937324,0.22181818181818183
zone7,ALL,ramp,NO_BACKOFF_EXACT,2.9147231488088261,1.6174773766714019,1.2972457721374226,0.62430718940214347,0.45403494908787312,0.12442912090786806,0.3869019986942967,0.07957958874107475,0.015803495131945507,0.063776093609129225,0.70278178195783114,0.24272727272727274
zone7,ALL,ramp,NO_G,2.8841187414414784,1.6059227444008208,1.2781959970406569,0.62213020983005429,0.45078926586579976,0.15790299031505667,0.37645230012775743,0.083244592516291627,0.019695856067636245,0.063548736448655357,0.70372591368499848,0.29454545454545455
zone7,ALL,ramp,NO_RWG,2.8400703631042865,1.5189855273714095,1.3210848357328766,0.59516169654204076,0.42636869928450427,0.20855518196054829,0.37543996832957421,0.09050282488043021,0.026922756631644246,0.063580068248785968,0.71888570734675683,0.42727272727272725
zone7,ALL,ramp,NO_SCREEN,2.845165018687458,1.5226128035796316,1.3225522151078255,0.59459178289035186,0.42738759709580282,0.22040946972897216,0.35764285370597387,0.088879560114728445,0.029379368080853018,0.059500192033875396,0.7158557476190317,0.43636363636363634
zone7,ALL,ramp,OUTCOME_ORACLE,2.4623786582487797,1.423025523545882,1.0393531347028975,0.60622749332950954,0.39941364203014262,0.18180266689467378,0.42804756348388528,0.097623655685683805,0.025295672629927341,0.072327983055756453,0.60967429149521091,0.37545454545454549
zone7,ALL,ramp,STATE_ORACLE,2.8010697962746653,1.497277352047901,1.3037924442267641,0.59020996742212062,0.42027089722733918,0.2318147901150808,0.35424154720870121,0.089800213609890739,0.030373092607019325,0.059427121002871418,0.713215927532722,0.4718181818181818
zone7,ALL,ramp,WIDTH_ONLY,3.3304591856720465,1.2227904691520628,2.1076687165199841,0.48647050475900633,0.34316784023412578,0.48811430303884862,0.051804934120604364,0.078711518611403242,0.069793769165421377,0.0089177494459818547,0.73548608239676305,0.91363636363636369
zone7,ALL,ramp,WIDTH_SAME_SCREEN,3.1493842502698031,1.4290991682261518,1.720285082043651,0.5596163989383498,0.4011197219965103,0.28620241844009386,0.099316757431941793,0.055226667621672144,0.038511306049867161,0.016715361571804956,0.70794251269214814,0.53818181818181821
zone8,ALL,ordinary,CLARA,2.4018300066833183,1.3351093022450931,1.0667207044382256,0.6585598940993791,0.37459876998444369,0.086213697282667104,0.45139001857841687,0.087221880322555886,0.011325810163585028,0.07589607015897086,0.56012524384192675,0.019090909090909092
zone8,ALL,ordinary,FEASIBLE_STATE_ORACLE,2.359853775750953,1.3299641362957473,1.0298896394552055,0.659677227450856,0.37315349865035785,0.086830966862691955,0.45607749254679675,0.088643117179291311,0.011382631486085615,0.077260485693205691,0.55818091041471496,0.022727272727272728
zone8,ALL,ordinary,FIX_REFERENCE_PRICE,2.4514757519584434,1.3613634755052908,1.0901122764531521,0.67723930679704625,0.38197353775416221,0.05736715454844956,0.54087678569665332,0.099011829327321055,0.006707561985148108,0.092304267342172952,0.56011310101136025,0.0045454545454545452
zone8,ALL,ordinary,GLOBAL_SCORE_SAME_SCREEN,2.4135001485497023,1.3792273486838931,1.0342727998658088,0.65966926095083878,0.38699147965826419,0.076519535159314561,0.45749679137902743,0.085662250585379685,0.010569866554554755,0.075092384030824938,0.56401648530701942,0.019999999999999997
zone8,ALL,ordinary,NO_BACKOFF_EXACT,2.407551433418075,1.3406342982906492,1.0669171351274254,0.65922510474359419,0.37615073516577974,0.082135450308135821,0.45411257340172462,0.086554731896485201,0.010916965454799093,0.075637766441686113,0.55961003627646044,0.019090909090909092
zone8,ALL,ordinary,NO_G,2.389193665408706,1.323750943660676,1.06544272174803,0.65649397541344501,0.3714082198202816,0.097980799229068521,0.44157264215033482,0.088120837072529892,0.012820317810285286,0.075300519262244597,0.56114532933149674,0.035454545454545454
zone8,ALL,ordinary,NO_RWG,2.3730869461726343,1.328581924531778,1.044505021640856,0.65822032664973751,0.37276523691890573,0.14685447114906058,0.42874689291788892,0.093457869244070374,0.019467810351197497,0.07399005889287287,0.5600115780714372,0.036363636363636362
zone8,ALL,ordinary,NO_SCREEN,2.3849603760046101,1.3023460154790707,1.0826143605255398,0.65008221572619718,0.3653955995445497,0.15275567827131881,0.41931056053518967,0.091397875016870356,0.020722785225333239,0.07067508979153711,0.55966169187906956,0.040909090909090909
zone8,ALL,ordinary,OUTCOME_ORACLE,2.0849873581355971,1.2427831747197362,0.84220418341586034,0.66628201427605904,0.34866446449979283,0.1318879293725706,0.48490721567851525,0.1026742984531929,0.018603423820206855,0.084070874632986042,0.49504792592228908,0.072727272727272724
zone8,ALL,ordinary,STATE_ORACLE,2.3288533470764157,1.2917730772439882,1.0370802698324273,0.65119531686948873,0.36242567307402085,0.15831629961354871,0.41894532480231722,0.092723909652270703,0.021202881932749676,0.071521027719521027,0.55778305629872038,0.040000000000000001
zone8,ALL,ordinary,WIDTH_ONLY,2.5893093170245041,1.1307676405650393,1.4585416764594652,0.57498836939146603,0.31719942681588897,0.37067231460629108,0.098886766644915608,0.068473557619850273,0.05312571042102214,0.015347847198828129,0.56232645708017237,0.27272727272727271
zone8,ALL,ordinary,WIDTH_SAME_SCREEN,2.5551371667855425,1.1920572595941006,1.3630799071914417,0.59432019404949299,0.33441561193641201,0.19089491574791384,0.16806218690338795,0.052755474196051352,0.027114115709845909,0.02564135848620543,0.5590778374848272,0.10454545454545454
zone8,ALL,overall,CLARA,2.7248680066113313,1.5079106997990039,1.2169573068123276,0.64191296277925658,0.42312339017822087,0.10854382111296039,0.4178474534805684,0.083731362698766798,0.014282399569026365,0.069448963129740401,0.6453206819537185,0.05272727272727272
zone8,ALL,overall,FEASIBLE_STATE_ORACLE,2.6877776554033663,1.5052430124276133,1.1825346429757526,0.64340253416468651,0.42237403979299903,0.10826344910025631,0.42502280408092263,0.085219362029958015,0.014214143381634422,0.07100521864832357,0.64345779477051868,0.060909090909090913
zone8,ALL,overall,FIX_REFERENCE_PRICE,2.7975831132372271,1.5483406484693716,1.2492424647678555,0.6631444839046412,0.43448011733281866,0.072877977489262155,0.50634066826479818,0.093703882445073869,0.0086759398302035801,0.085027942614870233,0.6451237389007366,0.022727272727272728
zone8,ALL,overall,GLOBAL_SCORE_SAME_SCREEN,2.7356576738501603,1.5401552810783059,1.1955023927718553,0.64189291783450275,0.43218085682970991,0.097692164784043217,0.42268442567984899,0.082114237074339999,0.013420110300601588,0.068694126773738401,0.6464691199626309,0.045454545454545456
zone8,ALL,overall,NO_BACKOFF_EXACT,2.7340216368755841,1.5122152261004804,1.2218064107751034,0.64218427474068207,0.42433252677975924,0.10396185045102879,0.41994147506319857,0.083044038027223738,0.013821671198495792,0.069222366828727913,0.64555816659398935,0.049090909090909088
zone8,ALL,overall,NO_G,2.7097363227324274,1.4980259081373084,1.2117104145951192,0.63986892255076588,0.4203467633069583,0.12214494290029836,0.41036488039305652,0.085010399289768529,0.01591389377936616,0.069096505510402334,0.6450929701036473,0.079090909090909087
zone8,ALL,overall,NO_RWG,2.688240887571284,1.4684332224194132,1.219807665151871,0.6312848628142157,0.41203421113901018,0.17811021722537859,0.40021490658191256,0.091570721708298802,0.023575673860126174,0.067995047848172618,0.65181233126216465,0.23545454545454544
zone8,ALL,overall,NO_SCREEN,2.6966614681195238,1.4521900327018877,1.2444714354176365,0.62606539817935614,0.40747151739813203,0.18720125280930316,0.38929987803593391,0.090393922136013688,0.025689430400500285,0.064704491735513375,0.65214981555104912,0.28727272727272724
zone8,ALL,overall,OUTCOME_ORACLE,2.3487048908769941,1.3818098628339295,0.96689502804306415,0.64341687537231551,0.38770180676106564,0.15591375234013535,0.46509201125227062,0.101131596443977,0.022108721691359183,0.079022874752617822,0.56725818301602515,0.27181818181818179
zone8,ALL,overall,STATE_ORACLE,2.6452832972247027,1.4422525615256148,1.2030307356990886,0.62668029020853722,0.40468009291041512,0.19221563121512925,0.39244380287981928,0.091851368047963455,0.026020725708306609,0.065830642339656853,0.64887891584325363,0.30818181818181817
zone8,ALL,overall,WIDTH_ONLY,3.076963150213647,1.2179630592052435,1.8590000910084021,0.53659202339571843,0.34167742371929982,0.43432092597849836,0.07942010370450478,0.075543100474935579,0.063088562691351324,0.012454537783584286,0.66612934859725692,0.75909090909090904
zone8,ALL,overall,WIDTH_SAME_SCREEN,2.9501592400914998,1.3391513890551408,1.6110078510363579,0.5748980868804292,0.37571908940747312,0.2366365753002527,0.13721040553231689,0.054492195510039955,0.03322050459505145,0.021271690914988494,0.64974486104449114,0.28545454545454546
zone8,ALL,ramp,CLARA,3.2520928775688196,1.7754730206399212,1.4766198569288971,0.61237701634259056,0.49842074815076209,0.13505952742964852,0.37667388978861499,0.079233693882126074,0.017679807088181947,0.061553886793944114,0.78203938173047205,0.32090909090909092
zone8,ALL,ramp,FEASIBLE_STATE_ORACLE,3.2169710342459181,1.7762238103053705,1.440747223940547,0.61481131724410398,0.49863164412420302,0.13423531094528687,0.38640715102274698,0.080772701461397062,0.017490001216026001,0.06328270024537104,0.78041750406523813,0.31727272727272726
zone8,ALL,ramp,FIX_REFERENCE_PRICE,3.3522029542551328,1.8324776069365103,1.5197253473186216,0.63498853962233726,0.51443327239137693,0.090815090298956277,0.46407397599308248,0.086973715622403927,0.010850679318789531,0.076123036303614403,0.78149304429550548,0.18181818181818182
zone8,ALL,ramp,GLOBAL_SCORE_SAME_SCREEN,3.2608606373319162,1.793431296381278,1.4674293409506356,0.6112488301201463,0.5034652076286712,0.12179861252152528,0.37732365263143025,0.077371682323088581,0.016638321538724962,0.060733360784363602,0.77917110761449315,0.30181818181818182
zone8,ALL,ramp,NO_BACKOFF_EXACT,3.2637545351108876,1.7758824923359415,1.4878720427749443,0.61140150448456432,0.49853576829009372,0.12921719797325987,0.37829516880421826,0.07847769894420191,0.01709990671897757,0.061377792225224326,0.78296276523051889,0.31545454545454549
zone8,ALL,ramp,NO_G,3.2347927508218697,1.7700407509873197,1.4647519998345484,0.61144797595991329,0.49689482970902016,0.15163909195873945,0.37162694866205381,0.080958502042703856,0.019555625236299924,0.061402876806403925,0.78106255194899632,0.35545454545454547
zone8,ALL,ramp,NO_RWG,3.1961399208989163,1.6724318476441813,1.5237080732547343,0.58064180234101015,0.46947659843285761,0.22346962300771195,0.36478757082416213,0.089899441750120435,0.029406828132938496,0.060492613617181924,0.80527813877828791,0.46909090909090911
zone8,ALL,ramp,NO_SCREEN,3.2019266566943756,1.6754463648802116,1.5264802918141627,0.58175268316410278,0.47032337293736043,0.23194132446171065,0.35286921970534224,0.089185268740992446,0.031802385319891192,0.057382883421101247,0.80257457999462267,0.46454545454545454
zone8,ALL,ramp,OUTCOME_ORACLE,2.7884252629544881,1.5882982591261023,1.2001270038283853,0.59994807167428121,0.44584356795025137,0.18938569031861277,0.43767533188199348,0.099393045572538669,0.026710702832517575,0.072682342740021111,0.6873364877299315,0.36909090909090908
zone8,ALL,ramp,STATE_ORACLE,3.1486055269402242,1.6660405524077606,1.4825649745324623,0.58284780019633586,0.46768129078217779,0.23752830537099787,0.3597322506807345,0.090787822869132076,0.03204112822531268,0.058746694643819361,0.79874612898594033,0.45999999999999996
zone8,ALL,ramp,WIDTH_ONLY,3.8325586915560459,1.3499600058514829,2.4825986857045628,0.4709386819289817,0.37889462040120081,0.52156648647830361,0.053203887304112643,0.084113030906307673,0.075553819360316063,0.0085592115459915928,0.83643127397975703,0.90909090909090895
zone8,ALL,ramp,WIDTH_SAME_SCREEN,3.5619550154822925,1.578354464663557,1.9836005508187344,0.54467822192769155,0.44305036725852515,0.29047958661061807,0.096888779549697629,0.055889777808190023,0.040218089816637853,0.015671687991552146,0.79258578626175391,0.68636363636363629
zone9,ALL,ordinary,CLARA,2.5058551795256263,1.3477062476653459,1.1581489318602798,0.66044710386204231,0.37759588766952712,0.068751679736581917,0.47168012694100803,0.088683951932405636,0.0093525837406816525,0.079331368191723983,0.58889638738216399,0.011818181818181818
zone9,ALL,ordinary,FEASIBLE_STATE_ORACLE,2.4623804338476303,1.347792882703625,1.1145875511440044,0.66331978592836893,0.37762022335443696,0.070023016853311928,0.47154728731188822,0.089900163386422177,0.0095197211895916255,0.080380442196830534,0.58624530937792685,0.012727272727272726
zone9,ALL,ordinary,FIX_REFERENCE_PRICE,2.5610347602051715,1.3777003877439067,1.1833343724612644,0.68079166190588325,0.38602120791631384,0.043541959087362872,0.56649294749528867,0.10180678246074851,0.0049976115975543765,0.096809170863194113,0.58835739531672215,0.0045454545454545452
zone9,ALL,ordinary,GLOBAL_SCORE_SAME_SCREEN,2.5070206224146228,1.3879409346609013,1.1190796877537212,0.66140560314619601,0.38889776603906528,0.062192643670996958,0.47516828962111157,0.086392413362207585,0.0087824439311181262,0.077609969431089457,0.59194192945067259,0.013636363636363636
zone9,ALL,ordinary,NO_BACKOFF_EXACT,2.510274527592153,1.3486364374538458,1.1616380901383072,0.66033018155814849,0.3778571769359596,0.067974196346974478,0.4736567208368932,0.088289474463344411,0.0092200002893713696,0.079069474173973031,0.58870344052865298,0.013636363636363636
zone9,ALL,ordinary,NO_G,2.4837162793947996,1.3343447816737999,1.149371497720999,0.6577873947750742,0.37384266688538492,0.079766290146171953,0.46030819796939759,0.089720348645834141,0.010887977369627242,0.078832371276206889,0.58916329792765143,0.02636363636363636
zone9,ALL,ordinary,NO_RWG,2.4706604187441408,1.3406451598103319,1.1300152589338084,0.66045498266378566,0.37561243602486022,0.12166526042555567,0.4399860394819945,0.092641620571858124,0.016206847273950251,0.076434773297907876,0.58954299960931922,0.030909090909090907
zone9,ALL,ordinary,NO_SCREEN,2.4883624852503323,1.3151877919018637,1.1731746933484677,0.65193421431132492,0.36846148998315575,0.12841316815201523,0.42697657230002956,0.090223602902996733,0.017564123666047642,0.072659479236949098,0.58970928169656556,0.041818181818181824
zone9,ALL,ordinary,OUTCOME_ORACLE,2.2055600309847074,1.2606899855002003,0.9448700454845067,0.66807765938890229,0.3531531173984187,0.10413991521504695,0.4888437366037614,0.09861559581390264,0.014734012988903955,0.083881582824998691,0.52287893450493883,0.050909090909090904
zone9,ALL,ordinary,STATE_ORACLE,2.4354509854237212,1.3114496521576382,1.1240013332660819,0.65445045948100533,0.36741145072915976,0.13685881047151616,0.42109676130461809,0.09175122808184509,0.018474956680449441,0.073276271401395657,0.58616667037007686,0.040909090909090909
zone9,ALL,ordinary,WIDTH_ONLY,2.7200144318925323,1.1530838602174136,1.5669305716751181,0.58344223566574294,0.32292667771224265,0.30191603227705915,0.11709274078535356,0.061632935777421585,0.043485099546633592,0.018147836230788,0.59396544305247334,0.22727272727272724
zone9,ALL,ordinary,WIDTH_SAME_SCREEN,2.6751323107423435,1.2174584817229412,1.4576738290194016,0.60325248238069618,0.34100943656211002,0.1382911037768137,0.20390170855981857,0.051409878218333746,0.020162648379838166,0.031247229838495576,0.58863153295622506,0.062727272727272729
zone9,ALL,overall,CLARA,2.694106530777201,1.4789811111428857,1.2151254196343149,0.65095140978522603,0.41445461026716079,0.083622205495620577,0.44532419440635118,0.085515155340935498,0.011203526599273133,0.074311628741662347,0.63822658206851091,0.021818181818181816
zone9,ALL,overall,FEASIBLE_STATE_ORACLE,2.6626234582854083,1.47533682327736,1.1872866350080475,0.65195200589482738,0.41343093390044033,0.084991402751128459,0.44656517694862841,0.086825903177707095,0.011372291961644907,0.075453611216062172,0.63636476348473103,0.024545454545454544
zone9,ALL,overall,FIX_REFERENCE_PRICE,2.7607855976905133,1.5179872272913288,1.2427983703991841,0.67277185750196311,0.42541138446616167,0.05369022709492919,0.54019033208190492,0.097440307703994936,0.0062373627423497327,0.09120294496164516,0.63794858474539407,0.0090909090909090905
zone9,ALL,overall,GLOBAL_SCORE_SAME_SCREEN,2.7035810341363087,1.5082858811054911,1.1952951530308176,0.65003990290178115,0.42268628722294838,0.075540409998736721,0.44902910121693163,0.083340920696230947,0.010517247837936203,0.072823672858294733,0.6395209629876869,0.019999999999999997
zone9,ALL,overall,NO_BACKOFF_EXACT,2.6988943275099535,1.4795866561555229,1.2193076713544297,0.65082393978101272,0.41462470718082295,0.082709211555753767,0.4469390221473189,0.085108285659983018,0.011056859322774098,0.074051426337208917,0.63832062860478145,0.020909090909090908
zone9,ALL,overall,NO_G,2.6771681916181178,1.4685562623925246,1.208611929225593,0.64880058787670347,0.41152628196649771,0.096645141546016389,0.43552363844677711,0.086982811711134228,0.012977199036673936,0.074005612674460305,0.63843065082786377,0.045454545454545456
zone9,ALL,overall,NO_RWG,2.6568047256598342,1.4414778051215416,1.2153269205382915,0.64111521230921986,0.40391997374431171,0.14054032336778444,0.41731967976997597,0.090471726235936217,0.018687451547486116,0.071784274688450139,0.64118800956017163,0.12545454545454546
zone9,ALL,overall,NO_SCREEN,2.664558858403216,1.4279761779938083,1.2365826804094069,0.63589879392785942,0.40012738185449886,0.14912999166182,0.40409608084500742,0.088523793509221335,0.020346174517127152,0.06817761899209418,0.64203970455893111,0.17181818181818181
zone9,ALL,overall,OUTCOME_ORACLE,2.3602895308647556,1.3582497698440334,1.0020397610207206,0.65024700834725258,0.38054131214950632,0.11897797621274944,0.47042856938047939,0.096186451811812332,0.016714396997717863,0.079472054814094473,0.56435116613934677,0.14181818181818179
zone9,ALL,overall,STATE_ORACLE,2.6233355107006084,1.4170816921747555,1.2062538185258516,0.63555858923758524,0.39706713302892238,0.15838552887790699,0.39981422583406356,0.09015278560956784,0.021327184090118301,0.068825601519449539,0.63952292805990019,0.18363636363636365
zone9,ALL,overall,WIDTH_ONLY,3.0085570321682087,1.2179601949746381,1.790596837193569,0.55504156765874502,0.341134128197429,0.33927126856728984,0.099101444048536783,0.064769652607340758,0.049053070530328771,0.015716582077012004,0.65103981397483268,0.45454545454545447
zone9,ALL,overall,WIDTH_SAME_SCREEN,2.9004644182988613,1.3303910147318283,1.5700734035670316,0.59190466058003899,0.37271581914045965,0.16600074954854119,0.17702036665890078,0.051355570908868775,0.023753037817661631,0.02760253309120711,0.63943231033667036,0.13181818181818181
zone9,ALL,ramp,CLARA,3.0123491593464791,1.6572227376866437,1.355126421659834,0.6306440329416414,0.46473083554367295,0.096943418042558696,0.42074707773553854,0.082699235389471396,0.0128107877269471,0.069888447662524264,0.71604065222156554,0.1409090909090909
zone9,ALL,ramp,FEASIBLE_STATE_ORACLE,2.9875391072147224,1.6526059476713748,1.3349331595433465,0.63083130446608071,0.46343398441578854,0.09839611890161766,0.4230418521813335,0.084082163878211269,0.012984035528720688,0.071098128349490558,0.71465784688982958,0.14909090909090908
zone9,ALL,ramp,FIX_REFERENCE_PRICE,3.0903261340929769,1.7057395454762503,1.3845865886167252,0.65275508197042686,0.47835915233850629,0.062155369006360851,0.51600947770979089,0.093539489216507968,0.0072982455530748403,0.086241243663433095,0.71598021756867569,0.068181818181818177
zone9,ALL,ramp,GLOBAL_SCORE_SAME_SCREEN,3.0227678137461291,1.6725813891751748,1.3501864245709521,0.62827298687201716,0.46904506348988961,0.087094623675422034,0.42391548853261635,0.08051884012791069,0.01200476380393518,0.068514076323975506,0.71517979466437298,0.1390909090909091
zone9,ALL,ramp,NO_BACKOFF_EXACT,3.0180606200287947,1.6563316759699749,1.3617289440588181,0.63017587936268993,0.46448053730865357,0.096054261320246387,0.42208135492839133,0.082295852738892422,0.012665268997455953,0.06963058374143645,0.71655773013639423,0.13545454545454544
zone9,ALL,ramp,NO_G,2.9977269373802029,1.6491471159167534,1.3485798214634481,0.62896738585718626,0.46246240246224302,0.11126101545805786,0.4120768139334719,0.084443748882011921,0.014729942956170569,0.069713805925841352,0.71660263260171708,0.18363636363636365
zone9,ALL,ramp,NO_RWG,2.9589501398483669,1.5703646854429283,1.3885854544054379,0.6048038646782361,0.44033250626173032,0.15834861599437944,0.39528632923784979,0.088566283839541585,0.020914845942752117,0.067651437896789443,0.72503904551087972,0.35636363636363633
zone9,ALL,ramp,NO_SCREEN,2.9626390407678578,1.5744085320592931,1.3882305087085636,0.60448765574544638,0.44146841823261934,0.16760398548835581,0.38210242755064433,0.086902153521357356,0.02273489051325699,0.064167263008100356,0.72515522276264588,0.35636363636363633
zone9,ALL,ramp,OUTCOME_ORACLE,2.6262498274342208,1.4855699624882592,1.1406798649459606,0.61645429934613993,0.41651376385873362,0.13254670399680832,0.45053181041682766,0.093896513105158147,0.018492207324573736,0.075404305780584394,0.63287604404529729,0.29272727272727272
zone9,ALL,ramp,STATE_ORACLE,2.9250033520950254,1.5559465630134655,1.3690567890815588,0.60187870380973574,0.43628247187143199,0.17783013344435766,0.37915985033628757,0.088644905665508408,0.023787781446989616,0.064857124218518789,0.7238825183921479,0.37727272727272726
zone9,ALL,ramp,WIDTH_ONLY,3.4364706595610586,1.3053688725935735,2.1311017869674842,0.50897711452875016,0.36589548018045104,0.37337147970711854,0.079325336722098752,0.067075075176836557,0.053828304921412981,0.013246770255423573,0.74134975806802628,0.76818181818181819
zone9,ALL,ramp,WIDTH_SAME_SCREEN,3.2501270967759011,1.4950899997405416,1.7550370970353579,0.57385092143247696,0.41918793162622858,0.18981431858573342,0.15112759351696098,0.05100327814030229,0.026779235379933604,0.024224042760368665,0.71856803408776171,0.35636363636363633
