farm_id,price_id,regime,method,ERRF,capacity,exceedance,coverage,width,TUWR,TOWR,ARD,under_gap,over_gap
FarmA,rho_1,ordinary,ACI,0.411072840227274,0.386548548363819,0.02452429186345488,0.7594257259616947,0.42799299409816133,0.02539007569013586,0.817533549748773,0.1415750944563878,0.0011348215954545295,0.14044027286093327
FarmA,rho_1,ordinary,AgACI,0.43293952943706965,0.40913978909658366,0.02379974034048601,0.7647119394600691,0.4533764106518286,0.06721513472870493,0.8090449521244786,0.1604242712567088,0.004453479340590654,0.15597079191611818
FarmA,rho_1,ordinary,CART,0.3563401415329491,0.3257622413321583,0.030577900200790764,0.6961312978746522,0.359693772714273,0.2380968580725512,0.5153869791605452,0.08663893612339445,0.02275619436506282,0.06388274175833164
FarmA,rho_1,ordinary,CLARA,0.330621743454715,0.2991540673858034,0.031467676068911536,0.6926363005780591,0.3297969480554473,0.12918069100119003,0.6243367228792515,0.08285063329491653,0.009988014336554572,0.07286261895836199
FarmA,rho_1,ordinary,CLARA_cost_update,0.32649554868650965,0.2943736552812279,0.03212189340528174,0.6869963343046664,0.3244256984997445,0.15176403676890324,0.5991537735450017,0.08401452472791555,0.013257939742295282,0.0707565849856203
FarmA,rho_1,ordinary,CLARA_coverage_update,0.3354441719449756,0.30430844846344834,0.031135723481527263,0.6990860506023848,0.33558838746853153,0.11761044656538835,0.6499179687208035,0.08578114667825663,0.009210872066914552,0.07657027461134212
FarmA,rho_1,ordinary,CLARA_frozen,0.33109160681567507,0.2993045853142459,0.03178702150142908,0.6922253695081237,0.32996606932336053,0.14095350700526887,0.6170358740601413,0.08614514888664607,0.012383596034356093,0.07376155285229004
FarmA,rho_1,ordinary,EEE,0.3708662476158234,0.34532222406914204,0.025544023546681494,0.7184507324867225,0.38167128140751405,0.17104703872404464,0.6160434900742929,0.09549861687526925,0.016736853037416663,0.0787617638378526
FarmA,rho_1,ordinary,EnbPI-RH,0.32902752795419965,0.29623035117306973,0.03279717678112993,0.6943493903696714,0.32651187365911805,0.25713218951323263,0.46050611772823324,0.07381498424011969,0.02339376770312855,0.050421216536991165
FarmA,rho_1,ordinary,LinUCB,0.3272124696423499,0.2949122121865738,0.03230025745577608,0.6952572666338611,0.32503081861811106,0.25743868386180696,0.46223086802117647,0.079760356091453,0.026798545878478016,0.05296181021297497
FarmA,rho_1,ordinary,Static,0.3224255464833455,0.28937020764309834,0.03305533884024713,0.6919013430602344,0.3188038472209476,0.2975416681089961,0.4376612443275494,0.08107865663395504,0.031391570374111326,0.04968708625984368
FarmA,rho_1,ordinary,TSC,0.3296835980261535,0.29692695549001547,0.03275664253613805,0.6923364329039919,0.32729457513883214,0.26110855932327265,0.46837302752517385,0.07580626189548867,0.0259629291313947,0.04984333276409402
FarmA,rho_1,overall,ACI,0.47299084731882707,0.4341696184823116,0.03882122883651445,0.7199785310495513,0.47138041756300403,0.02931484081240594,0.8035201683398706,0.13754888265096676,0.0013198389923520825,0.1362290436586146
FarmA,rho_1,overall,AgACI,0.4941978208249486,0.45682874548948826,0.037369075335458926,0.7321771514450198,0.4968401108294968,0.07289861955030706,0.797450953400956,0.15750929615173312,0.004897837064872085,0.15261145908686102
FarmA,rho_1,overall,CART,0.40835018864335787,0.35675743199952653,0.05159275664383111,0.6190959388709125,0.3844004327508888,0.2625717519587631,0.48780358847545613,0.08478465722782672,0.026114449786746343,0.05867020744108034
FarmA,rho_1,overall,CLARA,0.40956419070759115,0.3624936966565485,0.047070494051042334,0.6441399887687286,0.39084567393855457,0.1386913134965109,0.6019039909809605,0.07850114326975687,0.010276808762722371,0.0682243345070345
FarmA,rho_1,overall,CLARA_cost_update,0.406483112651044,0.3586278764295925,0.047855236221451186,0.638574388507459,0.38650205570602003,0.16328387838205832,0.5759291520660205,0.07981150195358816,0.013707816684781639,0.06610368526880649
FarmA,rho_1,overall,CLARA_coverage_update,0.4128550641832469,0.3660749034278379,0.046780160755408765,0.6485672545615261,0.3948695017714627,0.12766585120704957,0.627397221345819,0.08126383460473129,0.009516608843601714,0.07174722576112953
FarmA,rho_1,overall,CLARA_frozen,0.4093814865909344,0.3618561817409432,0.047525304849990894,0.642457121699482,0.39012936504461515,0.15217103725755046,0.5940770789747591,0.08180160021226174,0.01281011187564004,0.06899148833662169
FarmA,rho_1,overall,EEE,0.42781100839041,0.38416608121713636,0.04364492717327366,0.6430850389542309,0.4151966678268556,0.18869044070968252,0.5960602803068846,0.09377452762159244,0.019143047115821446,0.07463148050577097
FarmA,rho_1,overall,EnbPI-RH,0.38374792351048354,0.326967949965336,0.05677997354514759,0.6051555245509019,0.3509291046225847,0.2897778179087549,0.42143877091410503,0.07166858632326423,0.027141340838259823,0.04452724548500432
FarmA,rho_1,overall,LinUCB,0.38340523063422877,0.3264758768649338,0.056929353769294665,0.6040055853477798,0.3503762134985388,0.28787720094703656,0.4261943186429731,0.0777005003349883,0.0305266109060352,0.04717388942895307
FarmA,rho_1,overall,Static,0.3778784889810333,0.3186980109314172,0.0591804780496161,0.5964856857997352,0.341637038292339,0.3292677214807976,0.4042309503834691,0.07988251651133713,0.0358020755697675,0.04408044094156955
FarmA,rho_1,overall,TSC,0.3839353325045503,0.326645112856243,0.05729021964830743,0.6019017632869255,0.3505663662977606,0.290864964813616,0.4295534968999784,0.07384499890827684,0.02961501872812363,0.04422998018015311
FarmA,rho_1,ramp,ACI,0.5825490146772577,0.5287111862832433,0.05383782839401396,0.6762305231865743,0.5749153854416136,0.03342884098573314,0.78115747520119,0.12893407037470256,0.0014907127548225865,0.12744335761987993
FarmA,rho_1,ramp,AgACI,0.6057932716036989,0.5548669737831882,0.05092629782051004,0.6968754914593318,0.60430391072245,0.07940119655406513,0.7789958475852609,0.15061184855228613,0.005277346763807864,0.1453345017884783
FarmA,rho_1,ramp,CART,0.49128552273250353,0.41224888712837854,0.07903663560412477,0.5211799497395879,0.4440588695372727,0.2945466446261445,0.43664713869547767,0.07778938491598895,0.029361702456567804,0.048427682459421174
FarmA,rho_1,ramp,CLARA,0.525098650488382,0.4578340950427226,0.06726455544565896,0.586974527932782,0.49527820427249075,0.1571662559518331,0.5599868159474084,0.0701738653730722,0.010499568354845619,0.05967429701822658
FarmA,rho_1,ramp,CLARA_cost_update,0.5254113788655619,0.45771123511789064,0.06770014374767054,0.5865958607441288,0.4951401594131293,0.17936554051214923,0.5348680540926724,0.07168963686907646,0.013786997041589321,0.057902639827487175
FarmA,rho_1,ramp,CLARA_coverage_update,0.5268470763702765,0.45995093399082093,0.06689614237945504,0.5887368620254864,0.49765667500069083,0.1467857686483662,0.5827482089668163,0.07249153737744937,0.009807109266281462,0.06268442811116791
FarmA,rho_1,ramp,CLARA_frozen,0.5265797666681699,0.4592682446370061,0.06731152203116314,0.5883373075807019,0.49688960831101164,0.16834234665198802,0.5514500541072077,0.07325510072206153,0.012914959959217449,0.060340140762844066
FarmA,rho_1,ramp,EEE,0.5222725945599614,0.45833805453890625,0.06393454002105513,0.5575608079612232,0.49584445089741713,0.2043565005997188,0.5627799806089299,0.08601285289293353,0.019976515115724815,0.06603633777720876
FarmA,rho_1,ramp,EnbPI-RH,0.46616011328418067,0.37919573570404563,0.08696437758013491,0.4953368598999294,0.40692049715038164,0.34010913323822795,0.3521753320398929,0.06552905652254805,0.03181820686421109,0.03371084965833697
FarmA,rho_1,ramp,LinUCB,0.4688293348839604,0.3823568396500226,0.08647249523393774,0.495983327384752,0.41047229933687285,0.3297635885839954,0.36772001269872284,0.07078283924887713,0.03390988782468168,0.03687295142419549
FarmA,rho_1,ramp,Static,0.4608618624659812,0.37057832238515404,0.09028354008082713,0.4833600696513708,0.39723801027522293,0.3671032790829835,0.3528966803160618,0.07363074863860343,0.039209465044453454,0.034421283594150004
FarmA,rho_1,ramp,TSC,0.4659859859366515,0.3779934106687533,0.08799257526789815,0.4921185864473342,0.4055695701444352,0.33533950060895035,0.36798781918615653,0.06867717299683572,0.0338619701846509,0.0348152028121848
FarmA,rho_10,ordinary,ACI,0.6317914669983667,0.386548548363819,0.24524291863454872,0.7594257259616947,0.42799299409816133,0.02539007569013586,0.817533549748773,0.1415750944563878,0.0011348215954545295,0.14044027286093327
FarmA,rho_10,ordinary,AgACI,0.6471371925014421,0.40913978909658366,0.2379974034048601,0.7647119394600691,0.4533764106518286,0.06721513472870493,0.8090449521244786,0.1604242712567088,0.004453479340590654,0.15597079191611818
FarmA,rho_10,ordinary,CART,0.6051490711207024,0.3294636990470096,0.27568537207369337,0.7335454203870996,0.3638527139669151,0.15479632605652244,0.6637562956036195,0.1256672924193524,0.013656896216344161,0.11201039620300825
FarmA,rho_10,ordinary,CLARA,0.5978957329807272,0.35998224553199865,0.2379134874487291,0.7709946076884411,0.3981432156354421,0.0435213776654872,0.8186696965176704,0.1548703119819864,0.0020073526649585487,0.15286295931702784
FarmA,rho_10,ordinary,CLARA_cost_update,0.598317299008342,0.3611335209769834,0.237183778031359,0.7705348060520024,0.3994367835511555,0.04620010118293191,0.8189412953662597,0.15500167531909925,0.002203667299804117,0.15279800801929516
FarmA,rho_10,ordinary,CLARA_coverage_update,0.6027696723740156,0.36216183318640655,0.24060783918760933,0.7685693278986754,0.4005921905280356,0.04046251310166466,0.825001553697541,0.1531154388941235,0.001789513055764174,0.15132592583835935
FarmA,rho_10,ordinary,CLARA_frozen,0.6019211828458704,0.36160531399638074,0.24031586884948986,0.7682481838987485,0.3999668880673322,0.046319112420923084,0.818245402701547,0.15270836230875537,0.0022276273645327233,0.15048073494422265
FarmA,rho_10,ordinary,EEE,0.6007624595359569,0.34532222406914204,0.25544023546681494,0.7184507324867225,0.38167128140751405,0.17104703872404464,0.6160434900742929,0.09549861687526925,0.016736853037416663,0.0787617638378526
FarmA,rho_10,ordinary,EnbPI-RH,0.6242021189843687,0.29623035117306973,0.32797176781129944,0.6943493903696714,0.32651187365911805,0.25713218951323263,0.46050611772823324,0.07381498424011969,0.02339376770312855,0.050421216536991165
FarmA,rho_10,ordinary,LinUCB,0.6109483117473168,0.37150485552087686,0.2394434562264406,0.7613800067795112,0.4110899684319344,0.08799033906914566,0.7698097666804545,0.14276724705130397,0.0074922407857664465,0.13527500626553757
FarmA,rho_10,ordinary,Static,0.6199235960455693,0.28937020764309834,0.33055338840247134,0.6919013430602344,0.3188038472209476,0.2975416681089961,0.4376612443275494,0.08107865663395504,0.031391570374111326,0.04968708625984368
FarmA,rho_10,ordinary,TSC,0.6087646658420978,0.370859898799331,0.23790476704276733,0.7748869426742366,0.4103652979582874,0.016678909376480196,0.859380874652389,0.1469465561538848,0.0006053669968828786,0.14634118915700192
FarmA,rho_10,overall,ACI,0.8223819068474594,0.4341696184823116,0.38821228836514443,0.7199785310495513,0.47138041756300403,0.02931484081240594,0.8035201683398706,0.13754888265096676,0.0013198389923520825,0.1362290436586146
FarmA,rho_10,overall,AgACI,0.8305194988440846,0.45682874548948826,0.3736907533545892,0.7321771514450198,0.4968401108294968,0.07289861955030706,0.797450953400956,0.15750929615173312,0.004897837064872085,0.15261145908686102
FarmA,rho_10,overall,CART,0.8075020788852517,0.38225607799037714,0.42524600089487324,0.6786303751110295,0.41305059678555145,0.1676746015330304,0.6478311868349138,0.1227401209866892,0.014989827590391845,0.10775029339629731
FarmA,rho_10,overall,CLARA,0.7907981624872128,0.42093048518676357,0.3698676773004467,0.7305709049605713,0.4565049868938511,0.04944375567928654,0.8041722860901335,0.1502204056130556,0.0022459585347454117,0.14797444707831015
FarmA,rho_10,overall,CLARA_cost_update,0.7909824126015994,0.42168105923820876,0.36930135336338793,0.7305222721799663,0.4573483285246882,0.051216983208862345,0.8052410102310277,0.15048585257410502,0.0023979731445605396,0.14808787942954438
FarmA,rho_10,overall,CLARA_coverage_update,0.7929940167287388,0.4232184987459981,0.3697755179827387,0.7296132235126557,0.4590757886457988,0.044807870422143015,0.8122052046393357,0.1487619294117775,0.0019779586032987744,0.1467839708084787
FarmA,rho_10,overall,CLARA_frozen,0.7928651550602743,0.4222370601623993,0.37062809489787296,0.7284090011638574,0.45797304866422733,0.050525510171320696,0.8055007407111319,0.14837203385460782,0.0024033545393685927,0.14596867931523916
FarmA,rho_10,overall,EEE,0.8206153529498731,0.38416608121713636,0.4364492717327369,0.6430850389542309,0.4151966678268556,0.18869044070968252,0.5960602803068846,0.09377452762159244,0.019143047115821446,0.07463148050577097
FarmA,rho_10,overall,EnbPI-RH,0.8947676854168113,0.326967949965336,0.5677997354514762,0.6051555245509019,0.3509291046225847,0.2897778179087549,0.42143877091410503,0.07166858632326423,0.027141340838259823,0.04452724548500432
FarmA,rho_10,overall,LinUCB,0.8114400739946593,0.41644708596361285,0.3949929880310451,0.7078868946210823,0.4514674596768275,0.09835388417159258,0.7519676378202669,0.1395611796449265,0.00856477976224864,0.13099639988267783
FarmA,rho_10,overall,Static,0.9105027914275787,0.3186980109314172,0.591804780496161,0.5964856857997352,0.341637038292339,0.3292677214807976,0.4042309503834691,0.07988251651133713,0.0358020755697675,0.04408044094156955
FarmA,rho_10,overall,TSC,0.8010339733402779,0.42021171714772837,0.3808222561925474,0.7241762510869121,0.45569738235560686,0.02040775550775797,0.8401712650603751,0.14120541277563217,0.0007617266752629778,0.14044368610036917
FarmA,rho_10,ramp,ACI,1.0670894702233855,0.5287111862832433,0.5383782839401395,0.6762305231865743,0.5749153854416136,0.03342884098573314,0.78115747520119,0.12893407037470256,0.0014907127548225865,0.12744335761987993
FarmA,rho_10,ramp,AgACI,1.0641299519882916,0.5548669737831882,0.5092629782051005,0.6968754914593318,0.60430391072245,0.07940119655406513,0.7789958475852609,0.15061184855228613,0.005277346763807864,0.1453345017884783
FarmA,rho_10,ramp,CART,1.0688520903383016,0.47308246603977316,0.5957696242985278,0.6138002914307624,0.5124112053927722,0.1858895208424216,0.6167133490274552,0.11493800531560189,0.01627515684923447,0.09866284846636746
FarmA,rho_10,ramp,CLARA,1.0423961243710067,0.5269704288484621,0.515425695522542,0.6845839272178067,0.5729594782115232,0.05771984184438488,0.7766699679893356,0.1411653370461607,0.0025218646714164506,0.13864347237474423
FarmA,rho_10,ramp,CLARA_cost_update,1.0425657354218414,0.5275981979781733,0.5149675374436657,0.6853893945759616,0.5736648367842319,0.05789122917334787,0.7794654246927252,0.14157391251158644,0.0025794589067957546,0.1389944536047907
FarmA,rho_10,ramp,CLARA_coverage_update,1.0415373429528443,0.5287082716713379,0.5128290712815038,0.6849465559674282,0.5749121105967764,0.05044994695802591,0.7881557938954441,0.14002990085629347,0.0021991432749467444,0.1378307575813467
FarmA,rho_10,ramp,CLARA_frozen,1.0423664553874856,0.5271896103391938,0.5151768450482898,0.6826837791690219,0.5732057495494232,0.05630928951837564,0.7822755123079765,0.13953266565093556,0.0025535975636438763,0.1369790680872917
FarmA,rho_10,ramp,EEE,1.0976834547494578,0.45833805453890625,0.6393454002105513,0.5575608079612232,0.49584445089741713,0.2043565005997188,0.5627799806089299,0.08601285289293353,0.019976515115724815,0.06603633777720876
FarmA,rho_10,ramp,EnbPI-RH,1.2488395115053947,0.37919573570404563,0.8696437758013491,0.4953368598999294,0.40692049715038164,0.34010913323822795,0.3521753320398929,0.06552905652254805,0.03181820686421109,0.03371084965833697
FarmA,rho_10,ramp,LinUCB,1.0658938866971022,0.5072454610766864,0.5586484256204152,0.6507203541483638,0.5507965930746958,0.11118959516493178,0.7190627944035856,0.1306373501716998,0.009420647886109473,0.12121670228559035
FarmA,rho_10,ramp,Static,1.2734137231934257,0.37057832238515404,0.9028354008082714,0.4833600696513708,0.39723801027522293,0.3671032790829835,0.3528966803160618,0.07363074863860343,0.039209465044453454,0.034421283594150004
FarmA,rho_10,ramp,TSC,1.0525445296575546,0.5136027756193083,0.5389417540382441,0.6662499431106821,0.5579396431225858,0.02404877409510966,0.8128510002837526,0.13024249273403798,0.0009030115166011987,0.1293394812174368
FarmA,rho_2,ordinary,ACI,0.4355971320907288,0.386548548363819,0.04904858372690976,0.7594257259616947,0.42799299409816133,0.02539007569013586,0.817533549748773,0.1415750944563878,0.0011348215954545295,0.14044027286093327
FarmA,rho_2,ordinary,AgACI,0.4567392697775556,0.40913978909658366,0.04759948068097202,0.7647119394600691,0.4533764106518286,0.06721513472870493,0.8090449521244786,0.1604242712567088,0.004453479340590654,0.15597079191611818
FarmA,rho_2,ordinary,CART,0.3850084175672943,0.32436805406677655,0.06064036350051778,0.702653450188619,0.3581272701689004,0.19897585646882893,0.5733400702203217,0.08961114134248754,0.018437670606121462,0.07117347073636611
FarmA,rho_2,ordinary,CLARA,0.36812198438609944,0.30690374431331,0.06121824007278939,0.6974116299465046,0.3385044502211852,0.1097715820713539,0.6612127815331096,0.08726545980550371,0.008075232261729872,0.07919022754377389
FarmA,rho_2,ordinary,CLARA_cost_update,0.3650196977815034,0.3024868834794104,0.06253281430209309,0.6920039595449861,0.33354168523927535,0.13243702235107777,0.6346007897438191,0.08768750284088332,0.010452546659325839,0.0772349561815575
FarmA,rho_2,ordinary,CLARA_coverage_update,0.3726757111028785,0.3121912601841321,0.060484450918746276,0.7031820520675165,0.34444547928952474,0.09846840686789173,0.6876171245709467,0.09045703221500657,0.00729672774091512,0.08316030447409149
FarmA,rho_2,ordinary,CLARA_frozen,0.3690855350951377,0.3071299502427877,0.06195558485235,0.6967424383946997,0.33875861418689046,0.12064547124548573,0.6545588118596491,0.08988009497305353,0.009556570864150014,0.08032352410890353
FarmA,rho_2,ordinary,EEE,0.3964102711625049,0.34532222406914204,0.05108804709336299,0.7184507324867225,0.38167128140751405,0.17104703872404464,0.6160434900742929,0.09549861687526925,0.016736853037416663,0.0787617638378526
FarmA,rho_2,ordinary,EnbPI-RH,0.3618247047353296,0.29623035117306973,0.06559435356225986,0.6943493903696714,0.32651187365911805,0.25713218951323263,0.46050611772823324,0.07381498424011969,0.02339376770312855,0.050421216536991165
FarmA,rho_2,ordinary,LinUCB,0.3646317611481232,0.3026132278807235,0.06201853326739967,0.7023238138708018,0.33368364524075145,0.23321215890511449,0.5095279660512148,0.08483794048240335,0.02396774242364894,0.060870198058754425
FarmA,rho_2,ordinary,Static,0.35548088532359245,0.28937020764309834,0.06611067768049426,0.6919013430602344,0.3188038472209476,0.2975416681089961,0.4376612443275494,0.08107865663395504,0.031391570374111326,0.04968708625984368
FarmA,rho_2,ordinary,TSC,0.36244024056229174,0.29692695549001547,0.0655132850722761,0.6923364329039919,0.32729457513883214,0.26110855932327265,0.46837302752517385,0.07580626189548867,0.0259629291313947,0.04984333276409402
FarmA,rho_2,overall,ACI,0.5118120761553427,0.4341696184823116,0.0776424576730289,0.7199785310495513,0.47138041756300403,0.02931484081240594,0.8035201683398706,0.13754888265096676,0.0013198389923520825,0.1362290436586146
FarmA,rho_2,overall,AgACI,0.5315668961604095,0.45682874548948826,0.07473815067091785,0.7321771514450198,0.4968401108294968,0.07289861955030706,0.797450953400956,0.15750929615173312,0.004897837064872085,0.15261145908686102
FarmA,rho_2,overall,CART,0.46214859775037076,0.3645252503700565,0.09762334738031354,0.6312902429096294,0.3931283185604725,0.22082079273244118,0.5474633926059517,0.0876178174722181,0.021380137717369792,0.06623767975484825
FarmA,rho_2,overall,CLARA,0.46234421519949986,0.3713768704587748,0.09096734474072417,0.6525545253639617,0.40082676809835943,0.11767579968280438,0.6421265150860326,0.08312565265727821,0.008301427519613075,0.07482422513766511
FarmA,rho_2,overall,CLARA_cost_update,0.4604222207912274,0.3685360912975918,0.0918861294936347,0.6484708175797471,0.3976348814004009,0.14049240383633133,0.6166074405160931,0.08387961340757574,0.010687603112147488,0.07319201029542816
FarmA,rho_2,overall,CLARA_coverage_update,0.46564116888388524,0.3755071624325666,0.09013400645131771,0.6573281287825377,0.4054675455970005,0.10727643830211257,0.6675884140069461,0.0862555551700545,0.007566674114654718,0.07868888105539971
FarmA,rho_2,overall,CLARA_frozen,0.46298995732194026,0.3718910316888934,0.09109892563304595,0.6524279274800525,0.4014044773456829,0.1289767244599389,0.6355712715588211,0.08596057379451678,0.00982457356812714,0.0761360002263896
FarmA,rho_2,overall,EEE,0.4714559355636837,0.38416608121713636,0.08728985434654732,0.6430850389542309,0.4151966678268556,0.18869044070968252,0.5960602803068846,0.09377452762159244,0.019143047115821446,0.07463148050577097
FarmA,rho_2,overall,EnbPI-RH,0.44052789705563117,0.326967949965336,0.11355994709029518,0.6051555245509019,0.3509291046225847,0.2897778179087549,0.42143877091410503,0.07166858632326423,0.027141340838259823,0.04452724548500432
FarmA,rho_2,overall,LinUCB,0.4445802048767826,0.3365128534791097,0.10806735139767269,0.6154551729391411,0.36165371531221907,0.2608194369575548,0.4746678324523365,0.08222259887526225,0.027178804488675105,0.05504379438658709
FarmA,rho_2,overall,Static,0.43705896703064934,0.3186980109314172,0.1183609560992322,0.5964856857997352,0.341637038292339,0.3292677214807976,0.4042309503834691,0.07988251651133713,0.0358020755697675,0.04408044094156955
FarmA,rho_2,overall,TSC,0.4412255521528578,0.326645112856243,0.11458043929661486,0.6019017632869255,0.3505663662977606,0.290864964813616,0.4295534968999784,0.07384499890827684,0.02961501872812363,0.04422998018015311
FarmA,rho_2,ramp,ACI,0.6363868430712724,0.5287111862832433,0.10767565678802792,0.6762305231865743,0.5749153854416136,0.03342884098573314,0.78115747520119,0.12893407037470256,0.0014907127548225865,0.12744335761987993
FarmA,rho_2,ramp,AgACI,0.65671956942421,0.5548669737831882,0.10185259564102007,0.6968754914593318,0.60430391072245,0.07940119655406513,0.7789958475852609,0.15061184855228613,0.005277346763807864,0.1453345017884783
FarmA,rho_2,ramp,CART,0.5793346236269508,0.4370086452885117,0.14232597833843885,0.5481419768116719,0.47187882252618624,0.24781288194444961,0.505713358630929,0.08165842464170815,0.0239252747418871,0.05773314989982108
FarmA,rho_2,ramp,CLARA,0.5983521140589706,0.4683544619907929,0.1299976520681769,0.5984953449381296,0.5070988412927941,0.12966201519128934,0.6022079042644343,0.07479019393585652,0.00852625879257667,0.0662639351432799
FarmA,rho_2,ramp,CLARA_cost_update,0.599208148316793,0.46951320283195996,0.12969494548483182,0.6005771113885077,0.5084007972941055,0.15258480624208282,0.5801447889125287,0.0762019443025648,0.010738172006675243,0.0654637722958896
FarmA,rho_2,ramp,CLARA_coverage_update,0.6003871059603028,0.4716438626689738,0.1287432432913281,0.6016241589296211,0.5107947971109748,0.12019434178871245,0.6243926201770514,0.07770050352154931,0.007884004899331255,0.06981649862221809
FarmA,rho_2,ramp,CLARA_frozen,0.6003600095284098,0.47182890130595434,0.12853110822245425,0.6029454732062621,0.5110027056918519,0.14115990511393464,0.5960634077679762,0.07789247933602625,0.009967204401900456,0.06792527493412584
FarmA,rho_2,ramp,EEE,0.5862071345810166,0.45833805453890625,0.12786908004211026,0.5575608079612232,0.49584445089741713,0.2043565005997188,0.5627799806089299,0.08601285289293353,0.019976515115724815,0.06603633777720876
FarmA,rho_2,ramp,EnbPI-RH,0.5531244908643155,0.37919573570404563,0.17392875516026982,0.4953368598999294,0.40692049715038164,0.34010913323822795,0.3521753320398929,0.06552905652254805,0.03181820686421109,0.03371084965833697
FarmA,rho_2,ramp,LinUCB,0.5615614043409034,0.3985898292112878,0.16297157512961546,0.5136052180776146,0.42871161345065373,0.2956464216231373,0.4184384304355167,0.0748656301667233,0.029918563498589526,0.04494706666813381
FarmA,rho_2,ramp,Static,0.5511454025468082,0.37057832238515404,0.18056708016165426,0.4833600696513708,0.39723801027522293,0.3671032790829835,0.3528966803160618,0.07363074863860343,0.039209465044453454,0.034421283594150004
FarmA,rho_2,ramp,TSC,0.5539785612045497,0.3779934106687533,0.1759851505357963,0.4921185864473342,0.4055695701444352,0.33533950060895035,0.36798781918615653,0.06867717299683572,0.0338619701846509,0.0348152028121848
FarmA,rho_20,ordinary,ACI,0.8770343856329152,0.386548548363819,0.49048583726909745,0.7594257259616947,0.42799299409816133,0.02539007569013586,0.817533549748773,0.1415750944563878,0.0011348215954545295,0.14044027286093327
FarmA,rho_20,ordinary,AgACI,0.8851345959063021,0.40913978909658366,0.4759948068097202,0.7647119394600691,0.4533764106518286,0.06721513472870493,0.8090449521244786,0.1604242712567088,0.004453479340590654,0.15597079191611818
FarmA,rho_20,ordinary,CART,0.8966768133375083,0.3396031823936721,0.5570736309438377,0.7269766010397481,0.3752453918845133,0.13401729611943125,0.6689359064497197,0.1210614023308043,0.011546605578913982,0.10951479675189035
FarmA,rho_20,ordinary,CLARA,0.8566606407465585,0.3786614192816945,0.47799922146486495,0.7669585923683205,0.41913105130925765,0.046764622830492826,0.8142072663755201,0.154522334055917,0.002291641894216467,0.1522306921617006
FarmA,rho_20,ordinary,CLARA_cost_update,0.8546606050607829,0.37940451657486746,0.47525608848591633,0.7661818004040633,0.4199659920881036,0.04933945740298162,0.8108344316804956,0.1542367871126515,0.002586256727389373,0.1516505303852622
FarmA,rho_20,ordinary,CLARA_coverage_update,0.861011060521389,0.37738885000745237,0.48362221051393756,0.7652585013353487,0.4177011981921318,0.04309949806051333,0.8175378342702622,0.15326462927247364,0.00214881850793647,0.1511158107645372
FarmA,rho_20,ordinary,CLARA_frozen,0.8598026463254537,0.37791193977352805,0.48189070655192656,0.764613299484112,0.41828893950232887,0.046553649475120085,0.8109708701956062,0.15261770848822037,0.0024400006992429143,0.15017770778897746
FarmA,rho_20,ordinary,EEE,0.8562026950027714,0.34532222406914204,0.5108804709336299,0.7184507324867225,0.38167128140751405,0.17104703872404464,0.6160434900742929,0.09549861687526925,0.016736853037416663,0.0787617638378526
FarmA,rho_20,ordinary,EnbPI-RH,0.9521738867956668,0.29623035117306973,0.6559435356225989,0.6943493903696714,0.32651187365911805,0.25713218951323263,0.46050611772823324,0.07381498424011969,0.02339376770312855,0.050421216536991165
FarmA,rho_20,ordinary,LinUCB,0.8602555047620902,0.39034616977406844,0.4699093349880233,0.7611809329990493,0.4322599844467556,0.07123217848866836,0.7971167322649105,0.15252294929596666,0.005413717661158859,0.1471092316348078
FarmA,rho_20,ordinary,Static,0.950476984448039,0.28937020764309834,0.6611067768049427,0.6919013430602344,0.3188038472209476,0.2975416681089961,0.4376612443275494,0.08107865663395504,0.031391570374111326,0.04968708625984368
FarmA,rho_20,ordinary,TSC,0.8922372941925523,0.42602188897397447,0.46621540521857907,0.7683587470776687,0.4723450621994594,0.02375693570827726,0.8424236964774238,0.15977705535727363,0.0009721107361970016,0.15880494462107667
FarmA,rho_20,overall,ACI,1.210594195212597,0.4341696184823116,0.7764245767302889,0.7199785310495513,0.47138041756300403,0.02931484081240594,0.8035201683398706,0.13754888265096676,0.0013198389923520825,0.1362290436586146
FarmA,rho_20,overall,AgACI,1.2042102521986608,0.45682874548948826,0.7473815067091784,0.7321771514450198,0.4968401108294968,0.07289861955030706,0.797450953400956,0.15750929615173312,0.004897837064872085,0.15261145908686102
FarmA,rho_20,overall,CART,1.2366055702200833,0.39333942432581176,0.8432661458942742,0.6794191138515597,0.4255037949152525,0.1445186259738588,0.6538690467601086,0.11804638074925698,0.012493752545402099,0.10555262820385486
FarmA,rho_20,overall,CLARA,1.183586626352384,0.4361494373423188,0.7474371890100691,0.7313639555266281,0.4736049331360476,0.052341739979692825,0.8021179914191291,0.15090468481330024,0.002525605800722575,0.14837907901257766
FarmA,rho_20,overall,CLARA_cost_update,1.1808524940527692,0.436748206780744,0.7441042872720292,0.730678521350444,0.47427770778596356,0.05386415681074657,0.7995682317264431,0.15069830811982377,0.0027348890686693787,0.14796341905115434
FarmA,rho_20,overall,CLARA_coverage_update,1.1842849828289514,0.43548271353341744,0.748802269295538,0.7304208475612527,0.4728558052608769,0.04775330709853164,0.8055336447281763,0.14961611989327162,0.002332444520048155,0.14728367537322343
FarmA,rho_20,overall,CLARA_frozen,1.1812158484682742,0.43562034207402206,0.7455955063942565,0.7293766601744576,0.47301044407054493,0.05094570208859331,0.8000446674401512,0.14914020970232092,0.0026065824905217756,0.14653362721179913
FarmA,rho_20,overall,EEE,1.2570646246826096,0.38416608121713636,0.8728985434654738,0.6430850389542309,0.4151966678268556,0.18869044070968252,0.5960602803068846,0.09377452762159244,0.019143047115821446,0.07463148050577097
FarmA,rho_20,overall,EnbPI-RH,1.4625674208682893,0.326967949965336,1.1355994709029524,0.6051555245509019,0.3509291046225847,0.2897778179087549,0.42143877091410503,0.07166858632326423,0.027141340838259823,0.04452724548500432
FarmA,rho_20,overall,LinUCB,1.1983996389734295,0.43981203856185486,0.7585876004115776,0.7214288326908537,0.4777202154051898,0.08341042889999786,0.7781811698358845,0.14973668173285754,0.006815266866799916,0.14292141486605756
FarmA,rho_20,overall,Static,1.5023075719237402,0.3186980109314172,1.183609560992322,0.5964856857997352,0.341637038292339,0.3292677214807976,0.4042309503834691,0.07988251651133713,0.0358020755697675,0.04408044094156955
FarmA,rho_20,overall,TSC,1.1940364935468004,0.47160031046889106,0.7224361830779142,0.7393254566503121,0.5134373748512936,0.027436149072482076,0.8312049112111453,0.15651148354018488,0.001112272097826053,0.1553992114423588
FarmA,rho_20,ramp,ACI,1.60546775416352,0.5287111862832433,1.076756567880279,0.6762305231865743,0.5749153854416136,0.03342884098573314,0.78115747520119,0.12893407037470256,0.0014907127548225865,0.12744335761987993
FarmA,rho_20,ramp,AgACI,1.5733929301933847,0.5548669737831882,1.018525956410201,0.6968754914593318,0.60430391072245,0.07940119655406513,0.7789958475852609,0.15061184855228613,0.005277346763807864,0.1453345017884783
FarmA,rho_20,ramp,CART,1.6475277813960538,0.487577539301285,1.1599502420947714,0.6266292668041235,0.5286978045630097,0.15983345215829659,0.6245940582334928,0.11122078918251571,0.01346785674952537,0.09775293243299034
FarmA,rho_20,ramp,CLARA,1.567581136484764,0.5403290492044779,1.0272520872802897,0.6900264427069361,0.5879691640047985,0.059946950307455955,0.7796362503165842,0.14316619418357934,0.0027569189956677237,0.1404092751879116
FarmA,rho_20,ramp,CLARA_cost_update,1.5642630537248687,0.5408788798449637,1.0233841738799088,0.6899312097182512,0.5885869512412992,0.06086972895293416,0.7769881920151245,0.14307323950792583,0.0028449239867930297,0.14022831552113282
FarmA,rho_20,ramp,CLARA_coverage_update,1.5662128796532457,0.5399219347997324,1.0262909448535167,0.6902247003283651,0.5875117320893538,0.054106220202696155,0.7817566008090027,0.1417644969472286,0.002516064950744006,0.1392484319964846
FarmA,rho_20,ramp,CLARA_frozen,1.5630218196601524,0.5390994362502654,1.0239223834098898,0.6887096818308093,0.5865875764157955,0.05722576100388303,0.77755440985888,0.1414588143635174,0.0027378249045020325,0.13872098945901537
FarmA,rho_20,ramp,EEE,1.737028854960009,0.45833805453890625,1.2786908004211026,0.5575608079612232,0.49584445089741713,0.2043565005997188,0.5627799806089299,0.08601285289293353,0.019976515115724815,0.06603633777720876
FarmA,rho_20,ramp,EnbPI-RH,2.118483287306743,0.37919573570404563,1.7392875516026982,0.4953368598999294,0.40692049715038164,0.34010913323822795,0.3521753320398929,0.06552905652254805,0.03181820686421109,0.03371084965833697
FarmA,rho_20,ramp,LinUCB,1.5835867007798745,0.5373802502564253,1.0462064505234516,0.679961444031338,0.5846559067597956,0.09563460426523601,0.7499753940063824,0.14283191461237396,0.007910791252394196,0.13492112335997983
FarmA,rho_20,ramp,Static,2.176249124001697,0.37057832238515404,1.8056708016165428,0.4833600696513708,0.39723801027522293,0.3671032790829835,0.3528966803160618,0.07363074863860343,0.039209465044453454,0.034421283594150004
FarmA,rho_20,ramp,TSC,1.550886877627647,0.5672073726098351,0.9836795050178153,0.7066923198120764,0.6181695273816032,0.03108462840592102,0.8135391528432755,0.1493629497352724,0.0012331385889254693,0.1481298111463469
FarmA,rho_reference,ordinary,ACI,0.5243254689450259,0.386548548363819,0.1377769205812072,0.7594257259616947,0.42799299409816133,0.02539007569013586,0.817533549748773,0.1415750944563878,0.0011348215954545295,0.14044027286093327
FarmA,rho_reference,ordinary,AgACI,0.5428461955038075,0.40913978909658366,0.13370640640722486,0.7647119394600691,0.4533764106518286,0.06721513472870493,0.8090449521244786,0.1604242712567088,0.004453479340590654,0.15597079191611818
FarmA,rho_reference,ordinary,CART,0.4868718429460357,0.32981263917804665,0.15705920376798924,0.7274560003679137,0.36424478152987805,0.160400292089824,0.6508159760019017,0.11905690258237898,0.0143084632394867,0.10474843934289231
FarmA,rho_reference,ordinary,CLARA,0.4829182941654416,0.3413365399656056,0.14158175419983632,0.7578760157253275,0.3771929846619668,0.056969420729723434,0.7860351242830792,0.14244745543316087,0.003148941910071831,0.13929851352308906
FarmA,rho_reference,ordinary,CLARA_cost_update,0.48342225721445103,0.3420443531228327,0.14137790409161866,0.7567028671284728,0.3779882803442446,0.06273399330840267,0.7852389732322141,0.14320248915325018,0.003977887630494588,0.1392246015227556
FarmA,rho_reference,ordinary,CLARA_coverage_update,0.48751960498084906,0.34466759633565736,0.14285200864519207,0.7567636102834157,0.3809357446283173,0.0484779726627915,0.7988434723128186,0.1413015312399025,0.002632087950479836,0.13866944328942263
FarmA,rho_reference,ordinary,CLARA_frozen,0.4873948550851987,0.3442974481893249,0.14309740689587394,0.7566975181414146,0.38051984783468523,0.058607911596182435,0.7918204279874081,0.14171563328302808,0.0035127625694988947,0.13820287071352919
FarmA,rho_reference,ordinary,EEE,0.48882797433139763,0.34532222406914204,0.14350575026225554,0.7184507324867225,0.38167128140751405,0.17104703872404464,0.6160434900742929,0.09549861687526925,0.016736853037416663,0.0787617638378526
FarmA,rho_reference,ordinary,EnbPI-RH,0.480484153314249,0.29623035117306973,0.18425380214117923,0.6943493903696714,0.32651187365911805,0.25713218951323263,0.46050611772823324,0.07381498424011969,0.02339376770312855,0.050421216536991165
FarmA,rho_reference,ordinary,LinUCB,0.489806999569384,0.342557364424061,0.14724963514532277,0.7361995661582174,0.3785646975366362,0.11602085153902085,0.7063445248009539,0.12118357686407219,0.010208262503442624,0.11097531436062957
FarmA,rho_reference,ordinary,Static,0.47507435843100293,0.28937020764309834,0.18570415078790498,0.6919013430602344,0.3188038472209476,0.2975416681089961,0.4376612443275494,0.08107865663395504,0.031391570374111326,0.04968708625984368
FarmA,rho_reference,ordinary,TSC,0.5045142623065033,0.370859898799331,0.13365436350717264,0.7748869426742366,0.4103652979582874,0.016678909376480196,0.859380874652389,0.1469465561538848,0.0006053669968828786,0.14634118915700192
FarmA,rho_reference,overall,ACI,0.6522664096986901,0.4341696184823116,0.21809679121637313,0.7199785310495513,0.47138041756300403,0.02931484081240594,0.8035201683398706,0.13754888265096676,0.0013198389923520825,0.1362290436586146
FarmA,rho_reference,overall,AgACI,0.666767370969603,0.45682874548948826,0.20993862548010622,0.7321771514450198,0.4968401108294968,0.07289861955030706,0.797450953400956,0.15750929615173312,0.004897837064872085,0.15261145908686102
FarmA,rho_reference,overall,CART,0.6232327319173865,0.38057858755159857,0.24265414436578575,0.6704773170193545,0.41116577606782256,0.17434189627520988,0.6340283157520527,0.11628240505677062,0.015916398105398934,0.10036600695137166
FarmA,rho_reference,overall,CLARA,0.6212761725873661,0.40602955746878405,0.21524661511857904,0.7163931716405192,0.4397623714803913,0.062172688142924246,0.772201590544531,0.13788492185079473,0.0033169808206937085,0.13456794103010095
FarmA,rho_reference,overall,CLARA_cost_update,0.6215414076984603,0.4063654418133505,0.21517596588510654,0.7157608821918015,0.44013976962035317,0.0667354368309341,0.7714628278045368,0.13863605236233603,0.00398354526165887,0.1346525071006771
FarmA,rho_reference,overall,CLARA_coverage_update,0.6244163533299916,0.4089337982341721,0.21548255509581657,0.7164345529825394,0.4430255633516126,0.054049686018821895,0.7845215591583462,0.13699893369894336,0.0028250352011153774,0.1341738984978279
FarmA,rho_reference,overall,CLARA_frozen,0.6238959638851791,0.40781933134251513,0.2160766325426608,0.7151519591328545,0.44177335336098705,0.06324640166036045,0.7772909688390968,0.13736647842381708,0.0036268626072016117,0.13373961581661542
FarmA,rho_reference,overall,EEE,0.6293623012917074,0.38416608121713636,0.2451962200745711,0.6430850389542309,0.4151966678268556,0.18869044070968252,0.5960602803068846,0.09377452762159244,0.019143047115821446,0.07463148050577097
FarmA,rho_reference,overall,EnbPI-RH,0.6459565653875134,0.326967949965336,0.31898861542217727,0.6051555245509019,0.3509291046225847,0.2897778179087549,0.42143877091410503,0.07166858632326423,0.027141340838259823,0.04452724548500432
FarmA,rho_reference,overall,LinUCB,0.6298742398261076,0.3908826707201667,0.23899156910593994,0.6805522231985061,0.42274339760554036,0.13009915858699486,0.6843610968740645,0.117986765440153,0.011836161680968654,0.10615060375918423
FarmA,rho_reference,overall,Static,0.6511726067157778,0.3186980109314172,0.3324745957843597,0.5964856857997352,0.341637038292339,0.3292677214807976,0.4042309503834691,0.07988251651133713,0.0358020755697675,0.04408044094156955
FarmA,rho_reference,overall,TSC,0.634156804896353,0.42021171714772837,0.21394508774862186,0.7241762510869121,0.45569738235560686,0.02040775550775797,0.8401712650603751,0.14120541277563217,0.0007617266752629778,0.14044368610036917
FarmA,rho_reference,ramp,ACI,0.8311708963619767,0.5287111862832433,0.30245971007873,0.6762305231865743,0.5749153854416136,0.03342884098573314,0.78115747520119,0.12893407037470256,0.0014907127548225865,0.12744335761987993
FarmA,rho_reference,ramp,AgACI,0.8409697705276309,0.5548669737831882,0.28610279674443845,0.6968754914593318,0.60430391072245,0.07940119655406513,0.7789958475852609,0.15061184855228613,0.005277346763807864,0.1453345017884783
FarmA,rho_reference,ramp,CART,0.8125812517669234,0.4688942655861613,0.34368698618076043,0.6039543987019115,0.507705362186467,0.19231431524637319,0.6042281766276902,0.10902482935833281,0.017198435837564932,0.0918263935207679
FarmA,rho_reference,ramp,CLARA,0.8130266287698561,0.5124280511513879,0.3005985776184659,0.6672060526256577,0.5566197279900916,0.06878996955440436,0.7412211520752513,0.12839167144255825,0.0034760059032001574,0.12491566553935814
FarmA,rho_reference,ramp,CLARA_cost_update,0.8134159836360564,0.5129397620846203,0.3004762215514336,0.6684979727949141,0.5571946840948468,0.07244081273040454,0.7413947895762178,0.12891318649783698,0.003906566069955106,0.12500662042788188
FarmA,rho_reference,ramp,CLARA_coverage_update,0.814849402853346,0.5146553956645433,0.3001940071888,0.6681355829638436,0.5591223622745359,0.06094113359568583,0.7527696449534402,0.12801305791207548,0.0030480235676525473,0.12496503434442291
FarmA,rho_reference,ramp,CLARA_frozen,0.8147112027644406,0.5129628331856144,0.3017483695788235,0.6661681656884341,0.5572206066802332,0.07067190693754377,0.7458432654449225,0.1279514446008073,0.003753453687890041,0.12419799091291725
FarmA,rho_reference,ramp,EEE,0.8175208636459579,0.45833805453890625,0.3591828091070512,0.5575608079612232,0.49584445089741713,0.2043565005997188,0.5627799806089299,0.08601285289293353,0.019976515115724815,0.06603633777720876
FarmA,rho_reference,ramp,EnbPI-RH,0.8677596546935678,0.37919573570404563,0.48856391898952173,0.4953368598999294,0.40692049715038164,0.34010913323822795,0.3521753320398929,0.06552905652254805,0.03181820686421109,0.03371084965833697
FarmA,rho_reference,ramp,LinUCB,0.8228581014254253,0.48882859149436386,0.33402950993105957,0.6270662130091581,0.530103481184447,0.14670984248886054,0.6470548340481131,0.10958461133407281,0.01304591203892688,0.09653869929514593
FarmA,rho_reference,ramp,Static,0.8777892217156441,0.37057832238515404,0.5072108993304892,0.4833600696513708,0.39723801027522293,0.3671032790829835,0.3528966803160618,0.07363074863860343,0.039209465044453454,0.034421283594150004
FarmA,rho_reference,ramp,TSC,0.8163790419329303,0.5136027756193083,0.3027762663136201,0.6662499431106821,0.5579396431225858,0.02404877409510966,0.8128510002837526,0.13024249273403798,0.0009030115166011987,0.1293394812174368
FarmB,rho_1,ordinary,ACI,0.4490451666292257,0.42008284167794124,0.02896232495128427,0.7038335128454839,0.4718035303725785,0.0372403552956484,0.7789378515803076,0.12053774106278058,0.0015704513916732859,0.11896728967110728
FarmB,rho_1,ordinary,AgACI,0.46787615089468493,0.43874311470927085,0.029133036185413432,0.7121273551942857,0.49277012928418457,0.1090268515708107,0.7539602604674424,0.14383496719913771,0.008122205987934193,0.13571276121120351
FarmB,rho_1,ordinary,CART,0.37609731491824516,0.34404498582314824,0.03205232909509685,0.6550205327933698,0.3863677372773085,0.2171920409681091,0.5168356751462828,0.07424543803240873,0.0162737323914326,0.05797170564097614
FarmB,rho_1,ordinary,CLARA,0.3306704224668188,0.2962169123659087,0.03445351010091005,0.6212105073696926,0.3326283288983879,0.20141192794348292,0.40580801993826393,0.04638011204661168,0.012761009498602932,0.03361910254800877
FarmB,rho_1,ordinary,CLARA_cost_update,0.3329461240966452,0.2980460448017403,0.034900079294904955,0.6181999329968795,0.3346835338824683,0.23564094544881894,0.39374589361899637,0.05069865637550163,0.01771351087549771,0.032985145500003914
FarmB,rho_1,ordinary,CLARA_coverage_update,0.34132049502951967,0.3079987988639956,0.03332169616552398,0.6367217976567057,0.3458664036153403,0.1757695434744747,0.49477430535437644,0.05639425519041563,0.01111140597101617,0.04528284921939947
FarmB,rho_1,ordinary,CLARA_frozen,0.3406516565040377,0.30673597375360573,0.03391568275043195,0.6284634330213211,0.34444749899692434,0.2091613471931202,0.45808962177011203,0.05515225521803549,0.015313811843034097,0.03983844337500145
FarmB,rho_1,ordinary,EEE,0.3923587456228951,0.3660898196065181,0.026268926016376985,0.6819879883654673,0.41113721343839915,0.11740439147617611,0.6908353172003252,0.08978132273417869,0.008489671620168693,0.08129165111400999
FarmB,rho_1,ordinary,EnbPI-RH,0.3407214911754577,0.30828705721528515,0.03243443396017256,0.6372196300810345,0.3461902894033057,0.21645802839780187,0.42703106031708765,0.051743996870252995,0.01616170928517715,0.03558228758507593
FarmB,rho_1,ordinary,LinUCB,0.3184814122036744,0.2809000562311022,0.03758135597257205,0.6017117634983958,0.3154183781851226,0.4202477989665741,0.24693730187907373,0.060139234861486646,0.03914203872906538,0.020997196132421264
FarmB,rho_1,ordinary,Static,0.334140934507556,0.29724626482358163,0.03689466968397439,0.6139715601531568,0.33378490469352656,0.3748739737954694,0.411519736139461,0.0750477078039536,0.04050312539426496,0.034544582409688634
FarmB,rho_1,ordinary,TSC,0.3258325292927213,0.29113808904724736,0.03469444024547391,0.6173692039816664,0.32692178584371223,0.2015748411666776,0.2594791107407591,0.03208962127345413,0.012225745008623555,0.01986387626483056
FarmB,rho_1,overall,ACI,0.4765485339345057,0.4419097562665795,0.0346387776679249,0.6993231424924128,0.49464865119230234,0.039494404511316715,0.7720399629392269,0.11791971801240782,0.00171106890908136,0.1162086491033265
FarmB,rho_1,overall,AgACI,0.4942816994173253,0.45920093050694627,0.03508076891037773,0.7084830335839043,0.5140769368556414,0.11657084266573596,0.7455670215903438,0.14222562789987317,0.008854830601217008,0.13337079729865617
FarmB,rho_1,overall,CART,0.39173362743626666,0.3512900634285245,0.04044356400774236,0.6214957304152257,0.39282877159898144,0.24160650372067705,0.4925254378703931,0.07425332405358763,0.01923031842611902,0.055023005627468646
FarmB,rho_1,overall,CLARA,0.36342437496586544,0.3208761041543331,0.04254827081153246,0.6018253040156224,0.3586557836504527,0.2233994715434628,0.3769562579163485,0.0459158205222344,0.014819440320049854,0.031096380202184578
FarmB,rho_1,overall,CLARA_cost_update,0.36494940626530903,0.3216283268117159,0.043321079453593356,0.5963149180856016,0.3595009776475119,0.26148183214078097,0.3645655516782725,0.05085086311590063,0.020505156489524796,0.030345706626375812
FarmB,rho_1,overall,CLARA_coverage_update,0.372282363498695,0.33067893830738365,0.04160342519131113,0.6148946984109874,0.3696702040471383,0.1957574430194965,0.46366914582669877,0.055089344185375415,0.013082257684672267,0.04200708650070307
FarmB,rho_1,overall,CLARA_frozen,0.3714753683085705,0.32904753724215,0.04242783106642068,0.6050635316853391,0.367837169142382,0.23605648661886178,0.42479227270039693,0.054629584430618966,0.018083128831204946,0.03654645559941404
FarmB,rho_1,overall,EEE,0.41514206035195306,0.38114067447755373,0.03400138587439933,0.6532115105304395,0.42636878401362105,0.14019497172538506,0.6571729177665834,0.08639045847919304,0.011011412565986282,0.07537904591320678
FarmB,rho_1,overall,EnbPI-RH,0.363227866891727,0.3206018533470258,0.04262601354470117,0.6004522093245476,0.35834763667594943,0.2400322633086801,0.40202617316780404,0.05156986797708562,0.018417966287500056,0.033151901689585504
FarmB,rho_1,overall,LinUCB,0.3397693560116504,0.2892449835701515,0.05052437244149929,0.560898830256952,0.32311519872440453,0.4639453816502623,0.22224698743362845,0.0650019622194196,0.04628569634552172,0.018716265873897953
FarmB,rho_1,overall,Static,0.3528403191590671,0.30285015778966173,0.049990161369405706,0.5714060731610409,0.33840191133059433,0.4232896938570006,0.37267120918869806,0.0791814939124629,0.04845217141846933,0.030729322493993273
FarmB,rho_1,overall,TSC,0.353832977859485,0.3105851594191297,0.04324781844035533,0.589919583985888,0.34709292439741435,0.2236914192780322,0.23751004136426435,0.03253414242578745,0.014265044927758907,0.01826909749802856
FarmB,rho_1,ramp,ACI,0.5379126633279813,0.5004144747479962,0.03749818857998534,0.7121162885253652,0.5597157021687947,0.04126713395168998,0.7468198773169376,0.11096746801799334,0.0018799860036405132,0.10908748201435282
FarmB,rho_1,ramp,AgACI,0.5615619100171786,0.523611146422867,0.03795076359431193,0.7236502972825571,0.5857793782079742,0.12787994450408685,0.721308004272178,0.13677021122473706,0.00952410318738252,0.12724610803735456
FarmB,rho_1,ramp,CART,0.413815815579965,0.36236083565554494,0.05145497992442005,0.5514376724592487,0.4045992537503112,0.32886253845292795,0.4170309932620771,0.07484931666417544,0.027374214568701913,0.047475102095473516
FarmB,rho_1,ramp,CLARA,0.41413518864636084,0.3647371858746091,0.04939800277175177,0.582218287891786,0.40726931017622653,0.27180500094633486,0.3127108130346723,0.044403369829519895,0.017848838429950747,0.026554531399569134
FarmB,rho_1,ramp,CLARA_cost_update,0.4092553093094583,0.357830131248394,0.05142517806106411,0.5583076627876928,0.3995085746411533,0.3126811300149162,0.2986001211801805,0.04975101784305496,0.02428133239961836,0.025469685443436585
FarmB,rho_1,ramp,CLARA_coverage_update,0.42068153436152406,0.3719858513560608,0.04869568300546332,0.5894222064960597,0.4154138781329139,0.2433751187104811,0.3765227498912429,0.050009273952742656,0.016051866026952192,0.033957407925790446
FarmB,rho_1,ramp,CLARA_frozen,0.4144535677849874,0.36384784678995624,0.05060572099503092,0.5645055261788652,0.4062700527777406,0.28758439762751753,0.34390188463247484,0.051437514989351334,0.021810017318209498,0.029627497671141853
FarmB,rho_1,ramp,EEE,0.4589464376365442,0.41886582394657307,0.04008061368997113,0.6182136429822706,0.46808800463910766,0.16603582919453358,0.5935532255800857,0.07780718615763665,0.012864496629116375,0.0649426895285203
FarmB,rho_1,ramp,EnbPI-RH,0.3936075687253053,0.33985720999245805,0.05375035873284721,0.5386142959635847,0.3793142810951579,0.280425627898395,0.3380832879725988,0.049736794263585994,0.021301922975093743,0.028434871288492272
FarmB,rho_1,ramp,LinUCB,0.37025337305373573,0.3078458950924217,0.06240747796131403,0.5002978843542253,0.3433465115445552,0.5343244561053366,0.15988429797228235,0.06709379903556699,0.05334492222000554,0.01374887681556143
FarmB,rho_1,ramp,Static,0.3752426252691143,0.3115804646229763,0.06366216064613812,0.49162914577077554,0.3475426570845031,0.5411600666815501,0.2794278488815214,0.08332907717058746,0.06183144817336337,0.02149762899722402
FarmB,rho_1,ramp,TSC,0.39278118120205,0.3403643556373946,0.052416825564655406,0.5435410658406167,0.37988410766250275,0.2553602452838869,0.20551404730225792,0.032412933175255954,0.016356633497559017,0.016056299677696922
FarmB,rho_10,ordinary,ACI,0.7097060911907838,0.42008284167794124,0.28962324951284263,0.7038335128454839,0.4718035303725785,0.0372403552956484,0.7789378515803076,0.12053774106278058,0.0015704513916732859,0.11896728967110728
FarmB,rho_10,ordinary,AgACI,0.730073476563404,0.43874311470927085,0.2913303618541343,0.7121273551942857,0.49277012928418457,0.1090268515708107,0.7539602604674424,0.14383496719913771,0.008122205987934193,0.13571276121120351
FarmB,rho_10,ordinary,CART,0.6350744346055183,0.35457143584596235,0.2805029987595563,0.6866608401891025,0.39819520921305435,0.15649582258086808,0.683809748879794,0.11297105507536663,0.013347563258619273,0.09962349181674736
FarmB,rho_10,ordinary,CLARA,0.6269659966681599,0.37209391868350744,0.25487207798465217,0.7106543715678995,0.41788339217658826,0.05598582934897575,0.7925594433677436,0.12949356445738502,0.002759560166202833,0.12673400429118223
FarmB,rho_10,ordinary,CLARA_cost_update,0.630860374990683,0.37466769813655765,0.25619267685412506,0.7073680082610717,0.42077527920248764,0.06360480370087092,0.7775011382198028,0.12650481318108728,0.003400449319394547,0.12310436386169275
FarmB,rho_10,ordinary,CLARA_coverage_update,0.6359201897224801,0.37957195824007195,0.2563482314824081,0.7093743020127329,0.4262856838131777,0.054751010293851515,0.8012873221054876,0.1256037426263765,0.00276394038406351,0.12283980224231303
FarmB,rho_10,ordinary,CLARA_frozen,0.6357690711009243,0.37839824476504275,0.2573708263358815,0.706975489450745,0.4249669046277518,0.06919013782555222,0.7752188074926388,0.122657400997316,0.003948222230985261,0.11870917876633079
FarmB,rho_10,ordinary,EEE,0.6287790797702879,0.3660898196065181,0.2626892601637698,0.6819879883654673,0.41113721343839915,0.11740439147617611,0.6908353172003252,0.08978132273417869,0.008489671620168693,0.08129165111400999
FarmB,rho_10,ordinary,EnbPI-RH,0.6326313968170109,0.30828705721528515,0.3243443396017256,0.6372196300810345,0.3461902894033057,0.21645802839780187,0.42703106031708765,0.051743996870252995,0.01616170928517715,0.03558228758507593
FarmB,rho_10,ordinary,LinUCB,0.6258916586442762,0.3573986029294262,0.26849305571485005,0.7004320850759531,0.40137180144166645,0.13528671132373937,0.6845713901024344,0.11862980766714205,0.011036281912821116,0.10759352575432096
FarmB,rho_10,ordinary,Static,0.6661929616633239,0.29724626482358163,0.36894669683974385,0.6139715601531568,0.33378490469352656,0.3748739737954694,0.411519736139461,0.0750477078039536,0.04050312539426496,0.034544582409688634
FarmB,rho_10,ordinary,TSC,0.6619067228882123,0.41164913654353713,0.25025758634467526,0.7238936283285647,0.46232745718785623,0.013980335287172723,0.8774169323489872,0.13825974481259887,0.0004577460024087682,0.13780199881019006
FarmB,rho_10,overall,ACI,0.7882975329458397,0.4419097562665795,0.3463877766792491,0.6993231424924128,0.49464865119230234,0.039494404511316715,0.7720399629392269,0.11791971801240782,0.00171106890908136,0.1162086491033265
FarmB,rho_10,overall,AgACI,0.8100086196107409,0.45920093050694627,0.35080768910377735,0.7084830335839043,0.5140769368556414,0.11657084266573596,0.7455670215903438,0.14222562789987317,0.008854830601217008,0.13337079729865617
FarmB,rho_10,overall,CART,0.7184336628024682,0.3730050702417277,0.3454285925607393,0.6650573918422399,0.41722765565876013,0.17549887758270646,0.6586586643087903,0.11081139018844709,0.015981206359590164,0.09483018382885683
FarmB,rho_10,overall,CLARA,0.7069502943553222,0.4040755126818026,0.3028747816735154,0.7037667189316429,0.4521382651419907,0.060552329038820525,0.7798488265166685,0.12519174695681987,0.003062831417217721,0.12212891553960216
FarmB,rho_10,overall,CLARA_cost_update,0.7106679377030765,0.4053228785354861,0.30534505916758664,0.6995727870501058,0.4535397998090497,0.06914768339227519,0.7643399202292659,0.1224350556338932,0.0038065127403505423,0.11862854289354266
FarmB,rho_10,overall,CLARA_coverage_update,0.7171501484204209,0.4080287348689156,0.30912141355150097,0.7005391687412763,0.45658008782413995,0.05988238308076561,0.7886940625361203,0.12168728772646062,0.003136113418929674,0.11855117430753091
FarmB,rho_10,overall,CLARA_frozen,0.7176343078712498,0.40510913566088574,0.3125251722103605,0.6953449251314142,0.4532996392757909,0.07524965482802272,0.7617875949743277,0.118929799451594,0.00443680209804359,0.11449299735355041
FarmB,rho_10,overall,EEE,0.7211545332215471,0.38114067447755373,0.34001385874399337,0.6532115105304395,0.42636878401362105,0.14019497172538506,0.6571729177665834,0.08639045847919304,0.011011412565986282,0.07537904591320678
FarmB,rho_10,overall,EnbPI-RH,0.7468619887940381,0.3206018533470258,0.42626013544701175,0.6004522093245476,0.35834763667594943,0.2400322633086801,0.40202617316780404,0.05156986797708562,0.018417966287500056,0.033151901689585504
FarmB,rho_10,overall,LinUCB,0.7174963999089016,0.37866256156675926,0.33883383834214026,0.6761888700583781,0.42358438748463845,0.14912139041466282,0.6674194786486236,0.11620377014602194,0.012570785157728581,0.10363298498829332
FarmB,rho_10,overall,Static,0.8027517714837192,0.30285015778966173,0.499901613694057,0.5714060731610409,0.33840191133059433,0.4232896938570006,0.37267120918869806,0.0791814939124629,0.04845217141846933,0.030729322493993273
FarmB,rho_10,overall,TSC,0.7330508633048666,0.435891744973014,0.2971591183318472,0.7163897480312998,0.4878868407500904,0.014869179951931731,0.8708883717951725,0.13424485664884597,0.0004998614900837965,0.13374499515876218
FarmB,rho_10,ramp,ACI,0.8753963605478517,0.5004144747479962,0.37498188579985353,0.7121162885253652,0.5597157021687947,0.04126713395168998,0.7468198773169376,0.11096746801799334,0.0018799860036405132,0.10908748201435282
FarmB,rho_10,ramp,AgACI,0.9031187823659885,0.523611146422867,0.3795076359431194,0.7236502972825571,0.5857793782079742,0.12787994450408685,0.721308004272178,0.13677021122473706,0.00952410318738252,0.12724610803735456
FarmB,rho_10,ramp,CART,0.7966044904903234,0.41211004648764715,0.38449444400267563,0.6491488606595076,0.4604972434493039,0.22262493170601852,0.6090602762530183,0.10588126142813321,0.020221085030133583,0.0856601763979997
FarmB,rho_10,ramp,CLARA,0.7918199671044345,0.4582756443448925,0.33354432275954066,0.6997042269503967,0.5123687017158706,0.07468743197268074,0.7404965844554905,0.11652953731625147,0.0036799494818092835,0.11284958783444222
FarmB,rho_10,ramp,CLARA_cost_update,0.7935207855392054,0.45660414173401026,0.33691664380519337,0.6946299144850866,0.5104906088946548,0.08612056885591685,0.7276932413481713,0.11438422093842159,0.0045613641441827205,0.10982285679423888
FarmB,rho_10,ramp,CLARA_coverage_update,0.8024517357483159,0.45785677782835293,0.34459495791996164,0.6902169425921498,0.5118980651804335,0.07417534442754926,0.7494265646259234,0.11334962833227195,0.003805986624847978,0.10954364170742399
FarmB,rho_10,ramp,CLARA_frozen,0.8014668526004918,0.4519297668730218,0.34953708572746883,0.6827617652109799,0.5052385023092749,0.09217229198549162,0.7262996406563913,0.11101131855293463,0.005221046837280227,0.10579027171565442
FarmB,rho_10,ramp,EEE,0.8196719608462846,0.41886582394657307,0.40080613689971134,0.6182136429822706,0.46808800463910766,0.16603582919453358,0.5935532255800857,0.07780718615763665,0.012864496629116375,0.0649426895285203
FarmB,rho_10,ramp,EnbPI-RH,0.8773607973209309,0.33985720999245805,0.5375035873284723,0.5386142959635847,0.3793142810951579,0.280425627898395,0.3380832879725988,0.049736794263585994,0.021301922975093743,0.028434871288492272
FarmB,rho_10,ramp,LinUCB,0.8113136953960421,0.42515253333983216,0.3861611620562094,0.6564878251042562,0.4751517230584997,0.1791827503633958,0.6216088466190673,0.11038278722151601,0.015127573907683062,0.09525521331383299
FarmB,rho_10,ramp,Static,0.9482020710843568,0.3115804646229763,0.6366216064613813,0.49162914577077554,0.3475426570845031,0.5411600666815501,0.2794278488815214,0.08332907717058746,0.06183144817336337,0.02149762899722402
FarmB,rho_10,ramp,TSC,0.8159414615509744,0.48954159594290875,0.3263998656080645,0.721224878143605,0.5474989844102712,0.017264023442572825,0.847133334518642,0.12656957328696689,0.0005712117855013807,0.12599836150146548
FarmB,rho_2,ordinary,ACI,0.4780074915805102,0.42008284167794124,0.05792464990256854,0.7038335128454839,0.4718035303725785,0.0372403552956484,0.7789378515803076,0.12053774106278058,0.0015704513916732859,0.11896728967110728
FarmB,rho_2,ordinary,AgACI,0.49700918708009884,0.43874311470927085,0.058266072370826864,0.7121273551942857,0.49277012928418457,0.1090268515708107,0.7539602604674424,0.14383496719913771,0.008122205987934193,0.13571276121120351
FarmB,rho_2,ordinary,CART,0.4102907690654379,0.3480208098868402,0.06226995917859741,0.6573170978801347,0.3908349553263998,0.21237617818041354,0.5330237043118663,0.07557196650027022,0.014959624640789355,0.060612341859480875
FarmB,rho_2,ordinary,CLARA,0.3683473052468449,0.30054713654370613,0.06780016870313882,0.6264141219821027,0.33749374932287934,0.16282206456243722,0.4550447038760616,0.04799419701655993,0.010101629933113032,0.0378925670834469
FarmB,rho_2,ordinary,CLARA_cost_update,0.37411560781748016,0.30635092340549025,0.0677646844119898,0.6268207338054375,0.3440148581563445,0.1801614808772585,0.45101948341995735,0.05214219330785217,0.012800315613031044,0.03934187769482115
FarmB,rho_2,ordinary,CLARA_coverage_update,0.37727706508820114,0.31155753390716123,0.0657195311810399,0.6411445167998302,0.34986498231552626,0.14316463894027792,0.5366683035786749,0.05843427900682894,0.00883148342884061,0.04960279557798835
FarmB,rho_2,ordinary,CLARA_frozen,0.38001807734746984,0.3135794468278245,0.06643863051964534,0.6341776476070055,0.352136794585934,0.16432107151954894,0.4979144436441272,0.05633546908395915,0.011505892669069729,0.044829576414889445
FarmB,rho_2,ordinary,EEE,0.41862767163927206,0.3660898196065181,0.05253785203275397,0.6819879883654673,0.41113721343839915,0.11740439147617611,0.6908353172003252,0.08978132273417869,0.008489671620168693,0.08129165111400999
FarmB,rho_2,ordinary,EnbPI-RH,0.37315592513563023,0.30828705721528515,0.06486886792034512,0.6372196300810345,0.3461902894033057,0.21645802839780187,0.42703106031708765,0.051743996870252995,0.01616170928517715,0.03558228758507593
FarmB,rho_2,ordinary,LinUCB,0.358284738301159,0.28442372809077043,0.07386101021038839,0.6024689679698456,0.31937756004991824,0.3719960180390581,0.24811748511408818,0.05206406154377692,0.03314693451015815,0.01891712703361879
FarmB,rho_2,ordinary,Static,0.3710356041915304,0.29724626482358163,0.07378933936794878,0.6139715601531568,0.33378490469352656,0.3748739737954694,0.411519736139461,0.0750477078039536,0.04050312539426496,0.034544582409688634
FarmB,rho_2,ordinary,TSC,0.36052696953819524,0.29113808904724736,0.06938888049094782,0.6173692039816664,0.32692178584371223,0.2015748411666776,0.2594791107407591,0.03208962127345413,0.012225745008623555,0.01986387626483056
FarmB,rho_2,overall,ACI,0.5111873116024322,0.4419097562665795,0.0692775553358498,0.6993231424924128,0.49464865119230234,0.039494404511316715,0.7720399629392269,0.11791971801240782,0.00171106890908136,0.1162086491033265
FarmB,rho_2,overall,AgACI,0.5293624683277055,0.45920093050694627,0.07016153782075546,0.7084830335839043,0.5140769368556414,0.11657084266573596,0.7455670215903438,0.14222562789987317,0.008854830601217008,0.13337079729865617
FarmB,rho_2,overall,CART,0.43312454583086263,0.35545377562345537,0.07767077020740723,0.6262286376243771,0.39750709990789324,0.23513300563486636,0.5067958070053693,0.07394209630198949,0.017736256701611806,0.056205839600377644
FarmB,rho_2,overall,CLARA,0.41055324035625934,0.3276067038023523,0.08294653655390677,0.6089182057197192,0.36621825516508094,0.18177946706921605,0.426116934547565,0.04691935597355889,0.011734897868129068,0.03518445810542977
FarmB,rho_2,overall,CLARA_cost_update,0.4157619875690833,0.3328927175683914,0.08286927000069197,0.6076390566788201,0.37215759647523666,0.20365664882050785,0.42235507416436247,0.05149043815439232,0.015005807934635067,0.03648463021975724
FarmB,rho_2,overall,CLARA_coverage_update,0.4180553962611817,0.337068319264345,0.08098707699683633,0.6217139492804121,0.37684928377406096,0.16122779435378998,0.505021249249414,0.05650848307646127,0.010449154052604359,0.046059329023856836
FarmB,rho_2,overall,CLARA_frozen,0.42054271215456024,0.33876524053832313,0.08177747161623712,0.6141509799830691,0.3787559368908903,0.18781866127986316,0.4662464976698692,0.05516179565396568,0.013702735754119703,0.04145905989984597
FarmB,rho_2,overall,EEE,0.4491434462263525,0.38114067447755373,0.06800277174879867,0.6532115105304395,0.42636878401362105,0.14019497172538506,0.6571729177665834,0.08639045847919304,0.011011412565986282,0.07537904591320678
FarmB,rho_2,overall,EnbPI-RH,0.4058538804364283,0.3206018533470258,0.08525202708940234,0.6004522093245476,0.35834763667594943,0.2400322633086801,0.40202617316780404,0.05156986797708562,0.018417966287500056,0.033151901689585504
FarmB,rho_2,overall,LinUCB,0.39265279414723275,0.29571734266866817,0.09693545147856487,0.5664894326630034,0.3303875123182431,0.4068828172727193,0.22745294965733065,0.05535566299204371,0.03806267777034842,0.017292985221695308
FarmB,rho_2,overall,Static,0.40283048052847287,0.30285015778966173,0.09998032273881141,0.5714060731610409,0.33840191133059433,0.4232896938570006,0.37267120918869806,0.0791814939124629,0.04845217141846933,0.030729322493993273
FarmB,rho_2,overall,TSC,0.39708079629984033,0.3105851594191297,0.08649563688071066,0.589919583985888,0.34709292439741435,0.2236914192780322,0.23751004136426435,0.03253414242578745,0.014265044927758907,0.01826909749802856
FarmB,rho_2,ramp,ACI,0.5754108519079666,0.5004144747479962,0.07499637715997068,0.7121162885253652,0.5597157021687947,0.04126713395168998,0.7468198773169376,0.11096746801799334,0.0018799860036405132,0.10908748201435282
FarmB,rho_2,ramp,AgACI,0.5995126736114902,0.523611146422867,0.07590152718862386,0.7236502972825571,0.5857793782079742,0.12787994450408685,0.721308004272178,0.13677021122473706,0.00952410318738252,0.12724610803735456
FarmB,rho_2,ramp,CART,0.4706661699422428,0.37634700865854126,0.09431916128370142,0.5786092241678162,0.42031405487727375,0.2967013825272826,0.4420167636623626,0.0704853466065694,0.02318568903232733,0.04729965757424206
FarmB,rho_2,ramp,CLARA,0.4691601058691244,0.3725581370602055,0.0966019688089188,0.5879066172788495,0.41605689577802035,0.21417796293339508,0.3601159844961669,0.04435757068547018,0.013924403220480875,0.030433167464989305
FarmB,rho_2,ramp,CLARA_cost_update,0.46791107008839733,0.3694038231991826,0.09850724688921449,0.5699815256382105,0.41251272290046664,0.2395832387494326,0.35743697635882976,0.049190028341647034,0.01768068898104878,0.031509339360598264
FarmB,rho_2,ramp,CLARA_coverage_update,0.4745482906911807,0.3794499041404727,0.09509838655070797,0.5944256369167547,0.4238004542951742,0.1947995301466844,0.41563235837668944,0.05036168771765544,0.01265500525666089,0.03770668246099452
FarmB,rho_2,ramp,CLARA_frozen,0.4710999974275401,0.3732735983669901,0.09782639906054977,0.5732905501663907,0.41686078488676725,0.2222073543042822,0.3883202976534594,0.05099587564876112,0.016320590069849233,0.03467528557891189
FarmB,rho_2,ramp,EEE,0.49902705132651537,0.41886582394657307,0.08016122737994226,0.6182136429822706,0.46808800463910766,0.16603582919453358,0.5935532255800857,0.07780718615763665,0.012864496629116375,0.0649426895285203
FarmB,rho_2,ramp,EnbPI-RH,0.44735792745815245,0.33985720999245805,0.10750071746569442,0.5386142959635847,0.3793142810951579,0.280425627898395,0.3380832879725988,0.049736794263585994,0.021301922975093743,0.028434871288492272
FarmB,rho_2,ramp,LinUCB,0.4375828798276596,0.3184700244642403,0.11911285536341926,0.5110153922090815,0.3552837355578346,0.4695534266677413,0.16847238461996017,0.05695138333700623,0.04401771984471861,0.012933663492287606
FarmB,rho_2,ramp,Static,0.43890478591525267,0.3115804646229763,0.12732432129227625,0.49162914577077554,0.3475426570845031,0.5411600666815501,0.2794278488815214,0.08332907717058746,0.06183144817336337,0.02149762899722402
FarmB,rho_2,ramp,TSC,0.44519800676670546,0.3403643556373946,0.10483365112931081,0.5435410658406167,0.37988410766250275,0.2553602452838869,0.20551404730225792,0.032412933175255954,0.016356633497559017,0.016056299677696922
FarmB,rho_20,ordinary,ACI,0.9993293407036241,0.42008284167794124,0.5792464990256853,0.7038335128454839,0.4718035303725785,0.0372403552956484,0.7789378515803076,0.12053774106278058,0.0015704513916732859,0.11896728967110728
FarmB,rho_20,ordinary,AgACI,1.0214038384175352,0.43874311470927085,0.5826607237082686,0.7121273551942857,0.49277012928418457,0.1090268515708107,0.7539602604674424,0.14383496719913771,0.008122205987934193,0.13571276121120351
FarmB,rho_20,ordinary,CART,0.9073758974556518,0.354327843063251,0.5530480543924013,0.6902328323538393,0.3979215094571991,0.15405983545776525,0.6899224468937715,0.11671994406787407,0.013123196803025232,0.10359674726484887
FarmB,rho_20,ordinary,CLARA,0.8869006582189353,0.39261745522216523,0.49428320299676987,0.7248226754612938,0.44094354559081067,0.045306011416941384,0.822831727479236,0.14328845026846224,0.0019967644577087384,0.14129168581075352
FarmB,rho_20,ordinary,CLARA_cost_update,0.8917281091144637,0.39456070293946605,0.49716740617499744,0.7214465230912829,0.4431269699922717,0.05008674490394561,0.8102787064619495,0.14044423528293237,0.002377866738973923,0.13806636854395843
FarmB,rho_20,ordinary,CLARA_coverage_update,0.8964979406171225,0.3978563034530289,0.4986416371640933,0.7216830737862862,0.4468298919176237,0.04651124935683562,0.8285323707386586,0.13838743445330887,0.0020384194179924008,0.13634901503531646
FarmB,rho_20,ordinary,CLARA_frozen,0.8975228211460063,0.3969001746864247,0.5006226464595819,0.7196755310469605,0.44575558993267456,0.05402906888343453,0.8083974527916991,0.1358579290577551,0.0026836966732408435,0.13317423238451423
FarmB,rho_20,ordinary,EEE,0.8914683399340578,0.3660898196065181,0.5253785203275396,0.6819879883654673,0.41113721343839915,0.11740439147617611,0.6908353172003252,0.08978132273417869,0.008489671620168693,0.08129165111400999
FarmB,rho_20,ordinary,EnbPI-RH,0.9569757364187361,0.30828705721528515,0.6486886792034512,0.6372196300810345,0.3461902894033057,0.21645802839780187,0.42703106031708765,0.051743996870252995,0.01616170928517715,0.03558228758507593
FarmB,rho_20,ordinary,LinUCB,0.9229180287136848,0.3852775403407854,0.5376404883729002,0.7143469479857495,0.432696450218474,0.10259180392869074,0.7428437183226254,0.13512950363489432,0.006920859704767469,0.12820864393012685
FarmB,rho_20,ordinary,Static,1.0351396585030697,0.29724626482358163,0.7378933936794877,0.6139715601531568,0.33378490469352656,0.3748739737954694,0.411519736139461,0.0750477078039536,0.04050312539426496,0.034544582409688634
FarmB,rho_20,ordinary,TSC,0.912164309232887,0.41164913654353713,0.5005151726893505,0.7238936283285647,0.46232745718785623,0.013980335287172723,0.8774169323489872,0.13825974481259887,0.0004577460024087682,0.13780199881019006
FarmB,rho_20,overall,ACI,1.1346853096250809,0.4419097562665795,0.6927755533584982,0.6993231424924128,0.49464865119230234,0.039494404511316715,0.7720399629392269,0.11791971801240782,0.00171106890908136,0.1162086491033265
FarmB,rho_20,overall,AgACI,1.1608163087145036,0.45920093050694627,0.7016153782075547,0.7084830335839043,0.5140769368556414,0.11657084266573596,0.7455670215903438,0.14222562789987317,0.008854830601217008,0.13337079729865617
FarmB,rho_20,overall,CART,1.0575765973527185,0.3749643906182523,0.682612206734465,0.6692034929508281,0.4194291392278886,0.17257416142190382,0.6666267269760401,0.11453752034865049,0.015702081348669343,0.09883543899998104
FarmB,rho_20,overall,CLARA,1.0109068428333148,0.42323667005740995,0.5876701727759003,0.7190289954870556,0.47366765545166173,0.04805402209503975,0.8153175612599607,0.1393409603281919,0.0021508958414509813,0.13719006448674093
FarmB,rho_20,overall,CLARA_cost_update,1.0183868095720747,0.424189309658837,0.594197499913234,0.7153852022668054,0.4747380370262981,0.05403800129216218,0.8017635102596251,0.13668514366470821,0.0026227216712696845,0.13406242199343849
FarmB,rho_20,overall,CLARA_coverage_update,1.0233563753502795,0.4254288083891486,0.5979275669611274,0.7145291225030498,0.4761307322288953,0.049607464746674684,0.8199247602067486,0.13483525343520275,0.0022406718556452214,0.1325945815795575
FarmB,rho_20,overall,CLARA_frozen,1.0283813313997354,0.42308867262648325,0.6052926587732483,0.7107736594845666,0.47350136620342903,0.058317753769427695,0.7982634880482858,0.13230394844936777,0.0029601906423986353,0.12934375780696913
FarmB,rho_20,overall,EEE,1.0611683919655408,0.38114067447755373,0.6800277174879867,0.6532115105304395,0.42636878401362105,0.14019497172538506,0.6571729177665834,0.08639045847919304,0.011011412565986282,0.07537904591320678
FarmB,rho_20,overall,EnbPI-RH,1.1731221242410497,0.3206018533470258,0.8525202708940235,0.6004522093245476,0.35834763667594943,0.2400322633086801,0.40202617316780404,0.05156986797708562,0.018417966287500056,0.033151901689585504
FarmB,rho_20,overall,LinUCB,1.0531305438743215,0.4119484504805533,0.6411820933937665,0.7006532899071186,0.4609842626686783,0.11207605714611407,0.7287556272078597,0.131835434413333,0.007949880142307532,0.12388555427102549
FarmB,rho_20,overall,Static,1.3026533851777768,0.30285015778966173,0.999803227388114,0.5714060731610409,0.33840191133059433,0.4232896938570006,0.37267120918869806,0.0791814939124629,0.04845217141846933,0.030729322493993273
FarmB,rho_20,overall,TSC,1.0302099816367136,0.435891744973014,0.5943182366636944,0.7163897480312998,0.4878868407500904,0.014869179951931731,0.8708883717951725,0.13424485664884597,0.0004998614900837965,0.13374499515876218
FarmB,rho_20,ramp,ACI,1.250378246347702,0.5004144747479962,0.7499637715997071,0.7121162885253652,0.5597157021687947,0.04126713395168998,0.7468198773169376,0.11096746801799334,0.0018799860036405132,0.10908748201435282
FarmB,rho_20,ramp,AgACI,1.2826264183091012,0.523611146422867,0.7590152718862389,0.7236502972825571,0.5857793782079742,0.12787994450408685,0.721308004272178,0.13677021122473706,0.00952410318738252,0.12724610803735456
FarmB,rho_20,ramp,CART,1.178073504871335,0.4152613704414369,0.7628121344298987,0.651756661289951,0.4640380568805282,0.2190453573292175,0.6222477337589484,0.10958424568501862,0.019917794566204326,0.08966645111881434
FarmB,rho_20,ramp,CLARA,1.123973834239093,0.48008010309018884,0.6438937311489034,0.7203421924899748,0.5368680935645179,0.05755899099459065,0.7825095295278455,0.13124152250017398,0.002435410712819976,0.12880611178735404
FarmB,rho_20,ramp,CLARA_cost_update,1.1329658979858523,0.4804405727346625,0.6525253252511888,0.7171045184355556,0.5372731156369605,0.06363767856653123,0.7697890182170462,0.12898887070573672,0.0030193351020740846,0.12596953560366264
FarmB,rho_20,ramp,CLARA_coverage_update,1.1360428553031925,0.4792893966486477,0.6567534586545445,0.7145926835491649,0.5359796593605397,0.059116303352804205,0.7863986137403937,0.12699305876272413,0.002605665381506665,0.12438739338121746
FarmB,rho_20,ramp,CLARA_frozen,1.1426385367483822,0.475501717441287,0.6671368193070945,0.7096493359264353,0.5317238400264267,0.06826597630764354,0.7653393877376732,0.12453889130026266,0.0034218003956951837,0.12111709090456747
FarmB,rho_20,ramp,EEE,1.220478097745996,0.41886582394657307,0.8016122737994227,0.6182136429822706,0.46808800463910766,0.16603582919453358,0.5935532255800857,0.07780718615763665,0.012864496629116375,0.0649426895285203
FarmB,rho_20,ramp,EnbPI-RH,1.4148643846494027,0.33985720999245805,1.0750071746569445,0.5386142959635847,0.3793142810951579,0.280425627898395,0.3380832879725988,0.049736794263585994,0.021301922975093743,0.028434871288492272
FarmB,rho_20,ramp,LinUCB,1.1678872694854348,0.46494120348871176,0.7029460659967227,0.6971833513227712,0.5198580940122963,0.1340244338137895,0.6946581206524173,0.12425666412212863,0.009281803774732068,0.11497486034739657
FarmB,rho_20,ramp,Static,1.5848236775457385,0.3115804646229763,1.2732432129227627,0.49162914577077554,0.3475426570845031,0.5411600666815501,0.2794278488815214,0.08332907717058746,0.06183144817336337,0.02149762899722402
FarmB,rho_20,ramp,TSC,1.1423413271590395,0.48954159594290875,0.652799731216129,0.721224878143605,0.5474989844102712,0.017264023442572825,0.847133334518642,0.12656957328696689,0.0005712117855013807,0.12599836150146548
FarmB,rho_reference,ordinary,ACI,0.5827925324154941,0.42008284167794124,0.16270969073755207,0.7038335128454839,0.4718035303725785,0.0372403552956484,0.7789378515803076,0.12053774106278058,0.0015704513916732859,0.11896728967110728
FarmB,rho_reference,ordinary,AgACI,0.6024118573239543,0.43874311470927085,0.1636687426146822,0.7121273551942857,0.49277012928418457,0.1090268515708107,0.7539602604674424,0.14383496719913771,0.008122205987934193,0.13571276121120351
FarmB,rho_reference,ordinary,CART,0.503260246515969,0.3393352089687116,0.1639250375472573,0.6745774815775919,0.38107585317119935,0.20510698697680033,0.6044216785577443,0.10467969327478671,0.016072980456916235,0.08860671281787048
FarmB,rho_reference,ordinary,CLARA,0.494685109266263,0.33769597498625836,0.15698913428000483,0.6804316439873607,0.3792340172358594,0.10319045464522215,0.6637748637593236,0.09477908461645512,0.0057013857723294085,0.08907769884412572
FarmB,rho_reference,ordinary,CLARA_cost_update,0.49919183535903977,0.34271381388677,0.15647802147226983,0.6783499343454604,0.3848720384723896,0.11492891515593061,0.6483464552714584,0.09425980982710377,0.007155197065011782,0.08710461276209203
FarmB,rho_reference,ordinary,CLARA_coverage_update,0.5032175020428845,0.34710005205973765,0.15611744998314703,0.6835227572952384,0.38980039597010596,0.0934388613257953,0.6871729983204646,0.09680889058603834,0.00537523282707992,0.09143365775895843
FarmB,rho_reference,ordinary,CLARA_frozen,0.5036080761359654,0.34707473634871766,0.15653333978724793,0.6790313953469004,0.3897719513509826,0.1116777959817536,0.6577693006336276,0.09475343425205472,0.007150672220529147,0.0876027620315256
FarmB,rho_reference,ordinary,EEE,0.5136680556535796,0.3660898196065181,0.14757823604706166,0.6819879883654673,0.41113721343839915,0.11740439147617611,0.6908353172003252,0.08978132273417869,0.008489671620168693,0.08129165111400999
FarmB,rho_reference,ordinary,EnbPI-RH,0.4905029783398502,0.30828705721528515,0.18221592112456494,0.6372196300810345,0.3461902894033057,0.21645802839780187,0.42703106031708765,0.051743996870252995,0.01616170928517715,0.03558228758507593
FarmB,rho_reference,ordinary,LinUCB,0.4923833748217572,0.3148731033852029,0.17751027143655423,0.6522022583148736,0.3535903412796176,0.18876917955627073,0.5095605034799363,0.07634612948780332,0.014958973787090303,0.06138715570071304
FarmB,rho_reference,ordinary,Static,0.5045196900144485,0.29724626482358163,0.20727342519086742,0.6139715601531568,0.33378490469352656,0.3748739737954694,0.411519736139461,0.0750477078039536,0.04050312539426496,0.034544582409688634
FarmB,rho_reference,ordinary,TSC,0.4860506746959771,0.29113808904724736,0.19491258564872985,0.6173692039816664,0.32692178584371223,0.2015748411666776,0.2594791107407591,0.03208962127345413,0.012225745008623555,0.01986387626483056
FarmB,rho_reference,overall,ACI,0.636509630805492,0.4419097562665795,0.19459987453890396,0.6993231424924128,0.49464865119230234,0.039494404511316715,0.7720399629392269,0.11791971801240782,0.00171106890908136,0.1162086491033265
FarmB,rho_reference,overall,AgACI,0.6562839019135766,0.45920093050694627,0.19708297140661654,0.7084830335839043,0.5140769368556414,0.11657084266573596,0.7455670215903438,0.14222562789987317,0.008854830601217008,0.13337079729865617
FarmB,rho_reference,overall,CART,0.5626100566676562,0.35908179261610473,0.20352826405155058,0.6518305647371222,0.40158352349513843,0.2254191262778148,0.5819869566576963,0.10348791360202242,0.01911545795940191,0.08437245564262043
FarmB,rho_reference,overall,CLARA,0.5626873472734399,0.36694618099712406,0.1957411662763131,0.6651633707139856,0.4104199149344879,0.11264705445951852,0.6444237269489197,0.09167471979381246,0.006525031081633894,0.0851496887121786
FarmB,rho_reference,overall,CLARA_cost_update,0.5661537890661326,0.37117203606183663,0.19498175300429435,0.661329090604228,0.4151680666925906,0.12790555129494996,0.6278171685816971,0.09138919568167063,0.008374583782975087,0.08301461189869551
FarmB,rho_reference,overall,CLARA_coverage_update,0.569651996110817,0.37476596362963976,0.19488603248117442,0.667597872139881,0.41920618755529165,0.10408107713661642,0.6655787502920887,0.09337908107549418,0.006250260549758888,0.08712882052573527
FarmB,rho_reference,overall,CLARA_frozen,0.5698217848206464,0.3746105457392392,0.1952112390814056,0.6613876186730892,0.41903156071214376,0.12555585612007347,0.6352287551200126,0.0915792149325875,0.00847225504652524,0.08310695988606219
FarmB,rho_reference,overall,EEE,0.5721596962438423,0.38114067447755373,0.1910190217662884,0.6532115105304395,0.42636878401362105,0.14019497172538506,0.6571729177665834,0.08639045847919304,0.011011412565986282,0.07537904591320678
FarmB,rho_reference,overall,EnbPI-RH,0.5600738395532124,0.3206018533470258,0.23947198620618645,0.6004522093245476,0.35834763667594943,0.2400322633086801,0.40202617316780404,0.05156986797708562,0.018417966287500056,0.033151901689585504
FarmB,rho_reference,overall,LinUCB,0.557245696319152,0.33681683508352694,0.22042886123562477,0.6270594610275881,0.3765667172787593,0.20931182592593978,0.4926198223272777,0.07633292656908651,0.01732900084593221,0.05900392572315432
FarmB,rho_reference,overall,Static,0.583693760988569,0.30285015778966173,0.28084360319890844,0.5714060731610409,0.33840191133059433,0.4232896938570006,0.37267120918869806,0.0791814939124629,0.04845217141846933,0.030729322493993273
FarmB,rho_reference,overall,TSC,0.5535504315559577,0.3105851594191297,0.2429652721368277,0.589919583985888,0.34709292439741435,0.2236914192780322,0.23751004136426435,0.03253414242578745,0.014265044927758907,0.01826909749802856
FarmB,rho_reference,ramp,ACI,0.7110784555344316,0.5004144747479962,0.21066398078643458,0.7121162885253652,0.5597157021687947,0.04126713395168998,0.7468198773169376,0.11096746801799334,0.0018799860036405132,0.10908748201435282
FarmB,rho_reference,ramp,AgACI,0.7368176834695642,0.523611146422867,0.2132065370466963,0.7236502972825571,0.5857793782079742,0.12787994450408685,0.721308004272178,0.13677021122473706,0.00952410318738252,0.12724610803735456
FarmB,rho_reference,ramp,CART,0.6292810455646679,0.39862889920387673,0.23065214636079065,0.6252398141638683,0.44534988695068445,0.28225501803151737,0.531792388372058,0.10031486440924917,0.024674640308735122,0.07564022410051403
FarmB,rho_reference,ramp,CLARA,0.6403127508472695,0.41589465500235984,0.224418095844909,0.6417429805340293,0.46474961256695746,0.133233402451544,0.604734176163479,0.08492646205715963,0.007702764099915121,0.07722369795724453
FarmB,rho_reference,ramp,CLARA_cost_update,0.6405224480475856,0.41612294900910296,0.2243994990384817,0.6348114168970647,0.46500612268689384,0.1551187004983805,0.5886637757161067,0.08529944166102499,0.009820951275075505,0.07547849038594948
FarmB,rho_reference,ramp,CLARA_coverage_update,0.6454731223233755,0.4219361935278714,0.22353692879550352,0.6427950876188484,0.47153785810124016,0.12667276409306805,0.6142929492620431,0.08564934224529402,0.0074685275593315914,0.07818081468596243
FarmB,rho_reference,ramp,CLARA_frozen,0.6430043940437785,0.41809243017106296,0.2249119638727147,0.6329755071217664,0.4672190228688718,0.1538560180162679,0.5883199721430992,0.08488998982109962,0.009998683368085272,0.07489130645301435
FarmB,rho_reference,ramp,EEE,0.644037810968883,0.41886582394657307,0.2251719870223097,0.6182136429822706,0.46808800463910766,0.16603582919453358,0.5935532255800857,0.07780718615763665,0.012864496629116375,0.0649426895285203
FarmB,rho_reference,ramp,EnbPI-RH,0.6418255174803641,0.33985720999245805,0.30196830748790576,0.5386142959635847,0.3793142810951579,0.280425627898395,0.3380832879725988,0.049736794263585994,0.021301922975093743,0.028434871288492272
FarmB,rho_reference,ramp,LinUCB,0.6337798116889605,0.37368130653058296,0.2600985051583771,0.5837746985267702,0.4173188839469837,0.25654130895796756,0.44991791388264013,0.07392738394984046,0.021256885531693328,0.05267049841814713
FarmB,rho_reference,ramp,Static,0.6692330525226293,0.3115804646229763,0.35765258789965243,0.49162914577077554,0.3475426570845031,0.5411600666815501,0.2794278488815214,0.08332907717058746,0.06183144817336337,0.02149762899722402
FarmB,rho_reference,ramp,TSC,0.6348409037534365,0.3403643556373946,0.2944765481160416,0.5435410658406167,0.37988410766250275,0.2553602452838869,0.20551404730225792,0.032412933175255954,0.016356633497559017,0.016056299677696922
FarmA,ALL,ordinary,ACI,0.575964258778862,0.386548548363819,0.1894157104150436,0.7594257259616947,0.4279929940981614,0.02539007569013586,0.817533549748773,0.1415750944563878,0.0011348215954545295,0.14044027286093327
FarmA,ALL,ordinary,AgACI,0.5929593566252354,0.40913978909658366,0.18381956752865264,0.7647119394600691,0.45337641065182865,0.06721513472870493,0.8090449521244786,0.1604242712567088,0.004453479340590654,0.15597079191611818
FarmA,ALL,ordinary,CART,0.5460092573008979,0.3298019632035326,0.21620729409736578,0.7173525539716066,0.36423278605289594,0.17725732576143155,0.6144470454872215,0.10840713495968353,0.016141166001185824,0.09226596895849773
FarmA,ALL,ordinary,CLARA,0.5272436791467083,0.33720760329568245,0.19003607585102628,0.7371754292613305,0.3725537299766598,0.07724153885964949,0.7408923183177262,0.1243912389142969,0.005102236613506258,0.11928900230079068
FarmA,ALL,ordinary,CLARA_cost_update,0.5255830815503177,0.3358885858870644,0.18969449566325375,0.7344839534868381,0.37107168794450474,0.08849492220285944,0.7297538527135581,0.12482859583075996,0.00649565961186184,0.11833293621889815
FarmA,ALL,ordinary,CLARA_coverage_update,0.5318840441848216,0.34014359763541935,0.1917404465494025,0.7385719084374682,0.37585260002130816,0.06962376745164991,0.7557835907144744,0.12478395565995257,0.00461560386440203,0.12016835179555056
FarmA,ALL,ordinary,CLARA_frozen,0.5298591652334671,0.33804984750325345,0.19180931773021387,0.7357053618854197,0.37350007178291944,0.08261593034859605,0.7385262773608703,0.12461338958794069,0.0060241115063561276,0.11858927808158456
FarmA,ALL,ordinary,EEE,0.5426139295296908,0.34532222406914204,0.19729170546054897,0.7184507324867225,0.38167128140751405,0.17104703872404464,0.6160434900742929,0.09549861687526925,0.016736853037416663,0.0787617638378526
FarmA,ALL,ordinary,EnbPI-RH,0.5495424783567627,0.29623035117306973,0.25331212718369345,0.6943493903696714,0.32651187365911805,0.25713218951323263,0.4605061177282332,0.07381498424011969,0.02339376770312855,0.050421216536991165
FarmA,ALL,ordinary,LinUCB,0.5305710093738528,0.3403867659572607,0.19018424341659249,0.7312683172882881,0.37612582285483775,0.15317884237275126,0.649005971563742,0.11621441395703984,0.014776101850498977,0.10143831210654086
FarmA,ALL,ordinary,Static,0.5446762741463098,0.28937020764309834,0.2553060665032121,0.6919013430602344,0.3188038472209476,0.2975416681089961,0.43766124432754944,0.08107865663395504,0.031391570374111326,0.04968708625984368
FarmA,ALL,ordinary,TSC,0.5395280121859197,0.35231911951053346,0.18720889267538662,0.7405610996468251,0.3895329616787397,0.1158663746215566,0.6995863001665099,0.12105653829120411,0.010821740598550431,0.11023479769265372
FarmA,ALL,overall,ACI,0.7340090870465833,0.43416961848231156,0.2998394685642699,0.7199785310495513,0.471380417563004,0.02931484081240594,0.8035201683398705,0.13754888265096676,0.0013198389923520825,0.1362290436586146
FarmA,ALL,overall,AgACI,0.7454523677995414,0.45682874548948826,0.2886236223100501,0.7321771514450198,0.49684011082949675,0.07289861955030706,0.797450953400956,0.15750929615173312,0.004897837064872085,0.15261145908686102
FarmA,ALL,overall,CART,0.70756783348329,0.3754913544474741,0.3320764790358156,0.6557825975524971,0.40544978381599756,0.19398553369466068,0.5941991060856966,0.10589427629855233,0.018178913149061803,0.0877153631494905
FarmA,ALL,overall,CLARA,0.6935138734668108,0.399396009422638,0.2941178640441723,0.6950045092520818,0.4323089467094408,0.08406505939624379,0.7245044748241574,0.12012736164083712,0.0053333562876994286,0.11479400535313769
FarmA,ALL,overall,CLARA_cost_update,0.6920563295590201,0.3983917351118975,0.2936645944471219,0.6928013763618835,0.4311805486074852,0.09511857181378654,0.7137617324688242,0.12070226568348574,0.006702365454363583,0.1139999002291221
FarmA,ALL,overall,CLARA_coverage_update,0.6960383171909628,0.4018434152747984,0.29419490191616393,0.6964728014801024,0.4350588409253503,0.07631063060973173,0.7394492087757246,0.12057927455575565,0.004843744256543748,0.11573553029921184
FarmA,ALL,overall,CLARA_frozen,0.6940696822653205,0.39988478940175465,0.2941848928635654,0.6935645339301407,0.4328581376972115,0.08917307512755276,0.722496945504792,0.12052817919750487,0.006254297016171832,0.11427388218133298
FarmA,ALL,overall,EEE,0.7212618445756568,0.38416608121713636,0.33709576335852054,0.6430850389542309,0.4151966678268556,0.18869044070968252,0.5960602803068846,0.09377452762159244,0.019143047115821446,0.07463148050577097
FarmA,ALL,overall,EnbPI-RH,0.7655134984477457,0.326967949965336,0.4385455484824098,0.6051555245509019,0.3509291046225847,0.2897778179087549,0.42143877091410503,0.07166858632326423,0.02714134083825982,0.04452724548500432
FarmA,ALL,overall,LinUCB,0.6935398776610415,0.38202610511793555,0.31151377254310597,0.6658657417594726,0.4127922002996631,0.17211202191263533,0.6230744111251051,0.11344154520563751,0.0169843247409455,0.09645722046469195
FarmA,ALL,overall,Static,0.7757840852157558,0.3186980109314172,0.45708607428433823,0.5964856857997352,0.341637038292339,0.3292677214807976,0.40423095038346907,0.07988251651133713,0.0358020755697675,0.04408044094156955
FarmA,ALL,overall,TSC,0.6908776312881678,0.3930627940953667,0.29781483719280116,0.6782962970795975,0.42519297443160575,0.129996317943046,0.6741308870263705,0.11732246138160059,0.012373152580919854,0.10494930880068068
FarmA,ALL,ramp,ACI,0.9445327956994826,0.5287111862832433,0.41582160941623814,0.6762305231865743,0.5749153854416136,0.03342884098573314,0.78115747520119,0.12893407037470256,0.0014907127548225865,0.12744335761987993
FarmA,ALL,ramp,AgACI,0.9482010987474432,0.5548669737831882,0.393334124964254,0.6968754914593318,0.60430391072245,0.07940119655406513,0.7789958475852609,0.15061184855228613,0.005277346763807864,0.1453345017884783
FarmA,ALL,ramp,CART,0.9199162539721467,0.4557623606688219,0.46415389330332457,0.5827411766976114,0.49295041284114155,0.21607936296353708,0.557579216243009,0.0989262866828295,0.020045685326955935,0.07888060135587359
FarmA,ALL,ramp,CLARA,0.9092909308345959,0.5011832172475688,0.40810771358702674,0.6454572590842624,0.5439850831543397,0.09465700656987353,0.6919444181186027,0.11153745239624539,0.005556123343541324,0.1059813290527041
FarmA,ALL,ramp,CLARA_cost_update,0.9089728599930244,0.5017282555715216,0.407244604421502,0.6461983098443527,0.5445974857655226,0.10463042352218373,0.6825722498578537,0.11229038393779811,0.006771223602361691,0.10551916033543644
FarmA,ALL,ramp,CLARA_coverage_update,0.9099667615580029,0.5029760797590817,0.40699068179892073,0.6467335720429489,0.5459995354144663,0.08649548223869731,0.7059645737603509,0.11199989932291925,0.005090869191791203,0.10690903013112804
FarmA,ALL,ramp,CLARA_frozen,0.9094078508017317,0.5020698051436068,0.40733804565812404,0.6457688814950459,0.5449812493296631,0.09874184184514502,0.6906373298973926,0.1120181009346696,0.00638540810343077,0.10563269283123884
FarmA,ALL,ramp,EEE,0.9521425804992806,0.4583380545389063,0.4938045259603741,0.5575608079612232,0.49584445089741713,0.20435650059971883,0.5627799806089299,0.08601285289293353,0.019976515115724815,0.06603633777720876
FarmA,ALL,ramp,EnbPI-RH,1.0508734115308402,0.37919573570404563,0.6716776758267947,0.49533685989992937,0.4069204971503816,0.34010913323822795,0.3521753320398929,0.06552905652254805,0.03181820686421109,0.03371084965833697
FarmA,ALL,ramp,LinUCB,0.9005458856254531,0.4628801943377572,0.43766569128769595,0.5934673113302453,0.500947978761293,0.1957888104252322,0.5804502931184641,0.10574046910674939,0.01884116050014035,0.08689930860660908
FarmA,ALL,ramp,Static,1.0678918667847113,0.37057832238515404,0.6973135443995571,0.4833600696513708,0.39723801027522293,0.3671032790829835,0.3528966803160618,0.07363074863860343,0.039209465044453454,0.034421283594150004
FarmA,ALL,ramp,TSC,0.8879549992718665,0.47007994903719164,0.4178750502346748,0.6046858757856218,0.509037590783129,0.1499722355628082,0.6350433583566187,0.10944045623940397,0.014152620398285933,0.09528783584111802
FarmB,ALL,ordinary,ACI,0.6437761245039276,0.42008284167794124,0.22369328282598655,0.7038335128454839,0.47180353037257844,0.0372403552956484,0.7789378515803076,0.12053774106278056,0.0015704513916732859,0.11896728967110728
FarmB,ALL,ordinary,AgACI,0.6637549020559355,0.4387431147092709,0.22501178734666505,0.7121273551942857,0.49277012928418457,0.10902685157081068,0.7539602604674424,0.14383496719913771,0.008122205987934193,0.13571276121120351
FarmB,ALL,ordinary,CART,0.5664197325121645,0.34806005671758267,0.21835967579458188,0.6727617569588077,0.39087905288903224,0.18904617283279126,0.6056026507578918,0.09683761939014127,0.014755419510156539,0.08208219987998475
FarmB,ALL,ordinary,CLARA,0.5415138983734045,0.3398342795603092,0.20167961881309515,0.6727066640736699,0.3816366066449051,0.11374325758341189,0.6280037516841258,0.0923870816810948,0.006664069965591389,0.08572301171550342
FarmB,ALL,ordinary,CLARA_cost_update,0.5457684102756624,0.34326783663400484,0.2025005736416574,0.6704370265000265,0.3854945359411924,0.12888457801736491,0.6161783353984329,0.09280994159489545,0.0086894679223818,0.08412047367251366
FarmB,ALL,ordinary,CLARA_coverage_update,0.5508466385000416,0.3488169293047991,0.20202970919524246,0.6784892895101586,0.3917294715263548,0.10272706067824702,0.6696870600195324,0.09512572037259366,0.006024096405798522,0.08910162396679515
FarmB,ALL,ordinary,CLARA_frozen,0.5515139404468807,0.34853771527632305,0.20297622517055772,0.6736646992945865,0.39141574789885347,0.1216758842806819,0.6394779252664409,0.09295129772182409,0.008120459127371814,0.08483083859445231
FarmB,ALL,ordinary,EEE,0.5689803785240185,0.3660898196065181,0.20289055891750038,0.6819879883654673,0.41113721343839915,0.11740439147617612,0.6908353172003252,0.08978132273417869,0.008489671620168693,0.08129165111400999
FarmB,ALL,ordinary,EnbPI-RH,0.558797505577337,0.30828705721528515,0.25051044836205183,0.6372196300810345,0.3461902894033057,0.21645802839780187,0.4270310603170876,0.051743996870252995,0.01616170928517715,0.03558228758507593
FarmB,ALL,ordinary,LinUCB,0.5435918425369103,0.3245746061954574,0.219017236341453,0.6542324045689635,0.3644909062349598,0.24377830236286663,0.48640607977963163,0.08846174743902066,0.021041017728780483,0.06742072971024018
FarmB,ALL,ordinary,Static,0.5822057697759857,0.29724626482358163,0.2849595049524044,0.6139715601531568,0.33378490469352656,0.3748739737954694,0.411519736139461,0.0750477078039536,0.04050312539426496,0.034544582409688634
FarmB,ALL,ordinary,TSC,0.5492962411295986,0.33934250804576327,0.20995373308383547,0.6599789737204257,0.38108405438136983,0.12653703881487563,0.5066542393840503,0.07455767068911204,0.007518545406137641,0.06703912528297436
FarmB,ALL,overall,ACI,0.70944566378267,0.4419097562665796,0.2675359075160852,0.6993231424924128,0.49464865119230234,0.039494404511316715,0.7720399629392269,0.11791971801240782,0.0017110689090813597,0.11620864910332648
FarmB,ALL,overall,AgACI,0.7301505995967703,0.4592009305069463,0.2709496690898163,0.7084830335839043,0.5140769368556414,0.11657084266573596,0.7455670215903438,0.14222562789987317,0.008854830601217008,0.13337079729865617
FarmB,ALL,overall,CART,0.6326956980179944,0.36275901850561293,0.2699366795123809,0.6467631635139586,0.40571523797773235,0.2100463349275937,0.5813187185636578,0.09540644889893943,0.01755306415907845,0.07785338473986092
FarmB,ALL,overall,CLARA,0.6109044199568403,0.3685482343386044,0.2423561856182336,0.6597405189736051,0.4122199748687348,0.12528646884121153,0.6085326614378925,0.0898085207149235,0.007658619305696304,0.0821499014092272
FarmB,ALL,overall,CLARA_cost_update,0.6151839860351351,0.3710410537272534,0.2441429323078801,0.6560482109371122,0.41502089553013743,0.14324594338813523,0.5961682449826446,0.09057013925011301,0.010062956523751035,0.08050718272636194
FarmB,ALL,overall,CLARA_coverage_update,0.6200992559282787,0.3751941528918865,0.24490510303639007,0.6638549622151213,0.41968729908590524,0.11411123246746864,0.6485775936222141,0.09229988989979884,0.007031691512322082,0.0852681983874767
FarmB,ALL,overall,CLARA_frozen,0.6215711009109525,0.3741242263614163,0.24744687454953446,0.6573441429914956,0.4184851344449272,0.13659968252324978,0.6172637217025785,0.09052086858362678,0.009531022474458422,0.08098984610916835
FarmB,ALL,overall,EEE,0.6437536256018472,0.38114067447755373,0.2626129511242933,0.6532115105304395,0.42636878401362105,0.14019497172538506,0.6571729177665834,0.08639045847919304,0.011011412565986282,0.07537904591320678
FarmB,ALL,overall,EnbPI-RH,0.6498279399832911,0.3206018533470258,0.329226086636265,0.6004522093245476,0.35834763667594943,0.24003226330868008,0.40202617316780404,0.05156986797708561,0.018417966287500056,0.033151901689585504
FarmB,ALL,overall,LinUCB,0.6120589580522516,0.34247803467393184,0.2695809233783192,0.6262579767826081,0.3829276156949447,0.26826749448193965,0.467698973054944,0.08894595126798097,0.02443960805236769,0.06450634321561328
FarmB,ALL,overall,Static,0.6889539434675209,0.30285015778966173,0.38610378567785936,0.5714060731610409,0.33840191133059433,0.4232896938570006,0.37267120918869806,0.0791814939124629,0.04845217141846933,0.030729322493993273
FarmB,ALL,overall,TSC,0.6135450101313726,0.3607077936406834,0.252837216490687,0.6405076496040527,0.40341049093848474,0.140162523547592,0.4908613735366276,0.07321842811501086,0.008758971552688863,0.06445945656232202
FarmB,ALL,ramp,ACI,0.7900353155331866,0.5004144747479962,0.28962084078519024,0.7121162885253652,0.5597157021687947,0.04126713395168998,0.7468198773169376,0.11096746801799333,0.001879986003640513,0.10908748201435284
FarmB,ALL,ramp,AgACI,0.8167274935546646,0.523611146422867,0.29311634713179807,0.7236502972825571,0.5857793782079742,0.12787994450408685,0.721308004272178,0.13677021122473706,0.00952410318738252,0.12724610803735456
FarmB,ALL,ramp,CART,0.6976882052897069,0.3929416320894094,0.3047465732002973,0.6112384465480784,0.43895969918162026,0.26989784560939284,0.5244296310616929,0.09222300695862917,0.023074684701220455,0.06914832225740872
FarmB,ALL,ramp,CLARA,0.6878803693412564,0.4183091450744511,0.26957122426680474,0.6463828610290072,0.4674625227603186,0.15029255785970905,0.5601134175355308,0.08429169247771504,0.009118273188995201,0.07517341928871984
FarmB,ALL,ramp,CLARA_cost_update,0.6888351021940997,0.41608032358507047,0.27275477860902847,0.6349670076487219,0.4649582289520258,0.17142826333703548,0.5484366265640669,0.08552271589797707,0.01187273438039989,0.07364998151757716
FarmB,ALL,ramp,CLARA_coverage_update,0.6958395076855177,0.42210362470028107,0.2737358829852362,0.6462905114345955,0.47172598301406027,0.1396278121461174,0.5884546471792584,0.08527259820213764,0.008517410169859862,0.07675518803227777
FarmB,ALL,ramp,CLARA_frozen,0.694532669721036,0.4165290719284636,0.2780035977925717,0.6326365369208875,0.46546244057381625,0.16481720764824054,0.5624362365646196,0.08457471806248187,0.011354427597823883,0.073220290464658
FarmB,ALL,ramp,EEE,0.7284322717048446,0.4188658239465731,0.30956644775827147,0.6182136429822706,0.4680880046391077,0.16603582919453358,0.5935532255800857,0.07780718615763665,0.012864496629116377,0.0649426895285203
FarmB,ALL,ramp,EnbPI-RH,0.7550032391268311,0.33985720999245805,0.4151460291343728,0.5386142959635847,0.3793142810951579,0.280425627898395,0.3380832879725988,0.049736794263585994,0.021301922975093743,0.02843487128849227
FarmB,ALL,ramp,LinUCB,0.6841634058903665,0.3780181925831578,0.3061452133072085,0.5897518303034209,0.4221917896240339,0.31472527518164617,0.4189083127492735,0.08652240353321167,0.02860578105576652,0.05791662247744515
FarmB,ALL,ramp,Static,0.8032812424674184,0.3115804646229763,0.49170077784444216,0.49162914577077554,0.3475426570845031,0.5411600666815501,0.2794278488815214,0.08332907717058746,0.06183144817336337,0.02149762899722402
FarmB,ALL,ramp,TSC,0.6862205760864412,0.4000352517596003,0.2861853243268403,0.614614590761812,0.44693005836161015,0.16012175654736127,0.46216176218881155,0.07007558921994032,0.010042464812735963,0.06003312440720434
Pooled,ALL,ordinary,ACI,0.6098701916413949,0.40331569502088016,0.20655449662051506,0.7316296194035893,0.4498982622353699,0.03131521549289213,0.7982357006645403,0.13105641775958418,0.0013526364935639076,0.12970378126602028
Pooled,ALL,ordinary,AgACI,0.6283571293405854,0.4239414519029273,0.20441567743765884,0.7384196473271774,0.4730732699680066,0.0881209931497578,0.7815026062959605,0.15212961922792326,0.006287842664262424,0.14584177656366085
Pooled,ALL,ordinary,CART,0.5562144949065312,0.33893100996055764,0.21728348494597383,0.6950571554652072,0.3775559194709641,0.18315174929711142,0.6100248481225566,0.1026223771749124,0.01544829275567118,0.08717408441924124
Pooled,ALL,ordinary,CLARA,0.5343787887600564,0.3385209414279958,0.1958578473320607,0.7049410466675001,0.3770951683107825,0.09549239822153069,0.684448035000926,0.10838916029769585,0.005883153289548824,0.10250600700814705
Pooled,ALL,ordinary,CLARA_cost_update,0.53567574591299,0.3395782112605346,0.19609753465245558,0.7024604899934324,0.3782831119428486,0.10868975011011217,0.6729660940559955,0.10881926871282771,0.00759256376712182,0.1012267049457059
Pooled,ALL,ordinary,CLARA_coverage_update,0.5413653413424315,0.3444802634701092,0.19688507787232248,0.7085305989738134,0.38379103577383145,0.08617541406494847,0.7127353253670035,0.10995483801627312,0.005319850135100276,0.10463498788117286
Pooled,ALL,ordinary,CLARA_frozen,0.5406865528401739,0.3432937813897883,0.1973927714503858,0.7046850305900031,0.38245790984088646,0.10214590731463898,0.6890021013136556,0.10878234365488239,0.007072285316863971,0.10171005833801844
Pooled,ALL,ordinary,EEE,0.5557971540268547,0.35570602183783007,0.2000911321890247,0.7002193604260949,0.3964042474229566,0.1442257151001104,0.653439403637309,0.09263996980472397,0.012613262328792677,0.0800267074759313
Pooled,ALL,ordinary,EnbPI-RH,0.5541699919670499,0.30225870419417744,0.25191128777287264,0.665784510225353,0.33635108153121185,0.23679510895551725,0.44376858902266036,0.06277949055518633,0.01977773849415285,0.043001752061033544
Pooled,ALL,ordinary,LinUCB,0.5370814259553816,0.33248068607635906,0.20460073987902275,0.6927503609286259,0.3703083645448988,0.19847857236780894,0.5677060256716868,0.10233808069803024,0.01790855978963973,0.08442952090839052
Pooled,ALL,ordinary,Static,0.5634410219611478,0.29330823623334,0.27013278572780824,0.6529364516066956,0.3262943759572371,0.3362078209522328,0.42459049023350526,0.07806318221895432,0.035947347884188144,0.04211583433476616
Pooled,ALL,ordinary,TSC,0.5444121266577592,0.3458308137781484,0.19858131287961106,0.7002700366836254,0.3853085080300548,0.12120170671821612,0.6031202697752801,0.09780710449015807,0.009170143002344037,0.08863696148781404
Pooled,ALL,overall,ACI,0.7217273754146267,0.43803968737444554,0.2836876880401775,0.7096508367709821,0.4830145343776532,0.034404622661861325,0.7877800656395487,0.12773430033168728,0.001515453950716721,0.12621884638097053
Pooled,ALL,overall,AgACI,0.7378014836981559,0.4580148379982173,0.2797866456999332,0.720330092514462,0.5054585238425691,0.09473473110802151,0.7715089874956499,0.14986746202580314,0.006876333833044547,0.1429911281927586
Pooled,ALL,overall,CART,0.6701317657506423,0.3691251864765435,0.30100657927409824,0.6512728805332278,0.4055825108968649,0.2020159343111272,0.5877589123246771,0.10065036259874588,0.017865988654070124,0.08278437394467571
Pooled,ALL,overall,CLARA,0.6522091467118256,0.3839721218806212,0.26823702483120293,0.6773725141128435,0.4222644607890878,0.10467576411872766,0.666518568131025,0.1049679411778803,0.0064959877966978665,0.09847195338118245
Pooled,ALL,overall,CLARA_cost_update,0.6536201577970776,0.38471639441957545,0.268903763377501,0.6744247936494978,0.42310072206881133,0.11918225760096088,0.6549649887257345,0.10563620246679938,0.008382660989057308,0.09725354147774201
Pooled,ALL,overall,CLARA_coverage_update,0.6580687865596208,0.38851878408334245,0.26955000247627703,0.6801638818476119,0.42737307000562774,0.09521093153860019,0.6940134011989694,0.10643958222777725,0.005937717884432914,0.10050186434334427
Pooled,ALL,overall,CLARA_frozen,0.6578203915881364,0.38700450788158547,0.27081588370654996,0.6754543384608181,0.42567163607106934,0.11288637882540127,0.6698803336036853,0.10552452389056582,0.007892659745315127,0.09763186414525066
Pooled,ALL,overall,EEE,0.6825077350887521,0.38265337784734504,0.2998543572414069,0.6481482747423352,0.42078272592023835,0.1644427062175338,0.6266165990367341,0.09008249305039273,0.015077229840903865,0.07500526320948887
Pooled,ALL,overall,EnbPI-RH,0.7076707192155185,0.3237849016561809,0.3838858175593374,0.6028038669377247,0.35463837064926707,0.2649050406087175,0.41173247204095453,0.06161922715017492,0.022779653562879938,0.03883957358729491
Pooled,ALL,overall,LinUCB,0.6527994178566465,0.3622520698959337,0.2905473479607126,0.6460618592710403,0.3978599079973039,0.22018975819728748,0.5453866920900245,0.10119374823680924,0.020711966396656595,0.08048178184015262
Pooled,ALL,overall,Static,0.7323690143416384,0.31077408436053944,0.4215949299810988,0.583945879480388,0.34001947481146666,0.3762787076688991,0.38845107978608356,0.07953200521190001,0.042127123494118415,0.03740488171778141
Pooled,ALL,overall,TSC,0.6522113207097702,0.37688529386802505,0.2753260268417441,0.659401973341825,0.4143017326850452,0.135079420745319,0.582496130281499,0.09527044474830573,0.010566062066804358,0.08470438268150135
Pooled,ALL,ramp,ACI,0.8672840556163346,0.5145628305156198,0.3527212251007142,0.6941734058559698,0.5673155438052042,0.03734798746871156,0.7639886762590637,0.11995076919634795,0.0016853493792315499,0.11826541981711639
Pooled,ALL,ramp,AgACI,0.8824642961510538,0.5392390601030276,0.343225236048026,0.7102628943709445,0.5950416444652121,0.10364057052907599,0.7501519259287195,0.1436910298885116,0.007400724975595192,0.13629030491291644
Pooled,ALL,ramp,CART,0.8088022296309267,0.4243519963791157,0.38445023325181094,0.5969898116228449,0.4659550560113809,0.24298860428646496,0.541004423652351,0.09557464682072933,0.021560185014088195,0.07401446180664115
Pooled,ALL,ramp,CLARA,0.7985856500879261,0.45974618116100996,0.33883946892691574,0.6459200600566348,0.5057238029573291,0.12247478221479129,0.6260289178270668,0.09791457243698021,0.007337198266268262,0.09057737417071197
Pooled,ALL,ramp,CLARA_cost_update,0.7989039810935621,0.458904289578296,0.3399996915152652,0.6405826587465373,0.5047778573587742,0.1380293434296096,0.6155044382109602,0.09890654991788758,0.00932197899138079,0.0895845709265068
Pooled,ALL,ramp,CLARA_coverage_update,0.8029031346217603,0.46253985222968136,0.34036328239207847,0.6465120417387722,0.5088627592142633,0.11306164719240736,0.6472096104698046,0.09863624876252844,0.006804139680825532,0.0918321090817029
Pooled,ALL,ramp,CLARA_frozen,0.8019702602613838,0.45929943853603517,0.3426708217253479,0.6392027092079666,0.5052218449517396,0.13177952474669277,0.626536783231006,0.09829640949857574,0.008869917850627327,0.08942649164794841
Pooled,ALL,ramp,EEE,0.8402874261020625,0.4386019392427397,0.4016854868593228,0.5878872254717469,0.4819662277682624,0.1851961648971262,0.5781666030945078,0.0819100195252851,0.016420505872420596,0.06548951365286453
Pooled,ALL,ramp,EnbPI-RH,0.9029383253288357,0.35952647284825184,0.5434118524805838,0.5169755779317571,0.3931173891227697,0.3102673805683115,0.3451293100062458,0.057632925393067025,0.026560064919652418,0.03107286047341462
Pooled,ALL,ramp,LinUCB,0.7923546457579098,0.4204491934604575,0.3719054522974522,0.5916095708168332,0.4615698841926635,0.2552570428034392,0.49967930293386875,0.09613143631998053,0.023723470777953434,0.07240796554202711
Pooled,ALL,ramp,Static,0.9355865546260649,0.34107939350406513,0.5945071611219996,0.48749460771107317,0.372390333679863,0.45413167288226686,0.3161622645987916,0.07847991290459544,0.050520456608908415,0.02795945629568701
Pooled,ALL,ramp,TSC,0.7870877876791538,0.43505760039839597,0.3520301872807575,0.6096502332737169,0.4779838245723696,0.15504699605508473,0.5486025602727151,0.08975802272967215,0.012097542605510948,0.07766048012416119
Pooled,rho_1,ordinary,ACI,0.4300590034282499,0.40331569502088016,0.026743308407369576,0.7316296194035893,0.4498982622353699,0.03131521549289213,0.7982357006645403,0.13105641775958418,0.0013526364935639076,0.12970378126602028
Pooled,rho_1,ordinary,AgACI,0.4504078401658773,0.42394145190292726,0.02646638826294972,0.7384196473271774,0.4730732699680066,0.08812099314975781,0.7815026062959605,0.15212961922792326,0.006287842664262424,0.14584177656366085
Pooled,rho_1,ordinary,CART,0.3662187282255971,0.3349036135776533,0.03131511464794381,0.6755759153340111,0.37303075499579075,0.22764444952033014,0.516111327153414,0.08044218707790159,0.01951496337824771,0.06092722369965389
Pooled,rho_1,ordinary,CLARA,0.3306460829607669,0.2976854898758561,0.0329605930849108,0.6569234039738758,0.3312126384769176,0.16529630947233648,0.5150723714087577,0.0646153726707641,0.011374511917578753,0.053240860753185376
Pooled,rho_1,ordinary,CLARA_cost_update,0.32972083639157745,0.2962098500414841,0.03351098635009335,0.6525981336507729,0.3295546161911064,0.1937024911088611,0.496449833581999,0.06735659055170859,0.015485725308896497,0.051870865242812106
Pooled,rho_1,ordinary,CLARA_coverage_update,0.33838233348724767,0.306153623663722,0.032228709823525624,0.6679039241295452,0.34072739554193593,0.14668999501993152,0.57234613703759,0.07108770093433614,0.01016113901896536,0.0609265619153708
Pooled,rho_1,ordinary,CLARA_frozen,0.3358716316598564,0.30302027953392585,0.032851352125930516,0.6603444012647224,0.33720678416014244,0.17505742709919453,0.5375627479151266,0.07064870205234078,0.013848703938695094,0.05679999811364574
Pooled,rho_1,ordinary,EEE,0.38161249661935925,0.35570602183783007,0.02590647478152924,0.7002193604260949,0.3964042474229566,0.14422571510011037,0.653439403637309,0.09263996980472397,0.012613262328792677,0.0800267074759313
Pooled,rho_1,ordinary,EnbPI-RH,0.33487450956482867,0.30225870419417744,0.032615805370651244,0.665784510225353,0.33635108153121185,0.23679510895551725,0.4437685890226605,0.06277949055518633,0.01977773849415285,0.043001752061033544
Pooled,rho_1,ordinary,LinUCB,0.32284694092301214,0.28790613420883804,0.034940806714174065,0.6484845150661285,0.3202245984016168,0.33884324141419053,0.3545840849501251,0.06994979547646982,0.0329702923037717,0.03697950317269812
Pooled,rho_1,ordinary,Static,0.32828324049545077,0.29330823623334,0.03497500426211076,0.6529364516066956,0.3262943759572371,0.3362078209522328,0.4245904902335052,0.07806318221895432,0.035947347884188144,0.04211583433476616
Pooled,rho_1,ordinary,TSC,0.3277580636594374,0.2940325222686314,0.03372554139080598,0.6548528184428292,0.3271081804912722,0.23134170024497513,0.36392606913296643,0.0539479415844714,0.019094337070009126,0.03485360451446229
Pooled,rho_1,overall,ACI,0.4747696906266664,0.43803968737444554,0.03673000325221967,0.7096508367709821,0.4830145343776532,0.034404622661861325,0.7877800656395488,0.12773430033168728,0.0015154539507167212,0.12621884638097056
Pooled,rho_1,overall,AgACI,0.49423976012113696,0.4580148379982173,0.03622492212291833,0.720330092514462,0.5054585238425691,0.09473473110802151,0.7715089874956499,0.14986746202580314,0.006876333833044547,0.1429911281927586
Pooled,rho_1,overall,CART,0.40004190803981227,0.3540237477140255,0.04601816032578673,0.6202958346430691,0.38861460217493515,0.25208912783972004,0.49016451317292464,0.07951899064070717,0.022672384106432682,0.056846606534274494
Pooled,rho_1,overall,CLARA,0.38649428283672826,0.3416849004054408,0.044809382431287396,0.6229826463921755,0.37475072879450366,0.18104539251998686,0.4894301244486545,0.062208481895995635,0.012548124541386114,0.04966035735460954
Pooled,rho_1,overall,CLARA_cost_update,0.3857162594581765,0.3401281016206542,0.04558815783752227,0.6174446532965303,0.37300151667676595,0.21238285526141965,0.4702473518721465,0.0653311825347444,0.01710648658715322,0.04822469594759115
Pooled,rho_1,overall,CLARA_coverage_update,0.3925687138409709,0.34837692086761074,0.04419179297335995,0.6317309764862568,0.3822698529093005,0.16171164711327302,0.5455331835862589,0.06817658939505335,0.011299433264136991,0.056877156130916304
Pooled,rho_1,overall,CLARA_frozen,0.3904284274497524,0.3454518594915466,0.04497656795820579,0.6237603266924105,0.3789832670934986,0.19411376193820612,0.5094346758375781,0.06821559232144035,0.015446620353422494,0.052768971968017865
Pooled,rho_1,overall,EEE,0.4214765343711815,0.38265337784734504,0.0388231565238365,0.6481482747423352,0.42078272592023835,0.1644427062175338,0.6266165990367341,0.09008249305039273,0.015077229840903865,0.07500526320948887
Pooled,rho_1,overall,EnbPI-RH,0.37348789520110526,0.3237849016561809,0.049702993544924384,0.6028038669377247,0.35463837064926707,0.2649050406087175,0.41173247204095453,0.06161922715017493,0.02277965356287994,0.03883957358729491
Pooled,rho_1,overall,LinUCB,0.3615872933229396,0.3078604302175426,0.05372686310539698,0.582452207802366,0.3367457061114717,0.3759112912986494,0.3242206530383008,0.07135123127720396,0.038406153625778455,0.032945077651425514
Pooled,rho_1,overall,Static,0.3653594040700502,0.31077408436053944,0.0545853197095109,0.583945879480388,0.34001947481146666,0.3762787076688991,0.3884510797860836,0.07953200521190001,0.042127123494118415,0.03740488171778141
Pooled,rho_1,overall,TSC,0.36888415518201767,0.31861513613768633,0.050269019044331384,0.5959106736364067,0.3488296453475875,0.25727819204582414,0.33353176913212135,0.05318957066703214,0.02194003182794127,0.031249538839090835
Pooled,rho_1,ramp,ACI,0.5602308390026195,0.5145628305156198,0.045668008486999645,0.6941734058559698,0.5673155438052042,0.03734798746871156,0.7639886762590637,0.11995076919634795,0.0016853493792315499,0.11826541981711639
Pooled,rho_1,ramp,AgACI,0.5836775908104388,0.5392390601030276,0.04443853070741098,0.7102628943709445,0.5950416444652121,0.10364057052907599,0.7501519259287195,0.1436910298885116,0.007400724975595192,0.13629030491291644
Pooled,rho_1,ramp,CART,0.45255066915623426,0.38730486139196174,0.06524580776427241,0.5363088110994183,0.4243290616437919,0.3117045915395362,0.4268390659787774,0.0763193507900822,0.028367958512634857,0.047951392277447345
Pooled,rho_1,ramp,CLARA,0.4696169195673714,0.4112856404586659,0.058331279108705364,0.5845964079122841,0.45127375722435864,0.21448562844908398,0.43634881449104035,0.05728861760129605,0.014174203392398183,0.04311441420889786
Pooled,rho_1,ramp,CLARA_cost_update,0.4673333440875101,0.40777068318314236,0.05956266090436732,0.5724517617659108,0.4473243670271413,0.2460233352635327,0.4167340876364264,0.06072032735606571,0.01903416472060384,0.041686162635461876
Pooled,rho_1,ramp,CLARA_coverage_update,0.4737643053659003,0.4159683926734409,0.05779591269245918,0.5890795342607731,0.4565352765668024,0.19508044367942365,0.4796354794290296,0.061250405665096014,0.012929487646616826,0.04832091801847918
Pooled,rho_1,ramp,CLARA_frozen,0.4705166672265786,0.4115580457134812,0.058958621513097026,0.5764214168797835,0.4515798305443761,0.22796337213975276,0.4476759693698413,0.062346307855706426,0.017362488638713473,0.04498381921699296
Pooled,rho_1,ramp,EEE,0.4906095160982528,0.43860193924273966,0.05200757685551313,0.5878872254717469,0.48196622776826237,0.1851961648971262,0.5781666030945078,0.0819100195252851,0.016420505872420596,0.06548951365286453
Pooled,rho_1,ramp,EnbPI-RH,0.429883841004743,0.35952647284825184,0.07035736815649106,0.5169755779317571,0.3931173891227698,0.3102673805683115,0.3451293100062458,0.057632925393067025,0.026560064919652418,0.03107286047341462
Pooled,rho_1,ramp,LinUCB,0.41954135396884806,0.34510136737122216,0.07443998659762588,0.4981406058694886,0.37690940544071405,0.432044022344666,0.2638021553355026,0.06893831914222207,0.04362740502234361,0.02531091411987846
Pooled,rho_1,ramp,Static,0.41805224386754775,0.34107939350406513,0.07697285036348263,0.48749460771107317,0.372390333679863,0.45413167288226686,0.3161622645987916,0.07847991290459544,0.050520456608908415,0.02795945629568701
Pooled,rho_1,ramp,TSC,0.4293835835693508,0.35917888315307395,0.07020470041627677,0.5178298261439754,0.39272683890346893,0.2953498729464186,0.2867509332442072,0.05054505308604584,0.025109301841104957,0.025435751244940862
Pooled,rho_10,ordinary,ACI,0.6707487790945752,0.40331569502088016,0.2674330840736957,0.7316296194035893,0.4498982622353699,0.03131521549289213,0.7982357006645403,0.13105641775958418,0.0013526364935639076,0.12970378126602028
Pooled,rho_10,ordinary,AgACI,0.688605334532423,0.42394145190292726,0.2646638826294972,0.7384196473271774,0.4730732699680066,0.08812099314975781,0.7815026062959605,0.15212961922792326,0.006287842664262424,0.14584177656366085
Pooled,rho_10,ordinary,CART,0.6201117528631104,0.342017567446486,0.27809418541662484,0.710103130288101,0.38102396158998475,0.15564607431869526,0.6737830222417067,0.11931917374735951,0.013502229737481717,0.1058169440098778
Pooled,rho_10,ordinary,CLARA,0.6124308648244435,0.366038082107753,0.24639278271669063,0.7408244896281703,0.4080133039060152,0.04975360350723147,0.8056145699427071,0.14218193821968572,0.002383456415580691,0.13979848180410503
Pooled,rho_10,ordinary,CLARA_cost_update,0.6145888369995125,0.3679006095567705,0.24668822744274205,0.7389514071565371,0.41010603137682156,0.054902452441901416,0.7982212167930313,0.14075324425009328,0.002802058309599332,0.13795118594049396
Pooled,rho_10,ordinary,CLARA_coverage_update,0.6193449310482478,0.3708668957132393,0.24847803533500873,0.7389718149557041,0.41343893717060665,0.047606761697758085,0.8131444379015142,0.13935959076025,0.002276726719913842,0.1370828640403362
Pooled,rho_10,ordinary,CLARA_frozen,0.6188451269733973,0.37000177938071177,0.24884334759268567,0.7376118366747467,0.41246689634754197,0.05775462512323765,0.7967321050970929,0.1376828816530357,0.0030879247977589922,0.13459495685527673
Pooled,rho_10,ordinary,EEE,0.6147707696531224,0.35570602183783007,0.2590647478152924,0.7002193604260949,0.3964042474229566,0.14422571510011037,0.653439403637309,0.09263996980472397,0.012613262328792677,0.0800267074759313
Pooled,rho_10,ordinary,EnbPI-RH,0.6284167579006898,0.30225870419417744,0.3261580537065125,0.665784510225353,0.33635108153121185,0.23679510895551725,0.4437685890226605,0.06277949055518633,0.01977773849415285,0.043001752061033544
Pooled,rho_10,ordinary,LinUCB,0.6184199851957966,0.36445172922515157,0.2539682559706453,0.7309060459277321,0.40623088493680043,0.11163852519644252,0.7271905783914445,0.13069852735922302,0.00926426134929378,0.12143426600992926
Pooled,rho_10,ordinary,Static,0.6430582788544466,0.29330823623334,0.3497500426211076,0.6529364516066956,0.3262943759572371,0.3362078209522328,0.4245904902335052,0.07806318221895432,0.035947347884188144,0.04211583433476616
Pooled,rho_10,ordinary,TSC,0.635335694365155,0.39125451767143404,0.2440811766937213,0.7493902855014007,0.4363463775730718,0.01532962233182646,0.868398903500688,0.14260315048324185,0.0005315564996458234,0.14207159398359598
Pooled,rho_10,overall,ACI,0.8053397198966495,0.43803968737444554,0.3673000325221968,0.7096508367709821,0.4830145343776532,0.034404622661861325,0.7877800656395488,0.12773430033168728,0.0015154539507167212,0.12621884638097056
Pooled,rho_10,overall,AgACI,0.8202640592274127,0.4580148379982173,0.36224922122918324,0.720330092514462,0.5054585238425691,0.09473473110802151,0.7715089874956499,0.14986746202580314,0.006876333833044547,0.1429911281927586
Pooled,rho_10,overall,CART,0.76296787084386,0.3776305741160524,0.38533729672780626,0.6718438834766347,0.41513912622215576,0.17158673955786843,0.653244925571852,0.11677575558756814,0.015485516974991006,0.10129023861257708
Pooled,rho_10,overall,CLARA,0.7488742284212675,0.4125029989342831,0.33637122948698106,0.717168811946107,0.4543216260179209,0.054998042359053534,0.792010556303401,0.13770607628493775,0.0026543949759815664,0.13505168130895615
Pooled,rho_10,overall,CLARA_cost_update,0.7508251751523379,0.4135019688868474,0.3373232062654873,0.715047529615036,0.45544406416686894,0.06018233330056877,0.7847904652301467,0.1364604541039991,0.003102242942455541,0.1333582111615435
Pooled,rho_10,overall,CLARA_coverage_update,0.7550720825745798,0.41562361680745685,0.33944846576711984,0.715076196126966,0.45782793823496937,0.05234512675145431,0.800449633587728,0.13522460856911905,0.0025570360111142245,0.1326675725580048
Pooled,rho_10,overall,CLARA_frozen,0.755249731465762,0.41367309791164253,0.3415766335541167,0.7118769631476358,0.45563634397000913,0.0628875824996717,0.7836441678427297,0.13365091665310092,0.003420078318706091,0.13023083833439478
Pooled,rho_10,overall,EEE,0.7708849430857101,0.38265337784734504,0.3882315652383651,0.6481482747423352,0.42078272592023835,0.1644427062175338,0.6266165990367341,0.09008249305039273,0.015077229840903865,0.07500526320948887
Pooled,rho_10,overall,EnbPI-RH,0.8208148371054247,0.3237849016561809,0.497029935449244,0.6028038669377247,0.35463837064926707,0.2649050406087175,0.41173247204095453,0.06161922715017493,0.02277965356287994,0.03883957358729491
Pooled,rho_10,overall,LinUCB,0.7644682369517805,0.397554823765186,0.36691341318659265,0.6920378823397302,0.43752592358073294,0.1237376372931277,0.7096935582344452,0.12788247489547422,0.010567782459988611,0.11731469243548558
Pooled,rho_10,overall,Static,0.856627281455649,0.31077408436053944,0.545853197095109,0.583945879480388,0.34001947481146666,0.3762787076688991,0.3884510797860836,0.07953200521190001,0.042127123494118415,0.03740488171778141
Pooled,rho_10,overall,TSC,0.7670424183225723,0.4280517310603712,0.3389906872621973,0.720282999559106,0.4717921115528486,0.01763846772984485,0.8555298184277738,0.13772513471223907,0.0006307940826733871,0.13709434062956566
Pooled,rho_10,ramp,ACI,0.9712429153856186,0.5145628305156198,0.45668008486999656,0.6941734058559698,0.5673155438052042,0.03734798746871156,0.7639886762590637,0.11995076919634795,0.0016853493792315499,0.11826541981711639
Pooled,rho_10,ramp,AgACI,0.9836243671771401,0.5392390601030276,0.44438530707410995,0.7102628943709445,0.5950416444652121,0.10364057052907599,0.7501519259287195,0.1436910298885116,0.007400724975595192,0.13629030491291644
Pooled,rho_10,ramp,CART,0.9327282904143126,0.44259625626371013,0.4901320341506017,0.631474576045135,0.48645422442103803,0.20425722627422005,0.6128868126402367,0.11040963337186754,0.018248120939684025,0.09216151243218357
Pooled,rho_10,ramp,CLARA,0.9171080457377205,0.4926230365966773,0.42448500914104137,0.6921440770841016,0.5426640899636969,0.06620363690853281,0.7585832762224131,0.1288474371812061,0.003100907076612867,0.12574653010459322
Pooled,rho_10,ramp,CLARA_cost_update,0.9180432604805233,0.49210116985609176,0.42594209062442956,0.6900096545305241,0.5420777228394433,0.07200589901463236,0.7535793330204482,0.127979066725004,0.0035704115254892375,0.1244086551995148
Pooled,rho_10,ramp,CLARA_coverage_update,0.9219945393505801,0.49328252474984546,0.4287120146007327,0.687581749279789,0.543405087888605,0.06231264569278759,0.7687911792606837,0.12668976459428272,0.0030025649498973614,0.12368719964438535
Pooled,rho_10,ramp,CLARA_frozen,0.9219166539939887,0.48955968860610777,0.43235696538787927,0.6827227721900009,0.539222125929349,0.07424079075193363,0.7542875764821839,0.1252719921019351,0.003887322200462052,0.12138466990147306
Pooled,rho_10,ramp,EEE,0.9586777077978712,0.43860193924273966,0.5200757685551314,0.5878872254717469,0.48196622776826237,0.1851961648971262,0.5781666030945078,0.0819100195252851,0.016420505872420596,0.06548951365286453
Pooled,rho_10,ramp,EnbPI-RH,1.0631001544131629,0.35952647284825184,0.7035736815649107,0.5169755779317571,0.3931173891227698,0.3102673805683115,0.3451293100062458,0.057632925393067025,0.026560064919652418,0.03107286047341462
Pooled,rho_10,ramp,LinUCB,0.9386037910465721,0.4661989972082593,0.47240479383831224,0.65360408962631,0.5129741580665977,0.1451861727641638,0.6703358205113265,0.12051006869660791,0.012274110896896267,0.10823595779971168
Pooled,rho_10,ramp,Static,1.1108078971388913,0.34107939350406513,0.7697285036348264,0.48749460771107317,0.372390333679863,0.45413167288226686,0.3161622645987916,0.07847991290459544,0.050520456608908415,0.02795945629568701
Pooled,rho_10,ramp,TSC,0.9342429956042645,0.5015721857811085,0.4326708098231543,0.6937374106271436,0.5527193137664286,0.020656398768841244,0.8299921674011973,0.12840603301050244,0.0007371116510512896,0.12766892135945113
Pooled,rho_2,ordinary,ACI,0.4568023118356195,0.40331569502088016,0.05348661681473915,0.7316296194035893,0.4498982622353699,0.03131521549289213,0.7982357006645403,0.13105641775958418,0.0013526364935639076,0.12970378126602028
Pooled,rho_2,ordinary,AgACI,0.4768742284288272,0.42394145190292726,0.05293277652589944,0.7384196473271774,0.4730732699680066,0.08812099314975781,0.7815026062959605,0.15212961922792326,0.006287842664262424,0.14584177656366085
Pooled,rho_2,ordinary,CART,0.39764959331636607,0.33619443197680837,0.0614551613395576,0.6799852740343768,0.37448111274765006,0.20567601732462124,0.5531818872660941,0.08259155392137887,0.01669864762345541,0.06589290629792349
Pooled,rho_2,ordinary,CLARA,0.36823464481647217,0.3037254404285081,0.0645092043879641,0.6619128759643036,0.33799909977203224,0.13629682331689558,0.5581287427045856,0.06762982841103182,0.009088431097421452,0.0585413973136104
Pooled,rho_2,ordinary,CLARA_cost_update,0.3695676527994918,0.3044189034424503,0.06514874935704144,0.6594123466752118,0.33877827169780994,0.15629925161416813,0.5428101365818883,0.06991484807436775,0.011626431136178441,0.05828841693818933
Pooled,rho_2,ordinary,CLARA_coverage_update,0.3749763880955398,0.3118743970456467,0.06310199104989309,0.6721632844336733,0.3471552308025255,0.12081652290408482,0.6121427140748108,0.07444565561091776,0.008064105584877865,0.06638155002603992
Pooled,rho_2,ordinary,CLARA_frozen,0.3745518062213038,0.3103546985353061,0.06419710768599766,0.6654600430008526,0.34544770438641226,0.14248327138251735,0.5762366277518882,0.07310778202850635,0.010531231766609871,0.06257655026189649
Pooled,rho_2,ordinary,EEE,0.40751897140088844,0.35570602183783007,0.05181294956305848,0.7002193604260949,0.3964042474229566,0.14422571510011037,0.653439403637309,0.09263996980472397,0.012613262328792677,0.0800267074759313
Pooled,rho_2,ordinary,EnbPI-RH,0.3674903149354799,0.30225870419417744,0.06523161074130249,0.665784510225353,0.33635108153121185,0.23679510895551725,0.4437685890226605,0.06277949055518633,0.01977773849415285,0.043001752061033544
Pooled,rho_2,ordinary,LinUCB,0.3614582497246411,0.29351847798574693,0.06793977173889404,0.6523963909203236,0.32653060264533484,0.3026040884720863,0.37882272558265145,0.06845100101309014,0.028557338466903545,0.039893662546186606
Pooled,rho_2,ordinary,Static,0.3632582447575614,0.29330823623334,0.06995000852422152,0.6529364516066956,0.3262943759572371,0.3362078209522328,0.4245904902335052,0.07806318221895432,0.035947347884188144,0.04211583433476616
Pooled,rho_2,ordinary,TSC,0.36148360505024346,0.2940325222686314,0.06745108278161197,0.6548528184428292,0.3271081804912722,0.23134170024497513,0.36392606913296643,0.0539479415844714,0.019094337070009126,0.03485360451446229
Pooled,rho_2,overall,ACI,0.5114996938788875,0.43803968737444554,0.07346000650443935,0.7096508367709821,0.4830145343776532,0.034404622661861325,0.7877800656395488,0.12773430033168728,0.0015154539507167212,0.12621884638097056
Pooled,rho_2,overall,AgACI,0.5304646822440575,0.4580148379982173,0.07244984424583666,0.720330092514462,0.5054585238425691,0.09473473110802151,0.7715089874956499,0.14986746202580314,0.006876333833044547,0.1429911281927586
Pooled,rho_2,overall,CART,0.44763657179061667,0.35998951299675597,0.0876470587938604,0.6287594402670033,0.39531770923418286,0.22797689918365377,0.5271295998056604,0.0807799568871038,0.0195581972094908,0.061221759677612946
Pooled,rho_2,overall,CLARA,0.4364487277778796,0.34949178713056356,0.08695694064731546,0.6307363655418405,0.3835225116317202,0.14972763337601022,0.5341217248167988,0.06502250431541855,0.010018162693871072,0.05500434162154744
Pooled,rho_2,overall,CLARA_cost_update,0.4380921041801553,0.3507144044329916,0.08737769974716333,0.6280549371292836,0.38489623893781877,0.17207452632841957,0.5194812573402278,0.06768502578098404,0.012846705523391278,0.05483832025759269
Pooled,rho_2,overall,CLARA_coverage_update,0.4418482825725335,0.3562877408484558,0.08556054172407701,0.639521039031475,0.3911584146855307,0.13425211632795128,0.58630483162818,0.07138201912325788,0.009007914083629538,0.06237410503962827
Pooled,rho_2,overall,CLARA_frozen,0.4417663347382502,0.35532813611360825,0.08643819862464153,0.6332894537315608,0.3900802071182866,0.15839769286990102,0.5509088846143452,0.07056118472424124,0.011763654661123422,0.05879753006311778
Pooled,rho_2,overall,EEE,0.4602996908950181,0.38265337784734504,0.077646313047673,0.6481482747423352,0.42078272592023835,0.1644427062175338,0.6266165990367341,0.09008249305039273,0.015077229840903865,0.07500526320948887
Pooled,rho_2,overall,EnbPI-RH,0.4231908887460297,0.3237849016561809,0.09940598708984877,0.6028038669377247,0.35463837064926707,0.2649050406087175,0.41173247204095453,0.06161922715017493,0.02277965356287994,0.03883957358729491
Pooled,rho_2,overall,LinUCB,0.4186164995120077,0.31611509807388893,0.10250140143811878,0.5909723028010723,0.3460206138152311,0.33385112711513704,0.35106039105483355,0.06878913093365298,0.032620741129511764,0.0361683898041412
Pooled,rho_2,overall,Static,0.4199447237795611,0.31077408436053944,0.1091706394190218,0.583945879480388,0.34001947481146666,0.3762787076688991,0.3884510797860836,0.07953200521190001,0.042127123494118415,0.03740488171778141
Pooled,rho_2,overall,TSC,0.41915317422634907,0.31861513613768633,0.10053803808866277,0.5959106736364067,0.3488296453475875,0.25727819204582414,0.33353176913212135,0.05318957066703214,0.02194003182794127,0.031249538839090835
Pooled,rho_2,ramp,ACI,0.6058988474896194,0.5145628305156198,0.09133601697399929,0.6941734058559698,0.5673155438052042,0.03734798746871156,0.7639886762590637,0.11995076919634795,0.0016853493792315499,0.11826541981711639
Pooled,rho_2,ramp,AgACI,0.6281161215178501,0.5392390601030276,0.08887706141482196,0.7102628943709445,0.5950416444652121,0.10364057052907599,0.7501519259287195,0.1436910298885116,0.007400724975595192,0.13629030491291644
Pooled,rho_2,ramp,CART,0.5250003967845968,0.4066778269735265,0.11832256981107014,0.5633756004897441,0.44609643870173,0.2722571322358661,0.47386506114664584,0.07607188562413877,0.023555481887107217,0.05251640373703157
Pooled,rho_2,ramp,CLARA,0.5337561099640475,0.42045629952549923,0.11329981043854785,0.5932009811084895,0.4615778685354073,0.1719199890623422,0.4811619443803006,0.05957388231066335,0.011225331006528772,0.0483485513041346
Pooled,rho_2,ramp,CLARA_cost_update,0.5335596092025952,0.41945851301557124,0.11410109618702316,0.5852793185133591,0.4604567600972861,0.1960840224957577,0.46879088263567925,0.06269598632210592,0.014209430493862012,0.04848655582824393
Pooled,rho_2,ramp,CLARA_coverage_update,0.5374676983257417,0.42554688340472324,0.11192081492101805,0.5980248979231879,0.4672976257030745,0.15749693596769843,0.5200124892768705,0.06403109561960238,0.010269505077996073,0.0537615905416063
Pooled,rho_2,ramp,CLARA_frozen,0.535730003477975,0.4225512498364722,0.11317875364150201,0.5881180116863265,0.4639317452893096,0.18168362970910842,0.49219185271071775,0.06444417749239369,0.013143897235874846,0.051300280256518865
Pooled,rho_2,ramp,EEE,0.5426170929537659,0.43860193924273966,0.10401515371102626,0.5878872254717469,0.48196622776826237,0.1851961648971262,0.5781666030945078,0.0819100195252851,0.016420505872420596,0.06548951365286453
Pooled,rho_2,ramp,EnbPI-RH,0.5002412091612339,0.35952647284825184,0.14071473631298212,0.5169755779317571,0.3931173891227698,0.3102673805683115,0.3451293100062458,0.057632925393067025,0.026560064919652418,0.03107286047341462
Pooled,rho_2,ramp,LinUCB,0.49957214208428147,0.3585299268377641,0.14104221524651736,0.5123103051433481,0.39199767450424416,0.3825999241454393,0.29345540752773847,0.06590850675186477,0.03696814167165407,0.02894036508021071
Pooled,rho_2,ramp,Static,0.49502509423103047,0.34107939350406513,0.15394570072696526,0.48749460771107317,0.372390333679863,0.45413167288226686,0.3161622645987916,0.07847991290459544,0.050520456608908415,0.02795945629568701
Pooled,rho_2,ramp,TSC,0.4995882839856276,0.35917888315307395,0.14040940083255354,0.5178298261439754,0.39272683890346893,0.2953498729464186,0.2867509332442072,0.05054505308604584,0.025109301841104957,0.025435751244940862
Pooled,rho_20,ordinary,ACI,0.9381818631682697,0.40331569502088016,0.5348661681473914,0.7316296194035893,0.4498982622353699,0.03131521549289213,0.7982357006645403,0.13105641775958418,0.0013526364935639076,0.12970378126602028
Pooled,rho_20,ordinary,AgACI,0.9532692171619186,0.42394145190292726,0.5293277652589944,0.7384196473271774,0.4730732699680066,0.08812099314975781,0.7815026062959605,0.15212961922792326,0.006287842664262424,0.14584177656366085
Pooled,rho_20,ordinary,CART,0.90202635539658,0.34696551272846154,0.5550608426681195,0.7086047166967937,0.3865834506708562,0.14403856578859825,0.6794291766717455,0.11889067319933919,0.012334901190969607,0.1065557720083696
Pooled,rho_20,ordinary,CLARA,0.8717806494827469,0.38563943725192984,0.4861412122308174,0.7458906339148071,0.43003729845003413,0.046035317123717105,0.8185194969273781,0.14890539216218962,0.002144203175962603,0.14676118898622706
Pooled,rho_20,ordinary,CLARA_cost_update,0.8731943570876233,0.38698260975716675,0.4862117473304569,0.743814161747673,0.43154648104018767,0.04971310115346361,0.8105565690712226,0.14734051119779196,0.002482061733181648,0.1448584494646103
Pooled,rho_20,ordinary,CLARA_coverage_update,0.8787545005692557,0.38762257673024064,0.49113192383901544,0.7434707875608174,0.43226554505487774,0.044805373708674476,0.8230351025044604,0.14582603186289125,0.0020936189629644354,0.14373241289992683
Pooled,rho_20,ordinary,CLARA_frozen,0.87866273373573,0.38740605722997634,0.4912566765057542,0.7421444152655363,0.4320222647175017,0.05029135917927731,0.8096841614936526,0.14423781877298775,0.0025618486862418787,0.14167597008674584
Pooled,rho_20,ordinary,EEE,0.8738355174684146,0.35570602183783007,0.5181294956305847,0.7002193604260949,0.3964042474229566,0.14422571510011037,0.653439403637309,0.09263996980472397,0.012613262328792677,0.0800267074759313
Pooled,rho_20,ordinary,EnbPI-RH,0.9545748116072015,0.30225870419417744,0.652316107413025,0.665784510225353,0.33635108153121185,0.23679510895551725,0.4437685890226605,0.06277949055518633,0.01977773849415285,0.043001752061033544
Pooled,rho_20,ordinary,LinUCB,0.8915867667378875,0.3878118550574269,0.5037749116804617,0.7377639404923995,0.4324782173326148,0.08691199120867955,0.769980225293768,0.14382622646543047,0.006167288682963163,0.13765893778246732
Pooled,rho_20,ordinary,Static,0.9928083214755543,0.29330823623334,0.6995000852422152,0.6529364516066956,0.3262943759572371,0.3362078209522328,0.4245904902335052,0.07806318221895432,0.035947347884188144,0.04211583433476616
Pooled,rho_20,ordinary,TSC,0.9022008017127197,0.4188355127587558,0.4833652889539648,0.7461261877031167,0.4673362596936578,0.01886863549772499,0.8599203144132055,0.14901840008493625,0.0007149283693028849,0.14830347171563335
Pooled,rho_20,overall,ACI,1.172639752418839,0.43803968737444554,0.7346000650443936,0.7096508367709821,0.4830145343776532,0.034404622661861325,0.7877800656395488,0.12773430033168728,0.0015154539507167212,0.12621884638097056
Pooled,rho_20,overall,AgACI,1.182513280456582,0.4580148379982173,0.7244984424583665,0.720330092514462,0.5054585238425691,0.09473473110802151,0.7715089874956499,0.14986746202580314,0.006876333833044547,0.1429911281927586
Pooled,rho_20,overall,CART,1.147091083786401,0.38415190747203204,0.7629391763143696,0.6743113034011939,0.42246646707157054,0.15854639369788132,0.6602478868680743,0.11629195054895373,0.014097916947035721,0.10219403360191795
Pooled,rho_20,overall,CLARA,1.0972467345928494,0.4296930536998644,0.6675536808929847,0.7251964755068419,0.4736362942938547,0.05019788103736629,0.8087177763395449,0.14512282257074607,0.002338250821086778,0.1427845717496593
Pooled,rho_20,overall,CLARA_cost_update,1.099619651812422,0.43046875821979047,0.6691508935926316,0.7230318618086247,0.4745078724061308,0.053951079051454374,0.8006658709930341,0.14369172589226598,0.002678805369969532,0.14101292052229641
Pooled,rho_20,overall,CLARA_coverage_update,1.1038206790896155,0.430455760961283,0.6733649181283327,0.7224749850321512,0.47449326874488607,0.04868038592260317,0.8127292024674625,0.14222568666423718,0.002286558187846688,0.13993912847639045
Pooled,rho_20,overall,CLARA_frozen,1.104798589934005,0.42935450735025266,0.6754440825837524,0.7200751598295121,0.473255905136987,0.0546317279290105,0.7991540777442185,0.14072207907584433,0.0027833865664602057,0.13793869250938412
Pooled,rho_20,overall,EEE,1.1591165083240753,0.38265337784734504,0.7764631304767302,0.6481482747423352,0.42078272592023835,0.1644427062175338,0.6266165990367341,0.09008249305039273,0.015077229840903865,0.07500526320948887
Pooled,rho_20,overall,EnbPI-RH,1.3178447725546696,0.3237849016561809,0.994059870898488,0.6028038669377247,0.35463837064926707,0.2649050406087175,0.41173247204095453,0.06161922715017493,0.02277965356287994,0.03883957358729491
Pooled,rho_20,overall,LinUCB,1.1257650914238755,0.4258802445212041,0.699884846902672,0.7110410612989861,0.469352239036934,0.09774324302305597,0.7534683985218721,0.14078605807309527,0.007382573504553723,0.1334034845685415
Pooled,rho_20,overall,Static,1.4024804785507585,0.31077408436053944,1.091706394190218,0.583945879480388,0.34001947481146666,0.3762787076688991,0.3884510797860836,0.07953200521190001,0.042127123494118415,0.03740488171778141
Pooled,rho_20,overall,TSC,1.112123237591757,0.4537460277209525,0.6583772098708043,0.727857602340806,0.500662107800692,0.021152664512206903,0.8510466415031589,0.14537817009451542,0.0008060667939549246,0.14457210330056047
Pooled,rho_20,ramp,ACI,1.427923000255611,0.5145628305156198,0.9133601697399931,0.6941734058559698,0.5673155438052042,0.03734798746871156,0.7639886762590637,0.11995076919634795,0.0016853493792315499,0.11826541981711639
Pooled,rho_20,ramp,AgACI,1.428009674251243,0.5392390601030276,0.8887706141482199,0.7102628943709445,0.5950416444652121,0.10364057052907599,0.7501519259287195,0.1436910298885116,0.007400724975595192,0.13629030491291644
Pooled,rho_20,ramp,CART,1.4128006431336946,0.4514194548713609,0.9613811882623351,0.6391929640470373,0.496367930721769,0.18943940474375703,0.6234208959962206,0.11040251743376717,0.016692825657864847,0.09370969177590234
Pooled,rho_20,ramp,CLARA,1.3457774853619284,0.5102045761473334,0.8355729092145965,0.7051843175984555,0.5624186287846582,0.058752970651023306,0.7810728899222148,0.13720385834187665,0.00259616485424385,0.13460769348763282
Pooled,rho_20,ramp,CLARA_cost_update,1.3486144758553604,0.5106597262898132,0.8379547495655488,0.7035178640769033,0.5629300334391298,0.062253703759732694,0.7733886051160853,0.13603105510683128,0.002932129544433557,0.13309892556239772
Pooled,rho_20,ramp,CLARA_coverage_update,1.351127867478219,0.5096056657241901,0.8415222017540306,0.7024086919387651,0.5617456957249467,0.05661126177775018,0.7840776072746982,0.13437877785497637,0.0025608651661253356,0.131817912688851
Pooled,rho_20,ramp,CLARA_frozen,1.3528301782042673,0.5073005768457761,0.8455296013584921,0.6991795088786223,0.5591557082211112,0.06274586865576329,0.7714468987982765,0.13299885283189003,0.003079812650098608,0.12991904018179143
Pooled,rho_20,ramp,EEE,1.4787534763530026,0.43860193924273966,1.0401515371102628,0.5878872254717469,0.48196622776826237,0.1851961648971262,0.5781666030945078,0.0819100195252851,0.016420505872420596,0.06548951365286453
Pooled,rho_20,ramp,EnbPI-RH,1.766673835978073,0.35952647284825184,1.4071473631298215,0.5169755779317571,0.3931173891227698,0.3102673805683115,0.3451293100062458,0.057632925393067025,0.026560064919652418,0.03107286047341462
Pooled,rho_20,ramp,LinUCB,1.3757369851326546,0.5011607268725685,0.8745762582600871,0.6885723976770546,0.552257000386046,0.11482951903951276,0.7223167573293998,0.1335442893672513,0.008596297513563132,0.1249479918536882
Pooled,rho_20,ramp,Static,1.8805364007737175,0.34107939350406513,1.5394570072696527,0.48749460771107317,0.372390333679863,0.45413167288226686,0.3161622645987916,0.07847991290459544,0.050520456608908415,0.02795945629568701
Pooled,rho_20,ramp,TSC,1.3466141023933433,0.5283744842763719,0.8182396181169722,0.7139585989778408,0.5828342558959372,0.024174325924246922,0.8303362436809587,0.13796626151111963,0.000902175187213425,0.1370640863239062
Pooled,rho_reference,ordinary,ACI,0.55355900068026,0.40331569502088016,0.15024330565937963,0.7316296194035893,0.4498982622353699,0.03131521549289213,0.7982357006645403,0.13105641775958418,0.0013526364935639076,0.12970378126602028
Pooled,rho_reference,ordinary,AgACI,0.5726290264138809,0.42394145190292726,0.14868757451095355,0.7384196473271774,0.4730732699680066,0.08812099314975781,0.7815026062959605,0.15212961922792326,0.006287842664262424,0.14584177656366085
Pooled,rho_reference,ordinary,CART,0.49506604473100235,0.33457392407337916,0.16049212065762325,0.7010167409727528,0.37266031735053873,0.18275363953331217,0.627618827279823,0.11186829792858285,0.015190721848201468,0.0966775760803814
Pooled,rho_reference,ordinary,CLARA,0.4888017017158523,0.33951625747593195,0.14928544423992057,0.719153829856344,0.37821350094891315,0.08007993768747279,0.7249049940212013,0.118613270024808,0.00442516384120062,0.11418810618360739
Pooled,rho_reference,ordinary,CLARA_cost_update,0.4913070462867454,0.3423790835048014,0.14892796278194426,0.7175264007369666,0.3814301594083171,0.08883145423216664,0.7167927142518362,0.11873114949017698,0.005566542347753185,0.11316460714242381
Pooled,rho_reference,ordinary,CLARA_coverage_update,0.4953685535118668,0.3458838241976975,0.14948472931416956,0.7201431837893271,0.3853680702992116,0.07095841699429341,0.7430082353166416,0.11905521091297042,0.004003660388779878,0.11505155052419053
Pooled,rho_reference,ordinary,CLARA_frozen,0.49550146561058206,0.34568609226902125,0.14981537334156092,0.7178644567441574,0.3851458995928339,0.08514285378896802,0.7247948643105179,0.1182345337675414,0.005331717395014021,0.11290281637252739
Pooled,rho_reference,ordinary,EEE,0.5012480149924886,0.35570602183783007,0.1455419931546586,0.7002193604260949,0.3964042474229566,0.14422571510011037,0.653439403637309,0.09263996980472397,0.012613262328792677,0.0800267074759313
Pooled,rho_reference,ordinary,EnbPI-RH,0.4854935658270496,0.30225870419417744,0.1832348616328721,0.665784510225353,0.33635108153121185,0.23679510895551725,0.4437685890226605,0.06277949055518633,0.01977773849415285,0.043001752061033544
Pooled,rho_reference,ordinary,LinUCB,0.4910951871955706,0.328715233904632,0.16237995329093852,0.6942009122365455,0.3660775194081269,0.15239501554764578,0.6079525141404452,0.09876485317593775,0.012583618145266463,0.08618123503067131
Pooled,rho_reference,ordinary,Static,0.48979702422272575,0.29330823623334,0.19648878798938618,0.6529364516066956,0.3262943759572371,0.3362078209522328,0.4245904902335052,0.07806318221895432,0.035947347884188144,0.04211583433476616
Pooled,rho_reference,ordinary,TSC,0.49528246850124025,0.3309989939232892,0.16428347457795123,0.6961280733279516,0.3686435419009998,0.1091268752715789,0.559429992696574,0.08951808871366947,0.006415556002753216,0.08310253271091624
Pooled,rho_reference,overall,ACI,0.6443880202520911,0.43803968737444554,0.20634833287763854,0.7096508367709821,0.4830145343776532,0.034404622661861325,0.7877800656395488,0.12773430033168728,0.0015154539507167212,0.12621884638097056
Pooled,rho_reference,overall,AgACI,0.6615256364415898,0.4580148379982173,0.2035107984433614,0.720330092514462,0.5054585238425691,0.09473473110802151,0.7715089874956499,0.14986746202580314,0.006876333833044547,0.1429911281927586
Pooled,rho_reference,overall,CART,0.5929213942925213,0.36983019008385165,0.22309120420866818,0.6611539408782383,0.4063746497814805,0.19988051127651235,0.6080076362048745,0.10988515932939652,0.017515928032400423,0.09236923129699603
Pooled,rho_reference,overall,CLARA,0.591981759930403,0.3864878692329541,0.20549389069744606,0.6907782711772523,0.42509114320743957,0.08740987130122138,0.7083126587467253,0.11477982082230359,0.004921005951163801,0.10985881487113977
Pooled,rho_reference,overall,CLARA_cost_update,0.5938475983822964,0.38876873893759356,0.20507885944470045,0.6885449863980146,0.4276539181564719,0.09732049406294202,0.699639998193117,0.11501262402200332,0.0061790645223169785,0.10883355949968632
Pooled,rho_reference,overall,CLARA_coverage_update,0.5970341747204042,0.3918498809319059,0.2051842937884955,0.6920162125612102,0.4311158754534521,0.07906538157771915,0.7250501547252175,0.11518900738721877,0.004537647875437133,0.1106513595117816
Pooled,rho_reference,overall,CLARA_frozen,0.5968588743529127,0.3912149385408772,0.20564393581203322,0.6882697889029719,0.43040245703656543,0.09440112889021696,0.7062598619795547,0.11447284667820229,0.006049558826863426,0.10842328785133881
Pooled,rho_reference,overall,EEE,0.6007609987677749,0.38265337784734504,0.21810762092042973,0.6481482747423352,0.42078272592023835,0.1644427062175338,0.6266165990367341,0.09008249305039273,0.015077229840903865,0.07500526320948887
Pooled,rho_reference,overall,EnbPI-RH,0.603015202470363,0.3237849016561809,0.2792303008141819,0.6028038669377247,0.35463837064926707,0.2649050406087175,0.41173247204095453,0.06161922715017493,0.02277965356287994,0.03883957358729491
Pooled,rho_reference,overall,LinUCB,0.5935599680726298,0.36384975290184685,0.22971021517078236,0.653805842113047,0.3996550574421498,0.1697054922564673,0.5884904596006711,0.09715984600461976,0.014582581263450432,0.08257726474116928
Pooled,rho_reference,overall,Static,0.6174331838521734,0.31077408436053944,0.30665909949163406,0.583945879480388,0.34001947481146666,0.3762787076688991,0.3884510797860836,0.07953200521190001,0.042127123494118415,0.03740488171778141
Pooled,rho_reference,overall,TSC,0.5938536182261553,0.365398438283429,0.2284551799427248,0.6570479175364,0.4013951533765106,0.12204958739289509,0.5388406532123198,0.08686977760070981,0.007513385801510943,0.07935639179919887
Pooled,rho_reference,ramp,ACI,0.7711246759482042,0.5145628305156198,0.2565618454325823,0.6941734058559698,0.5673155438052042,0.03734798746871156,0.7639886762590637,0.11995076919634795,0.0016853493792315499,0.11826541981711639
Pooled,rho_reference,ramp,AgACI,0.7888937269985976,0.5392390601030276,0.24965466689556737,0.7102628943709445,0.5950416444652121,0.10364057052907599,0.7501519259287195,0.1436910298885116,0.007400724975595192,0.13629030491291644
Pooled,rho_reference,ramp,CART,0.7209311486657957,0.43376158239501905,0.28716956627077556,0.6145971064328899,0.4765276245685757,0.23728466663894526,0.5680102824998741,0.104669846883791,0.020936538073150025,0.08373330881064096
Pooled,rho_reference,ramp,CLARA,0.7266696898085627,0.4641613530768739,0.26250833673168744,0.6544745165798436,0.5106846702785246,0.10101168600297418,0.6729776641193652,0.10665906674985895,0.005589385001557639,0.10106968174830133
Pooled,rho_reference,ramp,CLARA_cost_update,0.7269692158418211,0.46453135554686165,0.26243786029495764,0.6516546948459894,0.5111004033908704,0.11377975661439252,0.6650292826461623,0.10710631407943098,0.006863758672515306,0.10024255540691568
Pooled,rho_reference,ramp,CLARA_coverage_update,0.7301612625883607,0.46829579459620735,0.26186546799215177,0.655465335291346,0.515330110187888,0.09380694884437693,0.6835312971077416,0.10683120007868475,0.00525827556349207,0.10157292451519268
Pooled,rho_reference,ramp,CLARA_frozen,0.7288577984041096,0.46552763167833866,0.2633301667257691,0.6495718364051002,0.5122198147745525,0.11226396247690583,0.6670816187940108,0.10642071721095345,0.006876068527987656,0.09954464868296581
Pooled,rho_reference,ramp,EEE,0.7307793373074205,0.43860193924273966,0.29217739806468046,0.5878872254717469,0.48196622776826237,0.1851961648971262,0.5781666030945078,0.0819100195252851,0.016420505872420596,0.06548951365286453
Pooled,rho_reference,ramp,EnbPI-RH,0.754792586086966,0.35952647284825184,0.39526611323871375,0.5169755779317571,0.3931173891227698,0.3102673805683115,0.3451293100062458,0.057632925393067025,0.026560064919652418,0.03107286047341462
Pooled,rho_reference,ramp,LinUCB,0.7283189565571928,0.4312549490124734,0.29706400754471834,0.6054204557679641,0.4737111825657153,0.20162557572341405,0.5484863739653767,0.09175599764195663,0.017151398785310103,0.07460459885664653
Pooled,rho_reference,ramp,Static,0.7735111371191368,0.34107939350406513,0.43243174361507086,0.48749460771107317,0.372390333679863,0.45413167288226686,0.3161622645987916,0.07847991290459544,0.050520456608908415,0.02795945629568701
Pooled,rho_reference,ramp,TSC,0.7256099728431834,0.4269835656283515,0.29862640721483086,0.6048955044756494,0.4689118753925443,0.13970450968949827,0.5091825237930052,0.08132771295464697,0.008629822507080108,0.07269789044756686
